source,target,type,weight
ACVR1,MAPK11,gene-gene,0.203710966
ACVR1,MAPK13,gene-gene,0.208021378
ACVR1,MAPK14,gene-gene,0.38229657
ACVR1,MAPK3,gene-gene,0.2042675759999999
ADRA1A,PRKAG1,gene-gene,0.2356134959999999
AGAP2,PIK3CB,gene-gene,0.256235604
AGAP2,PIK3R1,gene-gene,0.31138803
AGAP2,PIK3R3,gene-gene,0.3145221676
AGER,PIK3CB,gene-gene,0.2705096588
AGER,PIK3CD,gene-gene,0.283594849
AGER,PIK3R1,gene-gene,0.205527051
AGER,PLCB1,gene-gene,0.2106427759999999
AGER,PLCB2,gene-gene,0.272174344
AKT1,AKT1S1,gene-gene,0.416099582
AKT1,ATF2,gene-gene,0.503267542
AKT1,ATF4,gene-gene,0.323667786
AKT1,ATF6B,gene-gene,0.337602354
AKT1,BCL2,gene-gene,0.463971772
AKT1,CDKN1A,gene-gene,0.326515306
AKT1,CHUK,gene-gene,0.398109506
AKT1,CREB3,gene-gene,0.292714824
AKT1,CREB3L1,gene-gene,0.354652684
AKT1,CREB3L2,gene-gene,0.3399762679999999
AKT1,CREB3L3,gene-gene,0.374929242
AKT1,CREB3L4,gene-gene,0.518600874
AKT1,CREB5,gene-gene,0.4019062639999999
AKT1,FOXO1,gene-gene,0.3731317779999999
AKT1,FOXO3,gene-gene,0.23218291
AKT1,IKBKB,gene-gene,0.265499088
AKT1,MAP2K4,gene-gene,0.2883053268
AKT1,MAP3K5,gene-gene,0.244972446
AKT1,MAPK1,gene-gene,0.3033241
AKT1,MAPK3,gene-gene,0.255216976
AKT1,MDM2,gene-gene,0.265939248
AKT1,MTOR,gene-gene,0.4299946979999999
AKT1,NFKB1,gene-gene,0.484158094
AKT1,NFKBIA,gene-gene,0.2550345719999999
AKT1,NFKBIB,gene-gene,0.2295801334
AKT1,NFKBIE,gene-gene,0.251765486
AKT1,NOS2,gene-gene,0.3474844499999999
AKT1,NOS3,gene-gene,0.2475201079999999
AKT1,NR4A1,gene-gene,0.319735466
AKT1,PDE3B,gene-gene,0.254657579
AKT1,PPP1CA,gene-gene,0.233699182
AKT1,PPP1R3B,gene-gene,0.2283574481999999
AKT1,RAF1,gene-gene,0.286668416
AKT1,RELA,gene-gene,0.358661138
AKT1,TSC2,gene-gene,0.208998536
AKT1S1,EIF4EBP1,gene-gene,0.216360076
AKT1S1,MTOR,gene-gene,0.420930756
AKT1S1,PPARG,gene-gene,0.276104346
AKT1S1,RPS6KB1,gene-gene,0.28492368
AKT1S1,RPS6KB2,gene-gene,0.359758946
AKT1S1,RPTOR,gene-gene,0.347240858
AKT1S1,ULK1,gene-gene,0.346021814
AKT2,AKT1S1,gene-gene,0.39763004
AKT2,ATF2,gene-gene,0.315931382
AKT2,ATF4,gene-gene,0.281529828
AKT2,ATF6B,gene-gene,0.3590543419999999
AKT2,BAD,gene-gene,0.2303090099999999
AKT2,BCL2,gene-gene,0.570408912
AKT2,BRCA1,gene-gene,0.2506787698
AKT2,CDKN1A,gene-gene,0.2066225219999999
AKT2,CHUK,gene-gene,0.356258362
AKT2,CREB1,gene-gene,0.369155372
AKT2,CREB3,gene-gene,0.232395764
AKT2,CREB3L1,gene-gene,0.268484326
AKT2,CREB3L2,gene-gene,0.380982938
AKT2,CREB3L3,gene-gene,0.280500266
AKT2,CREB3L4,gene-gene,0.32668891
AKT2,CREB5,gene-gene,0.461977658
AKT2,GSK3B,gene-gene,0.2432694672
AKT2,IKBKB,gene-gene,0.2583962979999999
AKT2,MAP3K5,gene-gene,0.244335482
AKT2,MAP3K8,gene-gene,0.253000978
AKT2,MAPK1,gene-gene,0.552776732
AKT2,MAPK3,gene-gene,0.229975378
AKT2,MDM2,gene-gene,0.2152999252
AKT2,MTOR,gene-gene,0.7031578059999999
AKT2,NFKB1,gene-gene,0.56410736
AKT2,NFKBIA,gene-gene,0.2176433847999999
AKT2,NFKBIB,gene-gene,0.282564404
AKT2,NFKBIE,gene-gene,0.28488327
AKT2,NOS3,gene-gene,0.2075811825999999
AKT2,NR4A1,gene-gene,0.2732487448
AKT2,PPP1CA,gene-gene,0.2139025779999999
AKT2,PPP1CB,gene-gene,0.2066980149999999
AKT2,PPP1CC,gene-gene,0.2208188267999999
AKT2,PPP1R3B,gene-gene,0.208845328
AKT2,RELA,gene-gene,0.252244476
AKT2,TBC1D7,gene-gene,0.241296496
AKT2,TSC1,gene-gene,0.2015983079999999
AKT3,AKT1S1,gene-gene,0.2648347279999999
AKT3,ATF2,gene-gene,0.242889842
AKT3,ATF4,gene-gene,0.260950464
AKT3,ATF6B,gene-gene,0.2842655859999999
AKT3,BAD,gene-gene,0.31645871
AKT3,BCL2,gene-gene,0.6080555679999999
AKT3,CDKN1A,gene-gene,0.2768327568
AKT3,CDKN1B,gene-gene,0.2115904778
AKT3,CHUK,gene-gene,0.251002688
AKT3,CREB1,gene-gene,0.3722593774
AKT3,CREB3,gene-gene,0.3600563659999999
AKT3,CREB3L2,gene-gene,0.2066338532
AKT3,CREB3L3,gene-gene,0.301753866
AKT3,CREB3L4,gene-gene,0.290004068
AKT3,CREB5,gene-gene,0.232998964
AKT3,FOXO1,gene-gene,0.258014446
AKT3,FOXO3,gene-gene,0.244151728
AKT3,IKBKB,gene-gene,0.356676846
AKT3,MAP2K4,gene-gene,0.276402628
AKT3,MAP3K5,gene-gene,0.2704530212
AKT3,MAP3K8,gene-gene,0.2694564151999999
AKT3,MAPK1,gene-gene,0.2980757128
AKT3,MAPK3,gene-gene,0.3912044879999999
AKT3,MTOR,gene-gene,0.647370894
AKT3,NFKB1,gene-gene,0.563206824
AKT3,NFKBIB,gene-gene,0.2274214918
AKT3,NFKBIE,gene-gene,0.2900518019999999
AKT3,NOS2,gene-gene,0.316474742
AKT3,NOS3,gene-gene,0.2484838198
AKT3,PDE3B,gene-gene,0.212500848
AKT3,RAF1,gene-gene,0.325879888
AKT3,RELA,gene-gene,0.2899861259999999
AKT3,TBC1D7,gene-gene,0.2199099
AMH,BMPR1B,gene-gene,0.2125243939999999
ANGPT1,CSF1R,gene-gene,0.208765192
ANGPT1,EGFR,gene-gene,0.339007874
ANGPT1,EPHA2,gene-gene,0.4985988239999999
ANGPT1,ERBB2,gene-gene,0.282392934
ANGPT1,ERBB3,gene-gene,0.2877335682
ANGPT1,ERBB4,gene-gene,0.338851046
ANGPT1,FGFR1,gene-gene,0.325516524
ANGPT1,FGFR2,gene-gene,0.534656404
ANGPT1,FGFR3,gene-gene,0.2461169088
ANGPT1,FGFR4,gene-gene,0.323376228
ANGPT1,FLT1,gene-gene,0.267861578
ANGPT1,FLT3,gene-gene,0.3322525859999999
ANGPT1,FLT4,gene-gene,0.323573976
ANGPT1,IGF1R,gene-gene,0.368276146
ANGPT1,INSR,gene-gene,0.21487356
ANGPT1,KDR,gene-gene,0.364151176
ANGPT1,KIT,gene-gene,0.384639964
ANGPT1,MET,gene-gene,0.355894638
ANGPT1,NGFR,gene-gene,0.2481078259999999
ANGPT1,NTRK1,gene-gene,0.23622763
ANGPT1,NTRK2,gene-gene,0.263953946
ANGPT1,PDGFRA,gene-gene,0.267419788
ANGPT1,PDGFRB,gene-gene,0.367343912
ANGPT1,TEK,gene-gene,0.22638703
ANGPT2,CSF1R,gene-gene,0.200834632
ANGPT2,EGFR,gene-gene,0.230620952
ANGPT2,EPHA2,gene-gene,0.502813514
ANGPT2,ERBB2,gene-gene,0.393798856
ANGPT2,ERBB3,gene-gene,0.24522918
ANGPT2,ERBB4,gene-gene,0.252655422
ANGPT2,FGFR1,gene-gene,0.257885861
ANGPT2,FGFR2,gene-gene,0.304828366
ANGPT2,FGFR3,gene-gene,0.2209754719999999
ANGPT2,FGFR4,gene-gene,0.323671522
ANGPT2,FLT1,gene-gene,0.260702126
ANGPT2,FLT3,gene-gene,0.220998912
ANGPT2,FLT4,gene-gene,0.250154361
ANGPT2,IGF1R,gene-gene,0.2410274
ANGPT2,INSR,gene-gene,0.347027202
ANGPT2,KIT,gene-gene,0.42310767
ANGPT2,NTRK1,gene-gene,0.2566284032
ANGPT2,NTRK2,gene-gene,0.2689322392
ANGPT2,PDGFRB,gene-gene,0.4878623359999999
ANGPT2,TEK,gene-gene,0.2616807352
ANGPT4,EGFR,gene-gene,0.3841545739999999
ANGPT4,EPHA2,gene-gene,0.413573894
ANGPT4,ERBB2,gene-gene,0.282039404
ANGPT4,ERBB3,gene-gene,0.240271574
ANGPT4,ERBB4,gene-gene,0.2049754402
ANGPT4,FGFR1,gene-gene,0.237617922
ANGPT4,FGFR2,gene-gene,0.4028632499999999
ANGPT4,FGFR3,gene-gene,0.235656504
ANGPT4,FLT1,gene-gene,0.304786817
ANGPT4,FLT3,gene-gene,0.2061053942
ANGPT4,FLT4,gene-gene,0.25910968
ANGPT4,IGF1R,gene-gene,0.2663168132
ANGPT4,KDR,gene-gene,0.292875826
ANGPT4,KIT,gene-gene,0.417909618
ANGPT4,MET,gene-gene,0.2935089979999999
ANGPT4,NTRK1,gene-gene,0.242221662
ANGPT4,NTRK2,gene-gene,0.279622436
ANGPT4,PDGFRA,gene-gene,0.3770477324
ANGPT4,PDGFRB,gene-gene,0.363944764
AREG,CSF1R,gene-gene,0.274355287
AREG,EGFR,gene-gene,0.329795682
AREG,EPHA2,gene-gene,0.48501423
AREG,ERBB2,gene-gene,0.3072291159999999
AREG,ERBB3,gene-gene,0.2259654905999999
AREG,FGFR1,gene-gene,0.296879638
AREG,FGFR2,gene-gene,0.684996234
AREG,FGFR3,gene-gene,0.331087116
AREG,FGFR4,gene-gene,0.314655226
AREG,FLT1,gene-gene,0.315632502
AREG,FLT3,gene-gene,0.303746818
AREG,FLT4,gene-gene,0.270546566
AREG,IGF1R,gene-gene,0.3048133768
AREG,KDR,gene-gene,0.259677716
AREG,KIT,gene-gene,0.4710435659999999
AREG,MET,gene-gene,0.209907145
AREG,NGFR,gene-gene,0.34571783
AREG,NTRK1,gene-gene,0.3420849099999999
AREG,NTRK2,gene-gene,0.367801866
AREG,PDGFRA,gene-gene,0.2489473554
AREG,PDGFRB,gene-gene,0.387995674
AREG,TEK,gene-gene,0.280815838
ARNT,ALDOB,gene-gene,0.21447064
ARNT,ANGPT2,gene-gene,0.3191036892
ARNT,ANGPT4,gene-gene,0.2864025328
ARNT,BCL2,gene-gene,0.3720037539999999
ARNT,CDKN1A,gene-gene,0.278355318
ARNT,CDKN1B,gene-gene,0.210629088
ARNT,EDN1,gene-gene,0.208013748
ARNT,EGF,gene-gene,0.200542009
ARNT,EPO,gene-gene,0.286630056
ARNT,FLT1,gene-gene,0.2893979
ARNT,GAPDH,gene-gene,0.2194031148
ARNT,HK2,gene-gene,0.2212237598
ARNT,NOS3,gene-gene,0.2306791976
ARNT,PDK1,gene-gene,0.323925606
ARNT,PFKM,gene-gene,0.200320814772
ARNT,SERPINE1,gene-gene,0.214414412
ARNT,SLC2A1,gene-gene,0.2148396914
ARNT,TEK,gene-gene,0.2240300949999999
ARNT,TF,gene-gene,0.208879242
ARNT,VEGFA,gene-gene,0.266434318
ARRB2,GLI1,gene-gene,0.211435986
ATF2,ATF4,gene-gene,0.278689034
ATF2,BCL2,gene-gene,0.5055552480000001
ATF2,CPT1A,gene-gene,0.334676818
ATF2,CPT1B,gene-gene,0.274672792
ATF2,CPT1C,gene-gene,0.204429292
ATF2,CREB3L1,gene-gene,0.310912652
ATF2,CREB3L2,gene-gene,0.24941024
ATF2,CREB3L3,gene-gene,0.3757421911999999
ATF2,CREB3L4,gene-gene,0.362918337
ATF2,CREB5,gene-gene,0.338455586
ATF2,CREBBP,gene-gene,0.3972395019999999
ATF2,CRTC2,gene-gene,0.26281917
ATF2,EP300,gene-gene,0.46375147
ATF2,MCL1,gene-gene,0.264216312
ATF2,PCK1,gene-gene,0.22596281
ATF2,VEGFA,gene-gene,0.369054634
ATF2,VEGFB,gene-gene,0.278014592
ATF2,VEGFC,gene-gene,0.299622182
ATF4,BCL2,gene-gene,0.4601739459999999
ATF4,CPT1A,gene-gene,0.2346426632
ATF4,CPT1B,gene-gene,0.423641138
ATF4,CPT1C,gene-gene,0.2770383092
ATF4,CREB3L1,gene-gene,0.382865636
ATF4,CREB3L3,gene-gene,0.2582385754
ATF4,CREB5,gene-gene,0.22587448
ATF4,PCK1,gene-gene,0.267361102
ATF4,VEGFA,gene-gene,0.2511564479
ATF4,VEGFB,gene-gene,0.3431184172
ATF6B,BCL2,gene-gene,0.401868262
ATF6B,MCL1,gene-gene,0.26853305
ATF6B,VEGFA,gene-gene,0.358048286
ATF6B,VEGFB,gene-gene,0.224922408
ATF6B,VEGFC,gene-gene,0.273420042
ATR,TP53,gene-gene,0.2079458174
AVPR1A,PLCB4,gene-gene,0.288621592
AVPR1B,PLCB3,gene-gene,0.2349983572
BAD,BCL2,gene-gene,0.672153918
BAD,BCL2L1,gene-gene,0.200202372
BAX,CASP3,gene-gene,0.290671658
BBC3,TP53,gene-gene,0.227253204
BCL10,CHUK,gene-gene,0.3059730619999999
BCL10,IKBKB,gene-gene,0.283437476
BCL10,MAPK11,gene-gene,0.2232042639999999
BCL10,MAPK13,gene-gene,0.255353968
BCL10,MAPK14,gene-gene,0.476722222
BCL10,MAPK3,gene-gene,0.221522746
BCL10,MAPK8,gene-gene,0.208729855
BCL10,PIK3CA,gene-gene,0.227052062
BCL10,PIK3CB,gene-gene,0.308213392
BCL10,PIK3R3,gene-gene,0.273583884
BCL2,BAX,gene-gene,0.496244806
BCL2,CASP3,gene-gene,0.661985792
BCL2,NLRP1,gene-gene,0.475333758
BCL2,TP53,gene-gene,0.53686379
BCL2L1,BAX,gene-gene,0.302183512
BCL2L1,NLRP1,gene-gene,0.328633128
BCL3,NFKB1,gene-gene,0.452180978
BDNF,CSF1R,gene-gene,0.2173780308
BDNF,EGFR,gene-gene,0.368107534
BDNF,EPHA2,gene-gene,0.4234457319999999
BDNF,ERBB2,gene-gene,0.228360292
BDNF,FGFR1,gene-gene,0.2362084911999999
BDNF,FGFR2,gene-gene,0.506206268
BDNF,FGFR3,gene-gene,0.249797694
BDNF,FLT1,gene-gene,0.464162572
BDNF,FLT3,gene-gene,0.235772652
BDNF,FLT4,gene-gene,0.285127132
BDNF,IGF1R,gene-gene,0.263108976
BDNF,INSR,gene-gene,0.336742051
BDNF,KDR,gene-gene,0.275417979
BDNF,KIT,gene-gene,0.503398546
BDNF,MET,gene-gene,0.24756202
BDNF,NGFR,gene-gene,0.3078886503999999
BDNF,NTRK1,gene-gene,0.260565432
BDNF,NTRK2,gene-gene,0.338413268
BDNF,PDGFRA,gene-gene,0.2447103487999999
BDNF,PDGFRB,gene-gene,0.4971118419999999
BDNF,TEK,gene-gene,0.23468352
BMPR1A,MAPK1,gene-gene,0.3346580796
BMPR1A,MAPK14,gene-gene,0.597290028
BMPR1A,MAPK3,gene-gene,0.2920286179999999
BMPR1B,MAPK1,gene-gene,0.345294546
BMPR1B,MAPK11,gene-gene,0.262252298
BMPR1B,MAPK12,gene-gene,0.2012830709999999
BMPR1B,MAPK14,gene-gene,0.34706683
BMPR1B,MAPK3,gene-gene,0.2637876484
BMPR2,MAPK14,gene-gene,0.4051371599999999
BMPR2,MAPK3,gene-gene,0.22904881
BTC,EGFR,gene-gene,0.2549516236
BTC,ERBB4,gene-gene,0.2473911359999999
CAB39,PRKAB2,gene-gene,0.259430898
CAB39L,PRKAA2,gene-gene,0.228829492
CALM3,CAMK4,gene-gene,0.287549681
CAMK2A,CREBBP,gene-gene,0.2219015754
CAMK2B,CREBBP,gene-gene,0.233051932
CAMK2B,EP300,gene-gene,0.2058160878
CAMK2D,EP300,gene-gene,0.24730449
CAMK2G,EP300,gene-gene,0.3486566576
CAMK4,ADCY1,gene-gene,0.229835288
CAMK4,HDAC4,gene-gene,0.345009294
CAMK4,PDE4A,gene-gene,0.2109384534
CAMKK2,PRKAG2,gene-gene,0.2117205082
CARD9,MAPK1,gene-gene,0.2077388788
CARD9,MAPK12,gene-gene,0.2061104585399999
CARD9,MAPK13,gene-gene,0.2937936667999999
CARD9,MAPK14,gene-gene,0.411262028
CARD9,MAPK3,gene-gene,0.219289366
CARD9,MAPK8,gene-gene,0.2226308399999999
CARD9,PIK3CB,gene-gene,0.296357738
CARD9,PIK3CD,gene-gene,0.3151063086
CARD9,PIK3R2,gene-gene,0.2474828654
CASP3,MAP3K1,gene-gene,0.383180614
CASP3,PAK2,gene-gene,0.242828258
CASP3,STK3,gene-gene,0.3304995028
CASP3,STK4,gene-gene,0.227466002
CASP8,CASP3,gene-gene,0.214080998
CASP8,CHUK,gene-gene,0.245326482
CASP8,IKBKB,gene-gene,0.238295446
CBLB,FYN,gene-gene,0.4232969279999999
CBLB,LCK,gene-gene,0.418248102
CBLB,ZAP70,gene-gene,0.301678474
CCND1,CCND2,gene-gene,0.310245136
CCND1,CCND3,gene-gene,0.2489720329999999
CCND3,CCNE2,gene-gene,0.2019682608
CCR3,GNAI2,gene-gene,0.201600092
CD19,PIK3CA,gene-gene,0.23753899
CD19,PIK3CD,gene-gene,0.3119773972
CD19,PIK3R3,gene-gene,0.2450193876
CD28,PIK3CB,gene-gene,0.2388757319999999
CD28,PIK3CD,gene-gene,0.2962567014
CD28,PIK3R1,gene-gene,0.227694558
CD3E,FYN,gene-gene,0.40084374
CD4,LCK,gene-gene,0.482371468
CD8A,LCK,gene-gene,0.464712084
CD8B,LCK,gene-gene,0.300340712
CDC37,AKT1,gene-gene,0.2667232927999999
CDC37,AKT3,gene-gene,0.2163856519999999
CDC42,ACTB,gene-gene,0.215725728
CDC42,MAPK10,gene-gene,0.2126845296
CDC42,MAPK11,gene-gene,0.281727954
CDC42,MAPK14,gene-gene,0.51379611
CDK4,CCND1,gene-gene,0.206859802
CDKN1A,CCNE1,gene-gene,0.2146369791999999
CEBPB,CSF2,gene-gene,0.267045217
CEBPB,CSF3,gene-gene,0.302625652
CEBPB,CXCL1,gene-gene,0.2481530968
CEBPB,CXCL2,gene-gene,0.284899938
CEBPB,CXCL6,gene-gene,0.2246322448
CEBPB,CXCL8,gene-gene,0.352581992
CEBPB,DEFB4A,gene-gene,0.2770831649999999
CEBPB,DEFB4B,gene-gene,0.333163918
CEBPB,IL6,gene-gene,0.29006077
CEBPB,MMP1,gene-gene,0.27932587
CEBPB,MMP13,gene-gene,0.278336702
CEBPB,MMP9,gene-gene,0.28301961
CEBPB,MUC5B,gene-gene,0.2073878912
CEBPB,PTGS2,gene-gene,0.684537492
CEBPB,S100A8,gene-gene,0.233634902
CEBPB,S100A9,gene-gene,0.27345326
CEBPB,TNF,gene-gene,0.2916559834
CHEK1,TP53,gene-gene,0.2392465932
CHEK2,TP53,gene-gene,0.2519593631
CHUK,FOXO1,gene-gene,0.250672086
CHUK,FOXO3,gene-gene,0.2239540863999999
CHUK,IRS1,gene-gene,0.373764662
CHUK,IRS2,gene-gene,0.294665996
CHUK,MTOR,gene-gene,0.549180452
CHUK,NFKB1,gene-gene,0.547823316
CHUK,NFKB2,gene-gene,0.320443676
CHUK,PTEN,gene-gene,0.228837915
CHUK,RELA,gene-gene,0.3334427789999999
CIR1,NCOR2,gene-gene,0.2788563659999999
CIR1,RBPJL,gene-gene,0.2917105989999999
CISH,STAT1,gene-gene,0.370247116
CISH,STAT2,gene-gene,0.337306672
CISH,STAT4,gene-gene,0.246545148
CISH,STAT5A,gene-gene,0.302823688
CISH,STAT5B,gene-gene,0.671048722
CISH,STAT6,gene-gene,0.282416388
CNR1,GNAO1,gene-gene,0.235113317
CNTF,EGFR,gene-gene,0.2104116128
CNTF,PDGFRB,gene-gene,0.405925934
CREB1,ATF2,gene-gene,0.32831296
CREB1,BCL2,gene-gene,0.427697662
CREB1,BDNF,gene-gene,0.387505128
CREB1,CPT1A,gene-gene,0.24479845
CREB1,CPT1C,gene-gene,0.21841664
CREB1,CREB3L1,gene-gene,0.329708362
CREB1,CREB3L2,gene-gene,0.3016936659999999
CREB1,CREB3L3,gene-gene,0.284464964
CREB1,CREB3L4,gene-gene,0.327289334
CREB1,CREB5,gene-gene,0.281303344
CREB1,CREBBP,gene-gene,0.300241096
CREB1,EP300,gene-gene,0.358804636
CREB1,FOS,gene-gene,0.261275598
CREB1,MCL1,gene-gene,0.2173177248
CREB1,VEGFA,gene-gene,0.3931552379999999
CREB1,VEGFB,gene-gene,0.2194162989999999
CREB1,VEGFC,gene-gene,0.2255435972
CREB3,ATF2,gene-gene,0.313045156
CREB3,ATF4,gene-gene,0.3044738939999999
CREB3,BCL2,gene-gene,0.5488570279999999
CREB3,BDNF,gene-gene,0.43355602
CREB3,CPT1A,gene-gene,0.311455554
CREB3,CPT1C,gene-gene,0.272779752
CREB3,CREB1,gene-gene,0.339649859
CREB3,CREB3L1,gene-gene,0.238335054
CREB3,CREB3L2,gene-gene,0.24002343
CREB3,CREB3L3,gene-gene,0.20781204
CREB3,CREB3L4,gene-gene,0.352811854
CREB3,CREBBP,gene-gene,0.2297051071999999
CREB3,EP300,gene-gene,0.413073498
CREB3,FOS,gene-gene,0.338122008
CREB3,JUN,gene-gene,0.3096837624
CREB3,MCL1,gene-gene,0.326541484
CREB3,PCK1,gene-gene,0.2198996774
CREB3,PCK2,gene-gene,0.2341137594
CREB3,VEGFA,gene-gene,0.32328599
CREB3,VEGFB,gene-gene,0.2721093626
CREB3L1,BCL2,gene-gene,0.621413188
CREB3L1,BDNF,gene-gene,0.451738946
CREB3L1,CPT1A,gene-gene,0.27106171
CREB3L1,CPT1C,gene-gene,0.213216238
CREB3L1,CREB5,gene-gene,0.261240372
CREB3L1,FOS,gene-gene,0.274976464
CREB3L1,G6PC2,gene-gene,0.2178266355999999
CREB3L1,JUN,gene-gene,0.328649302
CREB3L1,PCK1,gene-gene,0.24315234
CREB3L1,PCK2,gene-gene,0.20823461
CREB3L1,VEGFA,gene-gene,0.2673164877999999
CREB3L1,VEGFB,gene-gene,0.284950484
CREB3L1,VEGFC,gene-gene,0.323867794
CREB3L2,BCL2,gene-gene,0.4964684199999999
CREB3L2,BDNF,gene-gene,0.38854179
CREB3L2,CPT1A,gene-gene,0.216696652
CREB3L2,CREB3L1,gene-gene,0.33077684
CREB3L2,CREB3L3,gene-gene,0.4343333219999999
CREB3L2,CREB5,gene-gene,0.36121278
CREB3L2,FOS,gene-gene,0.352507798
CREB3L2,G6PC2,gene-gene,0.338130486
CREB3L2,JUN,gene-gene,0.32524173
CREB3L2,MCL1,gene-gene,0.236360338
CREB3L2,PCK1,gene-gene,0.3874456599999999
CREB3L2,PCK2,gene-gene,0.276487174
CREB3L2,VEGFA,gene-gene,0.375607942
CREB3L2,VEGFB,gene-gene,0.241096174
CREB3L2,VEGFC,gene-gene,0.3105166154
CREB3L3,BCL2,gene-gene,0.405070248
CREB3L3,BDNF,gene-gene,0.4716919759999999
CREB3L3,CPT1A,gene-gene,0.2218000571999999
CREB3L3,CPT1B,gene-gene,0.389765218
CREB3L3,CPT1C,gene-gene,0.312060546
CREB3L3,CREB3L1,gene-gene,0.299382216
CREB3L3,CREB5,gene-gene,0.275718098
CREB3L3,CRTC2,gene-gene,0.221473708
CREB3L3,FOS,gene-gene,0.465601892
CREB3L3,G6PC2,gene-gene,0.3076142979999999
CREB3L3,JUN,gene-gene,0.4308502019999999
CREB3L3,MCL1,gene-gene,0.226086194
CREB3L3,PCK1,gene-gene,0.286383208
CREB3L3,PCK2,gene-gene,0.3089696
CREB3L3,SIK1,gene-gene,0.2371955128
CREB3L3,VEGFA,gene-gene,0.4541221239999999
CREB3L3,VEGFB,gene-gene,0.203718298
CREB3L3,VEGFC,gene-gene,0.513707976
CREB3L4,ATF4,gene-gene,0.279950784
CREB3L4,BCL2,gene-gene,0.753145568
CREB3L4,BDNF,gene-gene,0.4181293339999999
CREB3L4,CPT1A,gene-gene,0.36830361
CREB3L4,CPT1B,gene-gene,0.2451689039999999
CREB3L4,CREB3L2,gene-gene,0.329769528
CREB3L4,CREB3L3,gene-gene,0.33539821
CREB3L4,CREB5,gene-gene,0.256955898
CREB3L4,FOS,gene-gene,0.25859513
CREB3L4,JUN,gene-gene,0.279686384
CREB3L4,PCK1,gene-gene,0.2173673228
CREB3L4,VEGFB,gene-gene,0.2131661863999999
CREB3L4,VEGFC,gene-gene,0.332925988
CREB5,BCL2,gene-gene,0.477998438
CREB5,BDNF,gene-gene,0.306414922
CREB5,FOS,gene-gene,0.2813322798
CREB5,G6PC2,gene-gene,0.2082271144
CREB5,JUN,gene-gene,0.31674406
CREB5,PCK1,gene-gene,0.2190554618
CREB5,PCK2,gene-gene,0.240921544
CREB5,VEGFA,gene-gene,0.362535292
CREB5,VEGFC,gene-gene,0.221486989
CREBBP,ANGPT1,gene-gene,0.29677843
CREBBP,ANGPT2,gene-gene,0.2463366439999999
CREBBP,ARNT,gene-gene,0.366479096
CREBBP,ATF4,gene-gene,0.23909262
CREBBP,BCL2,gene-gene,0.336146596
CREBBP,CDKN1A,gene-gene,0.343664286
CREBBP,CPT1A,gene-gene,0.2691404979999999
CREBBP,CPT1B,gene-gene,0.2525953812
CREBBP,CPT1C,gene-gene,0.2528659914
CREBBP,CREB3L1,gene-gene,0.381835725
CREBBP,CREB3L2,gene-gene,0.291925478
CREBBP,CREB3L3,gene-gene,0.2029862528
CREBBP,CREB3L4,gene-gene,0.336446672
CREBBP,CREB5,gene-gene,0.244446408
CREBBP,EDN1,gene-gene,0.2105748908
CREBBP,EGF,gene-gene,0.266599778
CREBBP,ENO1,gene-gene,0.345347648
CREBBP,EP300,gene-gene,0.2314126284
CREBBP,EPO,gene-gene,0.2039380583999999
CREBBP,FLT1,gene-gene,0.2438234899999999
CREBBP,GAPDH,gene-gene,0.2031502211999999
CREBBP,HIF1A,gene-gene,0.243612768
CREBBP,KAT2A,gene-gene,0.201811266
CREBBP,KAT2B,gene-gene,0.2515834732
CREBBP,LEF1,gene-gene,0.261978264
CREBBP,NCOA1,gene-gene,0.2482792609999999
CREBBP,NCOA3,gene-gene,0.271966434
CREBBP,NOS3,gene-gene,0.212580393
CREBBP,PCK1,gene-gene,0.2456151059999999
CREBBP,PCK2,gene-gene,0.204976882
CREBBP,PFKM,gene-gene,0.2171075139999999
CREBBP,RBPJ,gene-gene,0.3579056
CREBBP,RBPJL,gene-gene,0.37263827
CREBBP,RXRA,gene-gene,0.628588438
CREBBP,RXRB,gene-gene,0.443858978
CREBBP,RXRG,gene-gene,0.493288322
CREBBP,SERPINE1,gene-gene,0.223116699
CREBBP,STAT1,gene-gene,0.281504164
CREBBP,STAT2,gene-gene,0.226853688
CREBBP,STAT3,gene-gene,0.453353384
CREBBP,STAT4,gene-gene,0.291018292
CREBBP,STAT5A,gene-gene,0.283743354
CREBBP,STAT5B,gene-gene,0.597280678
CREBBP,STAT6,gene-gene,0.2056331984
CREBBP,TCF7L2,gene-gene,0.29948748
CREBBP,TEK,gene-gene,0.2176049234
CREBBP,THRA,gene-gene,0.2305279186
CREBBP,VEGFA,gene-gene,0.246999102
CRK,ABL1,gene-gene,0.543496676
CRK,ABL2,gene-gene,0.401362146
CRK,CRKL,gene-gene,0.4365492319999999
CRKL,ABL1,gene-gene,0.559341352
CRKL,ABL2,gene-gene,0.539584944
CRKL,BCAR1,gene-gene,0.256994668
CRKL,PXN,gene-gene,0.2319729167999999
CRKL,RAPGEF1,gene-gene,0.2063620172
CRKL,RHOQ,gene-gene,0.2168207165999999
CRTC2,AKT1,gene-gene,0.282663638
CRTC2,AKT2,gene-gene,0.20277881
CRTC2,AKT3,gene-gene,0.233846509
CRTC2,CREB3L3,gene-gene,0.2025875156
CSF1,CSF1R,gene-gene,0.275457982
CSF1,EGFR,gene-gene,0.29244106
CSF1,EPHA2,gene-gene,0.3197120652
CSF1,ERBB2,gene-gene,0.212664548
CSF1,ERBB3,gene-gene,0.2380520739999999
CSF1,FGFR2,gene-gene,0.28815084
CSF1,FGFR3,gene-gene,0.4043144608
CSF1,FGFR4,gene-gene,0.22328498
CSF1,IGF1R,gene-gene,0.366334044
CSF1,INSR,gene-gene,0.33693322
CSF1,KDR,gene-gene,0.221664068
CSF1,KIT,gene-gene,0.574484332
CSF1,MET,gene-gene,0.313931512
CSF1,NGFR,gene-gene,0.2077679955999999
CSF1,NTRK1,gene-gene,0.378994928
CSF1,NTRK2,gene-gene,0.2062611498
CSF1,PDGFRB,gene-gene,0.390880262
CSF1,TEK,gene-gene,0.265648342
CSF1R,CRKL,gene-gene,0.2016455709999999
CSF1R,GRB2,gene-gene,0.2860304212
CSF1R,IRS1,gene-gene,0.318711118
CSF1R,PLCB1,gene-gene,0.3066123739999999
CSF1R,PLCB2,gene-gene,0.208164136
CSF1R,PLCB3,gene-gene,0.367924194
CSF1R,SHC1,gene-gene,0.302580642
CSF1R,SHC2,gene-gene,0.4328567
CSF1R,SHC3,gene-gene,0.2275065859999999
CSF1R,SHC4,gene-gene,0.296008704
CSF2,EGFR,gene-gene,0.34751413
CSF2,PDGFRA,gene-gene,0.2092566189999999
CSF2,PDGFRB,gene-gene,0.370742666
CSF3,EGFR,gene-gene,0.2230911567999999
CSF3,PDGFRA,gene-gene,0.2142749662
CSF3,PDGFRB,gene-gene,0.381974938
CSH1,EGFR,gene-gene,0.326623419
CSH1,PDGFRB,gene-gene,0.348459658
CSH2,EGFR,gene-gene,0.251256372
CSH2,PDGFRB,gene-gene,0.373724972
CTBP1,CTBP2,gene-gene,0.357792128
CTBP1,HDAC1,gene-gene,0.4894961679999999
CTBP1,HDAC2,gene-gene,0.636597804
CTBP1,LEF1,gene-gene,0.219970234
CTBP1,RBPJ,gene-gene,0.22902714
CTBP1,RBPJL,gene-gene,0.279578242
CTBP2,HDAC1,gene-gene,0.521709546
CTBP2,HDAC2,gene-gene,0.515314772
CTBP2,RBPJ,gene-gene,0.2364793888
CTBP2,RBPJL,gene-gene,0.3826053619999999
CTBP2,TCF7L2,gene-gene,0.2661549468
CTF1,EGFR,gene-gene,0.377793206
CTF1,PDGFRB,gene-gene,0.39812548
CTSD,BID,gene-gene,0.245231566
CX3CR1,GNAI1,gene-gene,0.208481359
CXCR2,PLCB4,gene-gene,0.281171228
DEPTOR,MTOR,gene-gene,0.696898942
DLG1,MAPK14,gene-gene,0.514472226
DOCK2,ELMO1,gene-gene,0.2036171699999999
DUSP1,MAPK1,gene-gene,0.2559307979999999
DUSP1,MAPK3,gene-gene,0.2359249849999999
DUSP10,MAPK1,gene-gene,0.2427865554
DUSP10,MAPK13,gene-gene,0.231727465
DUSP10,MAPK14,gene-gene,0.46850277
DUSP10,MAPK3,gene-gene,0.246931256
DUSP10,MAPK8,gene-gene,0.261898488
DUSP10,MAPK9,gene-gene,0.240083828
DUSP16,MAPK10,gene-gene,0.282252464
DUSP16,MAPK12,gene-gene,0.233659132
DUSP16,MAPK13,gene-gene,0.306381826
DUSP16,MAPK14,gene-gene,0.4262345892
DUSP16,MAPK3,gene-gene,0.32459674
DUSP16,MAPK8,gene-gene,0.203682588
DUSP2,MAPK1,gene-gene,0.2253826762
DUSP2,MAPK11,gene-gene,0.280971582
DUSP2,MAPK13,gene-gene,0.317320516
DUSP2,MAPK14,gene-gene,0.4138967919999999
DUSP2,MAPK3,gene-gene,0.23691143
DUSP2,MAPK8,gene-gene,0.2257263228
DUSP3,MAPK1,gene-gene,0.2161373096
DUSP3,MAPK14,gene-gene,0.605485352
DUSP3,MAPK3,gene-gene,0.227410926
DUSP3,MAPK8,gene-gene,0.3115457755999999
DUSP4,MAPK1,gene-gene,0.264907936
DUSP4,MAPK10,gene-gene,0.2091487788
DUSP4,MAPK11,gene-gene,0.273655384
DUSP4,MAPK13,gene-gene,0.247056398
DUSP4,MAPK14,gene-gene,0.4623861459999999
DUSP4,MAPK3,gene-gene,0.2519631634
DUSP4,MAPK8,gene-gene,0.3073850139999999
DUSP4,MAPK9,gene-gene,0.3705667828
DUSP5,MAPK11,gene-gene,0.2306785734
DUSP5,MAPK14,gene-gene,0.4119676399999999
DUSP5,MAPK3,gene-gene,0.354348672
DUSP6,MAPK1,gene-gene,0.284890904
DUSP6,MAPK3,gene-gene,0.2625748068
DUSP7,MAPK1,gene-gene,0.347088082
DUSP7,MAPK10,gene-gene,0.343368212
DUSP7,MAPK11,gene-gene,0.2253260334
DUSP7,MAPK13,gene-gene,0.227210104
DUSP7,MAPK14,gene-gene,0.5419778012
DUSP7,MAPK3,gene-gene,0.2421569288
DUSP7,MAPK9,gene-gene,0.328277382
DUSP8,MAPK1,gene-gene,0.350099334
DUSP8,MAPK10,gene-gene,0.2031546628
DUSP8,MAPK13,gene-gene,0.2465395228
DUSP8,MAPK14,gene-gene,0.52432023
DUSP8,MAPK3,gene-gene,0.2472488551999999
DUSP8,MAPK8,gene-gene,0.2464665479999999
DUSP8,MAPK9,gene-gene,0.236243274
EFNA1,CSF1R,gene-gene,0.2246341046
EFNA1,EGFR,gene-gene,0.383237712
EFNA1,EPHA2,gene-gene,0.632892148
EFNA1,ERBB2,gene-gene,0.257802092
EFNA1,ERBB4,gene-gene,0.377453128
EFNA1,FGFR2,gene-gene,0.572827596
EFNA1,FGFR3,gene-gene,0.2885312028
EFNA1,FLT1,gene-gene,0.291903648
EFNA1,FLT3,gene-gene,0.37693629
EFNA1,FLT4,gene-gene,0.293915224
EFNA1,KDR,gene-gene,0.335813608
EFNA1,KIT,gene-gene,0.475263166
EFNA1,MET,gene-gene,0.343166898
EFNA1,NTRK2,gene-gene,0.370243742
EFNA1,PDGFRB,gene-gene,0.337500588
EFNA2,CSF1R,gene-gene,0.3165859132
EFNA2,EGFR,gene-gene,0.34251814
EFNA2,EPHA2,gene-gene,0.444234482
EFNA2,ERBB2,gene-gene,0.261785022
EFNA2,ERBB3,gene-gene,0.2752005
EFNA2,ERBB4,gene-gene,0.2303374046
EFNA2,FGFR2,gene-gene,0.468521516
EFNA2,FGFR3,gene-gene,0.2344202279999999
EFNA2,FGFR4,gene-gene,0.296535022
EFNA2,FLT3,gene-gene,0.2415295146
EFNA2,FLT4,gene-gene,0.3057595039999999
EFNA2,IGF1R,gene-gene,0.2680850019999999
EFNA2,INSR,gene-gene,0.3560236639999999
EFNA2,KDR,gene-gene,0.221711698
EFNA2,KIT,gene-gene,0.4688774708
EFNA2,NTRK1,gene-gene,0.297000312
EFNA2,PDGFRA,gene-gene,0.2553353708
EFNA2,PDGFRB,gene-gene,0.392779356
EFNA2,TEK,gene-gene,0.3074448959999999
EFNA3,CSF1R,gene-gene,0.234426591
EFNA3,EGFR,gene-gene,0.316851404
EFNA3,EPHA2,gene-gene,0.546632808
EFNA3,ERBB2,gene-gene,0.2417211399999999
EFNA3,ERBB3,gene-gene,0.2660363092
EFNA3,ERBB4,gene-gene,0.35814239
EFNA3,FGFR1,gene-gene,0.2461261664
EFNA3,FGFR2,gene-gene,0.416284512
EFNA3,FGFR3,gene-gene,0.232340292
EFNA3,FLT3,gene-gene,0.232861858
EFNA3,IGF1R,gene-gene,0.3543698148
EFNA3,INSR,gene-gene,0.2445359852
EFNA3,KDR,gene-gene,0.34937352
EFNA3,KIT,gene-gene,0.4141057352
EFNA3,MET,gene-gene,0.388166708
EFNA3,NGFR,gene-gene,0.30483852
EFNA3,PDGFRA,gene-gene,0.2839829619999999
EFNA3,PDGFRB,gene-gene,0.496763316
EFNA3,TEK,gene-gene,0.3173852704
EFNA4,CSF1R,gene-gene,0.2429676124
EFNA4,EGFR,gene-gene,0.296991332
EFNA4,EPHA2,gene-gene,0.489981652
EFNA4,ERBB2,gene-gene,0.294345887
EFNA4,ERBB4,gene-gene,0.204550146
EFNA4,FGFR2,gene-gene,0.42270135
EFNA4,FGFR3,gene-gene,0.2344870112
EFNA4,FLT1,gene-gene,0.2892166646
EFNA4,FLT3,gene-gene,0.282255952
EFNA4,FLT4,gene-gene,0.24505238
EFNA4,IGF1R,gene-gene,0.2815760188
EFNA4,INSR,gene-gene,0.2730655119999999
EFNA4,KDR,gene-gene,0.2464342768
EFNA4,KIT,gene-gene,0.386013578
EFNA4,MET,gene-gene,0.245969622
EFNA4,NGFR,gene-gene,0.2198843312
EFNA4,NTRK1,gene-gene,0.26514878
EFNA4,PDGFRA,gene-gene,0.285160286
EFNA4,PDGFRB,gene-gene,0.375828216
EFNA4,TEK,gene-gene,0.28416808
EFNA5,CSF1R,gene-gene,0.355517376
EFNA5,EGFR,gene-gene,0.324323584
EFNA5,EPHA2,gene-gene,0.596591982
EFNA5,ERBB2,gene-gene,0.271328754
EFNA5,FGFR1,gene-gene,0.238667362
EFNA5,FGFR2,gene-gene,0.354614022
EFNA5,FGFR3,gene-gene,0.252744133
EFNA5,FGFR4,gene-gene,0.2582638986
EFNA5,FLT1,gene-gene,0.261370802
EFNA5,FLT3,gene-gene,0.357106538
EFNA5,FLT4,gene-gene,0.35613075
EFNA5,IGF1R,gene-gene,0.239611525
EFNA5,INSR,gene-gene,0.29145445
EFNA5,KDR,gene-gene,0.2841161829999999
EFNA5,KIT,gene-gene,0.6305256220000001
EFNA5,MET,gene-gene,0.3233239099999999
EFNA5,NGFR,gene-gene,0.2119510164
EFNA5,NTRK1,gene-gene,0.2558041464
EFNA5,NTRK2,gene-gene,0.2827232908
EFNA5,PDGFRA,gene-gene,0.2183496948
EFNA5,PDGFRB,gene-gene,0.342753274
EFNA5,TEK,gene-gene,0.320542448
EGF,EGFR,gene-gene,0.467433908
EGF,EPHA2,gene-gene,0.464453456
EGF,ERBB2,gene-gene,0.236401806
EGF,ERBB3,gene-gene,0.2404315194
EGF,FGFR2,gene-gene,0.43743845
EGF,FGFR3,gene-gene,0.254844752
EGF,FGFR4,gene-gene,0.256387178
EGF,FLT3,gene-gene,0.286734012
EGF,FLT4,gene-gene,0.311317352
EGF,IGF1R,gene-gene,0.285696622
EGF,IL20RB,gene-gene,0.2051018
EGF,IL6R,gene-gene,0.2342276102
EGF,IL7R,gene-gene,0.2082700484
EGF,INSR,gene-gene,0.254000782
EGF,KDR,gene-gene,0.272559338
EGF,KIT,gene-gene,0.580281686
EGF,MET,gene-gene,0.3199798219999999
EGF,MST1R,gene-gene,0.329764898
EGF,NGFR,gene-gene,0.3329082628
EGF,NTRK1,gene-gene,0.2558918659999999
EGF,NTRK2,gene-gene,0.24542415
EGF,NTRK3,gene-gene,0.252454472
EGF,PDGFRB,gene-gene,0.50782128
EGF,RET,gene-gene,0.2761393772
EGFR,CBL,gene-gene,0.2854057
EGFR,CBLB,gene-gene,0.391872218
EGFR,CRK,gene-gene,0.315949836
EGFR,CRKL,gene-gene,0.461806912
EGFR,GAB1,gene-gene,0.39078355
EGFR,GAB2,gene-gene,0.417318364
EGFR,GRB2,gene-gene,0.324348578
EGFR,IRS1,gene-gene,0.4254208119999999
EGFR,JAK1,gene-gene,0.3400414568
EGFR,JAK2,gene-gene,0.3640250432
EGFR,JAK3,gene-gene,0.439745084
EGFR,MAP2K1,gene-gene,0.404073126
EGFR,MAP2K2,gene-gene,0.5039634709999999
EGFR,MAPK1,gene-gene,0.37773579
EGFR,MAPK3,gene-gene,0.310558118
EGFR,NCK2,gene-gene,0.295151914
EGFR,PIK3CA,gene-gene,0.546823632
EGFR,PIK3CB,gene-gene,0.462018814
EGFR,PIK3CD,gene-gene,0.3843379759999999
EGFR,PIK3R1,gene-gene,0.272838604
EGFR,PIK3R2,gene-gene,0.636246002
EGFR,PIK3R3,gene-gene,0.4509811239999999
EGFR,PLCB1,gene-gene,0.473244818
EGFR,PLCB2,gene-gene,0.3276703594
EGFR,PLCB3,gene-gene,0.333377922
EGFR,PLCB4,gene-gene,0.4851586767999999
EGFR,PLCG1,gene-gene,0.541272742
EGFR,PLCG2,gene-gene,0.433632364
EGFR,PTPN11,gene-gene,0.242088636
EGFR,SHC1,gene-gene,0.370169327
EGFR,SHC2,gene-gene,0.562140618
EGFR,SHC3,gene-gene,0.50105764
EGFR,SHC4,gene-gene,0.343685022
EGFR,SRC,gene-gene,0.547926822
EGFR,STAT5A,gene-gene,0.54562166
EGFR,STAT5B,gene-gene,0.609734452
EGFR,TYK2,gene-gene,0.473128536
ELK4,FOS,gene-gene,0.2462398234
EP300,ANGPT1,gene-gene,0.43067786
EP300,ANGPT2,gene-gene,0.372813226
EP300,ANGPT4,gene-gene,0.402158236
EP300,ARNT,gene-gene,0.314785936
EP300,BCL2,gene-gene,0.586089724
EP300,CDKN1A,gene-gene,0.2655467032
EP300,CPT1A,gene-gene,0.2247714014
EP300,CREB3L3,gene-gene,0.25607399
EP300,CREB5,gene-gene,0.39079362
EP300,EDN1,gene-gene,0.2041120686
EP300,EGF,gene-gene,0.43357861
EP300,ENO1,gene-gene,0.21888375
EP300,EPO,gene-gene,0.3496338639999999
EP300,FLT1,gene-gene,0.256946409
EP300,GAPDH,gene-gene,0.3509261613
EP300,HIF1A,gene-gene,0.3201122879999999
EP300,HMOX1,gene-gene,0.203691974
EP300,KAT2A,gene-gene,0.411803412
EP300,LDHA,gene-gene,0.2202270839999999
EP300,LDHAL6A,gene-gene,0.2171965612
EP300,LDHAL6B,gene-gene,0.2022603929999999
EP300,MAML1,gene-gene,0.229997924
EP300,NCOA1,gene-gene,0.574820452
EP300,NCOA3,gene-gene,0.3865056779999999
EP300,PCK1,gene-gene,0.2444296
EP300,PCK2,gene-gene,0.2460804632
EP300,PDK1,gene-gene,0.214451634
EP300,RBPJ,gene-gene,0.264095494
EP300,RBPJL,gene-gene,0.301657256
EP300,RXRA,gene-gene,0.622935172
EP300,RXRB,gene-gene,0.6062627920000001
EP300,RXRG,gene-gene,0.612975094
EP300,SERPINE1,gene-gene,0.3286304622
EP300,SIK1,gene-gene,0.2087906783999999
EP300,SP1,gene-gene,0.321455072
EP300,STAT1,gene-gene,0.376972468
EP300,STAT2,gene-gene,0.452062086
EP300,STAT3,gene-gene,0.206393658
EP300,STAT4,gene-gene,0.30471817
EP300,STAT5A,gene-gene,0.2456182269999999
EP300,STAT5B,gene-gene,0.287222914
EP300,STAT6,gene-gene,0.235652872
EP300,TEK,gene-gene,0.386707476
EP300,TFRC,gene-gene,0.2273004165
EP300,THRA,gene-gene,0.23968289
EP300,THRB,gene-gene,0.2211664319999999
EP300,VEGFA,gene-gene,0.374394866
EPHA2,CRK,gene-gene,0.581502536
EPHA2,CRKL,gene-gene,0.510507236
EPHA2,GRB2,gene-gene,0.733215048
EPHA2,IRS1,gene-gene,0.5706391319999999
EPHA2,PLCB1,gene-gene,0.474079844
EPHA2,PLCB2,gene-gene,0.579830658
EPHA2,PLCB3,gene-gene,0.605188506
EPHA2,PLCB4,gene-gene,0.564278962
EPHA2,SHC1,gene-gene,0.635735472
EPHA2,SHC2,gene-gene,0.66532353
EPHA2,SHC3,gene-gene,0.484088494
EPHA2,SHC4,gene-gene,0.45909597
EPO,EGFR,gene-gene,0.277831204
EPO,PDGFRB,gene-gene,0.408974508
ERBB2,ERBB3,gene-gene,0.2635206038
ERBB2,ERBB4,gene-gene,0.3792934639999999
ERBB2,IRS1,gene-gene,0.347836736
ERBB2,MAP2K1,gene-gene,0.251025594
ERBB2,PIK3CA,gene-gene,0.219528486
ERBB2,PIK3CD,gene-gene,0.5372131259999999
ERBB2,PIK3R1,gene-gene,0.382885492
ERBB2,PIK3R2,gene-gene,0.214335004
ERBB2,PIK3R3,gene-gene,0.369020912
ERBB2,PLCG1,gene-gene,0.486785978
ERBB2,PLCG2,gene-gene,0.2839441159999999
ERBB2,SHC1,gene-gene,0.50528492
ERBB2,SHC2,gene-gene,0.291657756
ERBB2,SHC3,gene-gene,0.267481674
ERBB2,SHC4,gene-gene,0.25114239
ERBB3,IRS1,gene-gene,0.422939596
ERBB3,PIK3CA,gene-gene,0.3435290504
ERBB3,PIK3CB,gene-gene,0.2322247671999999
ERBB3,PIK3CD,gene-gene,0.275238876
ERBB3,PIK3R1,gene-gene,0.3713995128
ERBB3,PIK3R2,gene-gene,0.359538146
ERBB3,PLCG1,gene-gene,0.226183108
ERBB3,PLCG2,gene-gene,0.3267779832
ERBB3,SHC1,gene-gene,0.3842717439999999
ERBB3,SHC2,gene-gene,0.320199454
ERBB3,SHC3,gene-gene,0.385503778
ERBB3,SHC4,gene-gene,0.3242528992
ERBB4,GRB2,gene-gene,0.4478670839999999
ERBB4,IRS1,gene-gene,0.39123448
ERBB4,PIK3CA,gene-gene,0.374341211
ERBB4,PIK3CB,gene-gene,0.425058386
ERBB4,PIK3CD,gene-gene,0.208069076
ERBB4,PIK3R1,gene-gene,0.382928866
ERBB4,PIK3R2,gene-gene,0.40086962
ERBB4,PIK3R3,gene-gene,0.3525051999999999
ERBB4,PLCG1,gene-gene,0.315742136
ERBB4,PLCG2,gene-gene,0.309145574
ERBB4,SHC1,gene-gene,0.36797019
ERBB4,SHC2,gene-gene,0.344974988
ERBB4,SHC3,gene-gene,0.299286327
ERBB4,SHC4,gene-gene,0.280820632
ERBB4,STAT5A,gene-gene,0.335610538
ERBB4,STAT5B,gene-gene,0.4679122559999999
EREG,CSF1R,gene-gene,0.2173777365999999
EREG,EGFR,gene-gene,0.469794066
EREG,EPHA2,gene-gene,0.551180472
EREG,ERBB2,gene-gene,0.2260148199999999
EREG,ERBB3,gene-gene,0.338500546
EREG,ERBB4,gene-gene,0.44121343
EREG,FGFR1,gene-gene,0.321935248
EREG,FGFR2,gene-gene,0.49612127
EREG,FGFR3,gene-gene,0.248291188
EREG,FGFR4,gene-gene,0.2019646072
EREG,FLT1,gene-gene,0.223929774
EREG,FLT4,gene-gene,0.238143238
EREG,IGF1R,gene-gene,0.3543610424
EREG,INSR,gene-gene,0.261676412
EREG,KDR,gene-gene,0.273701186
EREG,KIT,gene-gene,0.531314838
EREG,NGFR,gene-gene,0.2234635628
EREG,NTRK1,gene-gene,0.2503358468
EREG,NTRK2,gene-gene,0.3009653412
EREG,PDGFRB,gene-gene,0.471038574
ESR1,BCL2,gene-gene,0.739685528
ESR1,CTSD,gene-gene,0.519499492
ESR1,EBAG9,gene-gene,0.584889506
ESR1,ESR2,gene-gene,0.806700846
ESR1,FOS,gene-gene,0.582049548
ESR1,JUN,gene-gene,0.53677603
ESR1,KRT10,gene-gene,0.438657422
ESR1,KRT12,gene-gene,0.6147946839999999
ESR1,KRT13,gene-gene,0.71773238
ESR1,KRT14,gene-gene,0.590962408
ESR1,KRT15,gene-gene,0.503093966
ESR1,KRT16,gene-gene,0.38369158
ESR1,KRT17,gene-gene,0.5354316960000001
ESR1,KRT18,gene-gene,0.7391871799999999
ESR1,KRT19,gene-gene,0.598735914
ESR1,KRT20,gene-gene,0.610184164
ESR1,KRT23,gene-gene,0.608984592
ESR1,KRT24,gene-gene,0.565914938
ESR1,KRT25,gene-gene,0.488289246
ESR1,KRT26,gene-gene,0.500339324
ESR1,KRT27,gene-gene,0.467567048
ESR1,KRT28,gene-gene,0.497635666
ESR1,KRT31,gene-gene,0.477103226
ESR1,KRT32,gene-gene,0.367266998
ESR1,KRT33A,gene-gene,0.53731953
ESR1,KRT33B,gene-gene,0.489334744
ESR1,KRT34,gene-gene,0.51532097
ESR1,KRT35,gene-gene,0.476240518
ESR1,KRT36,gene-gene,0.557237164
ESR1,KRT37,gene-gene,0.6919433159999999
ESR1,KRT38,gene-gene,0.5231267639999999
ESR1,KRT39,gene-gene,0.5233035559999999
ESR1,KRT40,gene-gene,0.576856622
ESR1,KRT9,gene-gene,0.483760134
ESR1,NCOA1,gene-gene,0.6526249319999999
ESR1,NCOA3,gene-gene,0.591621016
ESR1,PGR,gene-gene,0.882698388
ESR1,RARA,gene-gene,0.725749664
ESR1,SP1,gene-gene,0.6696364499999999
ESR1,SRC,gene-gene,0.68158011
ESR1,TFF1,gene-gene,0.502360902
ESR1,TGFA,gene-gene,0.450708398
ESR2,BCL2,gene-gene,0.810427284
ESR2,CTSD,gene-gene,0.267527278
ESR2,EBAG9,gene-gene,0.3179435408
ESR2,FOS,gene-gene,0.4290519439999999
ESR2,JUN,gene-gene,0.28288701
ESR2,KRT10,gene-gene,0.33695881
ESR2,KRT12,gene-gene,0.234821447
ESR2,KRT13,gene-gene,0.3233252072
ESR2,KRT14,gene-gene,0.3263433599999999
ESR2,KRT15,gene-gene,0.36493429
ESR2,KRT16,gene-gene,0.495099682
ESR2,KRT17,gene-gene,0.2723839224
ESR2,KRT18,gene-gene,0.434066028
ESR2,KRT19,gene-gene,0.297143814
ESR2,KRT20,gene-gene,0.28778683
ESR2,KRT24,gene-gene,0.26280756
ESR2,KRT25,gene-gene,0.386115018
ESR2,KRT26,gene-gene,0.2943464212
ESR2,KRT27,gene-gene,0.378694608
ESR2,KRT28,gene-gene,0.3440221
ESR2,KRT31,gene-gene,0.3710094192
ESR2,KRT32,gene-gene,0.438958992
ESR2,KRT33A,gene-gene,0.2889747708
ESR2,KRT34,gene-gene,0.2711430019999999
ESR2,KRT35,gene-gene,0.206896714
ESR2,KRT36,gene-gene,0.36283527
ESR2,KRT37,gene-gene,0.303033216
ESR2,KRT38,gene-gene,0.2539715059999999
ESR2,KRT39,gene-gene,0.32621507
ESR2,KRT40,gene-gene,0.329872778
ESR2,KRT9,gene-gene,0.40800783
ESR2,NCOA1,gene-gene,0.553646364
ESR2,NCOA3,gene-gene,0.28456393
ESR2,PGR,gene-gene,0.483001502
ESR2,RARA,gene-gene,0.449315786
ESR2,SP1,gene-gene,0.2723009779999999
ESR2,SRC,gene-gene,0.4897626039999999
ESR2,TFF1,gene-gene,0.385405248
ESR2,TGFA,gene-gene,0.294123873
F2R,PLCB2,gene-gene,0.213911212
F2R,PLCB3,gene-gene,0.417184442
F2R,PLCB4,gene-gene,0.2000909246
FADD,CASP3,gene-gene,0.2600961039999999
FCER1A,FCER1G,gene-gene,0.2385381346
FCER1A,FYN,gene-gene,0.360071032
FCER1A,MS4A2,gene-gene,0.2494050259999999
FCER1A,SYK,gene-gene,0.2327165739999999
FCER1G,FYN,gene-gene,0.320878498
FCER1G,SYK,gene-gene,0.21195622
FGF1,CSF1R,gene-gene,0.3184787619999999
FGF1,EGFR,gene-gene,0.392569412
FGF1,EPHA2,gene-gene,0.3954779439999999
FGF1,ERBB3,gene-gene,0.321164374
FGF1,ERBB4,gene-gene,0.2635445099999999
FGF1,FGFR1,gene-gene,0.224332742
FGF1,FGFR2,gene-gene,0.447256688
FGF1,FGFR4,gene-gene,0.224931886
FGF1,FLT1,gene-gene,0.275351204
FGF1,FLT3,gene-gene,0.291492476
FGF1,FLT4,gene-gene,0.460752978
FGF1,IGF1R,gene-gene,0.2781418732
FGF1,INSR,gene-gene,0.421591562
FGF1,KDR,gene-gene,0.320845246
FGF1,KIT,gene-gene,0.471838834
FGF1,MET,gene-gene,0.37039865
FGF1,MST1R,gene-gene,0.251765698
FGF1,NTRK1,gene-gene,0.29345282
FGF1,PDGFRA,gene-gene,0.26571595
FGF1,PDGFRB,gene-gene,0.553604126
FGF1,TEK,gene-gene,0.221611996
FGF10,CSF1R,gene-gene,0.376137536
FGF10,EGFR,gene-gene,0.3987732499999999
FGF10,EPHA2,gene-gene,0.511068974
FGF10,ERBB2,gene-gene,0.263863936
FGF10,ERBB3,gene-gene,0.420565994
FGF10,ERBB4,gene-gene,0.276202504
FGF10,FGFR1,gene-gene,0.3235845
FGF10,FGFR2,gene-gene,0.684818578
FGF10,FGFR3,gene-gene,0.315623402
FGF10,FGFR4,gene-gene,0.249092402
FGF10,FLT1,gene-gene,0.240966876
FGF10,FLT3,gene-gene,0.33687461
FGF10,FLT4,gene-gene,0.529741224
FGF10,IGF1R,gene-gene,0.200228564
FGF10,INSR,gene-gene,0.336966296
FGF10,KDR,gene-gene,0.277985756
FGF10,KIT,gene-gene,0.417672298
FGF10,MST1R,gene-gene,0.478734716
FGF10,NGFR,gene-gene,0.209733294
FGF10,NTRK1,gene-gene,0.309981328
FGF10,NTRK2,gene-gene,0.2271431874
FGF10,NTRK3,gene-gene,0.224944352
FGF10,PDGFRA,gene-gene,0.307352242
FGF10,PDGFRB,gene-gene,0.588713248
FGF10,RET,gene-gene,0.274161178
FGF10,TEK,gene-gene,0.220045914
FGF17,CSF1R,gene-gene,0.287183744
FGF17,EGFR,gene-gene,0.343773708
FGF17,EPHA2,gene-gene,0.387174396
FGF17,ERBB2,gene-gene,0.36799128
FGF17,ERBB3,gene-gene,0.2352892048
FGF17,ERBB4,gene-gene,0.245131004
FGF17,FGFR2,gene-gene,0.52229231
FGF17,FGFR3,gene-gene,0.306870398
FGF17,FGFR4,gene-gene,0.237611746
FGF17,FLT1,gene-gene,0.337957028
FGF17,FLT3,gene-gene,0.356004234
FGF17,IGF1R,gene-gene,0.325291404
FGF17,INSR,gene-gene,0.3823229099999999
FGF17,KDR,gene-gene,0.3317777134
FGF17,KIT,gene-gene,0.4123294839999999
FGF17,MET,gene-gene,0.296304538
FGF17,MST1R,gene-gene,0.267858353
FGF17,NGFR,gene-gene,0.216988973
FGF17,NTRK1,gene-gene,0.346936966
FGF17,NTRK2,gene-gene,0.276884722
FGF17,NTRK3,gene-gene,0.353554624
FGF17,PDGFRA,gene-gene,0.287288084
FGF17,PDGFRB,gene-gene,0.414096978
FGF17,RET,gene-gene,0.303015738
FGF17,TEK,gene-gene,0.2146007771999999
FGF18,EGFR,gene-gene,0.344119754
FGF18,EPHA2,gene-gene,0.4708974119999999
FGF18,ERBB2,gene-gene,0.2244838805999999
FGF18,ERBB4,gene-gene,0.351332014
FGF18,FGFR1,gene-gene,0.225275588
FGF18,FGFR2,gene-gene,0.431604886
FGF18,FGFR4,gene-gene,0.244685038
FGF18,FLT3,gene-gene,0.293171026
FGF18,IGF1R,gene-gene,0.2142539959999999
FGF18,INSR,gene-gene,0.2501393892
FGF18,KDR,gene-gene,0.2543675604
FGF18,KIT,gene-gene,0.37830889
FGF18,MET,gene-gene,0.389989316
FGF18,MST1R,gene-gene,0.247565404
FGF18,NGFR,gene-gene,0.321596257
FGF18,NTRK1,gene-gene,0.274236092
FGF18,NTRK2,gene-gene,0.249278968
FGF18,NTRK3,gene-gene,0.282529778
FGF18,PDGFRA,gene-gene,0.288434888
FGF18,PDGFRB,gene-gene,0.3984511979999999
FGF18,TEK,gene-gene,0.3431660159999999
FGF19,CSF1R,gene-gene,0.25346048
FGF19,EGFR,gene-gene,0.411778576
FGF19,EPHA2,gene-gene,0.290364904
FGF19,ERBB2,gene-gene,0.216544294
FGF19,ERBB3,gene-gene,0.212953846
FGF19,ERBB4,gene-gene,0.3720495279999999
FGF19,FGFR1,gene-gene,0.3006271844
FGF19,FGFR2,gene-gene,0.36122946
FGF19,FGFR3,gene-gene,0.230275768
FGF19,FGFR4,gene-gene,0.4745096999999999
FGF19,FLT1,gene-gene,0.312367795
FGF19,FLT3,gene-gene,0.29805375
FGF19,FLT4,gene-gene,0.2651958103999999
FGF19,IGF1R,gene-gene,0.2695039959999999
FGF19,INSR,gene-gene,0.298686668
FGF19,KIT,gene-gene,0.4361562639999999
FGF19,MET,gene-gene,0.2562383365999999
FGF19,MST1R,gene-gene,0.336347716
FGF19,NGFR,gene-gene,0.21084448
FGF19,NTRK1,gene-gene,0.323672666
FGF19,NTRK2,gene-gene,0.23719959
FGF19,PDGFRA,gene-gene,0.2054620067999999
FGF19,PDGFRB,gene-gene,0.493134458
FGF19,TEK,gene-gene,0.220981284
FGF2,CSF1R,gene-gene,0.454721852
FGF2,EGFR,gene-gene,0.611164944
FGF2,EPHA2,gene-gene,0.824149978
FGF2,ERBB2,gene-gene,0.595753632
FGF2,ERBB3,gene-gene,0.487125172
FGF2,ERBB4,gene-gene,0.695250834
FGF2,FGFR1,gene-gene,0.314315684
FGF2,FGFR2,gene-gene,0.748041518
FGF2,FGFR3,gene-gene,0.43626476
FGF2,FGFR4,gene-gene,0.449583788
FGF2,FLT1,gene-gene,0.768939174
FGF2,FLT3,gene-gene,0.495717366
FGF2,FLT4,gene-gene,0.661494728
FGF2,IGF1R,gene-gene,0.4681499859999999
FGF2,INSR,gene-gene,0.5643754980000001
FGF2,KDR,gene-gene,0.574366536
FGF2,KIT,gene-gene,0.9431241
FGF2,MET,gene-gene,0.5984804840000001
FGF2,MST1R,gene-gene,0.490764194
FGF2,NGFR,gene-gene,0.45083048
FGF2,NTRK1,gene-gene,0.736925238
FGF2,NTRK2,gene-gene,0.546991236
FGF2,NTRK3,gene-gene,0.477439256
FGF2,PDGFRA,gene-gene,0.509616818
FGF2,PDGFRB,gene-gene,0.7676008299999999
FGF2,RET,gene-gene,0.5280766299999999
FGF2,TEK,gene-gene,0.613021154
FGF20,CSF1R,gene-gene,0.205221264
FGF20,EGFR,gene-gene,0.308601394
FGF20,EPHA2,gene-gene,0.5930354760000001
FGF20,ERBB2,gene-gene,0.2945557079999999
FGF20,ERBB4,gene-gene,0.2801997
FGF20,FGFR2,gene-gene,0.5678373212000001
FGF20,FGFR3,gene-gene,0.2277178759999999
FGF20,FLT1,gene-gene,0.272161512
FGF20,FLT3,gene-gene,0.300105774
FGF20,FLT4,gene-gene,0.292719548
FGF20,IGF1R,gene-gene,0.3817427519999999
FGF20,INSR,gene-gene,0.21338777
FGF20,KIT,gene-gene,0.67340431
FGF20,MET,gene-gene,0.370840412
FGF20,MST1R,gene-gene,0.333682406
FGF20,NGFR,gene-gene,0.4010839579999999
FGF20,NTRK1,gene-gene,0.242338
FGF20,NTRK2,gene-gene,0.280168876
FGF20,NTRK3,gene-gene,0.375726748
FGF20,PDGFRA,gene-gene,0.2433945108
FGF20,PDGFRB,gene-gene,0.52733873
FGF20,RET,gene-gene,0.3072583459999999
FGF20,TEK,gene-gene,0.423593112
FGF21,EGFR,gene-gene,0.334779618
FGF21,EPHA2,gene-gene,0.4547376639999999
FGF21,ERBB3,gene-gene,0.2153493779999999
FGF21,ERBB4,gene-gene,0.2103970554
FGF21,FGFR1,gene-gene,0.2036252623999999
FGF21,FGFR2,gene-gene,0.45554114
FGF21,FGFR4,gene-gene,0.25862543
FGF21,FLT1,gene-gene,0.383605096
FGF21,FLT3,gene-gene,0.294655336
FGF21,FLT4,gene-gene,0.3000847199999999
FGF21,IGF1R,gene-gene,0.315265072
FGF21,KDR,gene-gene,0.249809464
FGF21,KIT,gene-gene,0.755498748
FGF21,MET,gene-gene,0.262888298
FGF21,MST1R,gene-gene,0.2243561849999999
FGF21,NGFR,gene-gene,0.3074844008
FGF21,NTRK1,gene-gene,0.342604722
FGF21,NTRK3,gene-gene,0.3165818159999999
FGF21,PDGFRA,gene-gene,0.354432158
FGF21,PDGFRB,gene-gene,0.608734382
FGF21,RET,gene-gene,0.358278302
FGF21,TEK,gene-gene,0.2700356008
FGF22,EGFR,gene-gene,0.461465862
FGF22,EPHA2,gene-gene,0.508393078
FGF22,ERBB3,gene-gene,0.2295111369999999
FGF22,ERBB4,gene-gene,0.294361728
FGF22,FGFR1,gene-gene,0.256353392
FGF22,FGFR2,gene-gene,0.514160238
FGF22,FGFR3,gene-gene,0.2471547308
FGF22,FGFR4,gene-gene,0.273824285
FGF22,FLT1,gene-gene,0.3422747379999999
FGF22,FLT3,gene-gene,0.324514626
FGF22,FLT4,gene-gene,0.3745619999999999
FGF22,IGF1R,gene-gene,0.252251924
FGF22,INSR,gene-gene,0.360739732
FGF22,KDR,gene-gene,0.248088788
FGF22,KIT,gene-gene,0.465455902
FGF22,MET,gene-gene,0.213992694
FGF22,MST1R,gene-gene,0.3608870899999999
FGF22,NGFR,gene-gene,0.2707298492
FGF22,NTRK1,gene-gene,0.3062960799999999
FGF22,NTRK2,gene-gene,0.229400299
FGF22,NTRK3,gene-gene,0.243899274
FGF22,PDGFRA,gene-gene,0.2403709259999999
FGF22,PDGFRB,gene-gene,0.6340580960000001
FGF22,RET,gene-gene,0.39705144
FGF22,TEK,gene-gene,0.33363868
FGF23,CSF1R,gene-gene,0.223465526
FGF23,EGFR,gene-gene,0.28228221
FGF23,EPHA2,gene-gene,0.306598268
FGF23,ERBB2,gene-gene,0.306441388
FGF23,ERBB3,gene-gene,0.2439813756
FGF23,ERBB4,gene-gene,0.2864679719999999
FGF23,FGFR2,gene-gene,0.3535036
FGF23,FGFR3,gene-gene,0.2834802321999999
FGF23,FLT3,gene-gene,0.2424106388
FGF23,FLT4,gene-gene,0.2030367108
FGF23,IGF1R,gene-gene,0.2056659336
FGF23,INSR,gene-gene,0.3099672
FGF23,KDR,gene-gene,0.37836463
FGF23,KIT,gene-gene,0.61314929
FGF23,MET,gene-gene,0.275312646
FGF23,NGFR,gene-gene,0.2753534412
FGF23,NTRK1,gene-gene,0.292010208
FGF23,NTRK2,gene-gene,0.3162691514
FGF23,NTRK3,gene-gene,0.2787040209999999
FGF23,PDGFRB,gene-gene,0.375061302
FGF23,TEK,gene-gene,0.262801878
FGF3,CSF1R,gene-gene,0.28023568
FGF3,EGFR,gene-gene,0.330178308
FGF3,EPHA2,gene-gene,0.52718766
FGF3,ERBB2,gene-gene,0.343433588
FGF3,ERBB3,gene-gene,0.2004089419999999
FGF3,FGFR1,gene-gene,0.256026884
FGF3,FGFR2,gene-gene,0.50172995
FGF3,FGFR3,gene-gene,0.2341080672
FGF3,FGFR4,gene-gene,0.325635304
FGF3,FLT1,gene-gene,0.27867701
FGF3,FLT3,gene-gene,0.31465655
FGF3,FLT4,gene-gene,0.22327862
FGF3,IGF1R,gene-gene,0.285716829
FGF3,INSR,gene-gene,0.2030314482
FGF3,KDR,gene-gene,0.310291628
FGF3,KIT,gene-gene,0.641083506
FGF3,MET,gene-gene,0.2061881536
FGF3,MST1R,gene-gene,0.2624157766
FGF3,NGFR,gene-gene,0.336573714
FGF3,NTRK2,gene-gene,0.351955491
FGF3,NTRK3,gene-gene,0.2460119972
FGF3,PDGFRA,gene-gene,0.30440724
FGF3,PDGFRB,gene-gene,0.461396714
FGF3,RET,gene-gene,0.379279694
FGF3,TEK,gene-gene,0.31870732
FGF4,EGFR,gene-gene,0.406349862
FGF4,EPHA2,gene-gene,0.499399072
FGF4,ERBB4,gene-gene,0.263419508
FGF4,FGFR1,gene-gene,0.270299308
FGF4,FGFR2,gene-gene,0.441217723
FGF4,FGFR3,gene-gene,0.230926788
FGF4,FGFR4,gene-gene,0.22825426
FGF4,FLT3,gene-gene,0.27474602
FGF4,FLT4,gene-gene,0.3583232699999999
FGF4,IGF1R,gene-gene,0.3944185
FGF4,INSR,gene-gene,0.2079301692
FGF4,KDR,gene-gene,0.262495166
FGF4,KIT,gene-gene,0.52090295
FGF4,MET,gene-gene,0.2206971519999999
FGF4,MST1R,gene-gene,0.247345724
FGF4,NGFR,gene-gene,0.2734570428
FGF4,NTRK1,gene-gene,0.290696574
FGF4,NTRK2,gene-gene,0.239185298
FGF4,NTRK3,gene-gene,0.3193736
FGF4,PDGFRA,gene-gene,0.2298746539999999
FGF4,PDGFRB,gene-gene,0.448011094
FGF4,RET,gene-gene,0.238398252
FGF4,TEK,gene-gene,0.30030668
FGF5,CSF1R,gene-gene,0.3252243192
FGF5,EGFR,gene-gene,0.44671512
FGF5,EPHA2,gene-gene,0.545195396
FGF5,ERBB2,gene-gene,0.22056725634
FGF5,ERBB4,gene-gene,0.3517073599999999
FGF5,FGFR1,gene-gene,0.251455292
FGF5,FGFR2,gene-gene,0.623507458
FGF5,FGFR3,gene-gene,0.260331418
FGF5,FGFR4,gene-gene,0.2634897416
FGF5,IGF1R,gene-gene,0.31452575
FGF5,INSR,gene-gene,0.2991564188
FGF5,KDR,gene-gene,0.269701594
FGF5,KIT,gene-gene,0.365090464
FGF5,MET,gene-gene,0.2461004876
FGF5,NGFR,gene-gene,0.276868656
FGF5,NTRK2,gene-gene,0.2317247714
FGF5,NTRK3,gene-gene,0.2999013212
FGF5,PDGFRA,gene-gene,0.203855444
FGF5,PDGFRB,gene-gene,0.45818133
FGF5,RET,gene-gene,0.275385882
FGF5,TEK,gene-gene,0.3080139986
FGF6,CSF1R,gene-gene,0.2553458314
FGF6,EGFR,gene-gene,0.284373252
FGF6,EPHA2,gene-gene,0.547039046
FGF6,ERBB2,gene-gene,0.237377368
FGF6,ERBB3,gene-gene,0.212359308
FGF6,ERBB4,gene-gene,0.360990486
FGF6,FGFR1,gene-gene,0.289191836
FGF6,FGFR2,gene-gene,0.485925426
FGF6,FGFR3,gene-gene,0.216355091
FGF6,FLT1,gene-gene,0.506356716
FGF6,FLT3,gene-gene,0.217809272
FGF6,FLT4,gene-gene,0.273621126
FGF6,INSR,gene-gene,0.352170526
FGF6,KDR,gene-gene,0.36281417
FGF6,KIT,gene-gene,0.5663977960000001
FGF6,MET,gene-gene,0.295418898
FGF6,MST1R,gene-gene,0.278341069
FGF6,NTRK1,gene-gene,0.363464244
FGF6,NTRK2,gene-gene,0.224588194
FGF6,NTRK3,gene-gene,0.225218756
FGF6,PDGFRA,gene-gene,0.29002135
FGF6,PDGFRB,gene-gene,0.350203486
FGF6,RET,gene-gene,0.2737419131999999
FGF6,TEK,gene-gene,0.35303289
FGF7,CSF1R,gene-gene,0.200361124
FGF7,EGFR,gene-gene,0.4264239359999999
FGF7,EPHA2,gene-gene,0.641066846
FGF7,ERBB2,gene-gene,0.264740424
FGF7,ERBB3,gene-gene,0.2593910924
FGF7,ERBB4,gene-gene,0.382147894
FGF7,FGFR1,gene-gene,0.3428308
FGF7,FGFR2,gene-gene,0.577971814
FGF7,FGFR3,gene-gene,0.2047551379999999
FGF7,FGFR4,gene-gene,0.3558225172
FGF7,FLT3,gene-gene,0.2875722539999999
FGF7,FLT4,gene-gene,0.369052616
FGF7,IGF1R,gene-gene,0.3670308999999999
FGF7,INSR,gene-gene,0.276875685
FGF7,KIT,gene-gene,0.3912277899999999
FGF7,NGFR,gene-gene,0.3552971698
FGF7,NTRK1,gene-gene,0.228188474
FGF7,NTRK2,gene-gene,0.318463896
FGF7,NTRK3,gene-gene,0.418866534
FGF7,PDGFRB,gene-gene,0.543361438
FGF7,TEK,gene-gene,0.2805277652
FGF8,CSF1R,gene-gene,0.202221416
FGF8,EGFR,gene-gene,0.334847672
FGF8,EPHA2,gene-gene,0.53827929
FGF8,ERBB2,gene-gene,0.375465762
FGF8,ERBB4,gene-gene,0.3072474879999999
FGF8,FGFR1,gene-gene,0.222304364
FGF8,FGFR2,gene-gene,0.370486654
FGF8,FGFR3,gene-gene,0.2453118034
FGF8,FGFR4,gene-gene,0.34063501
FGF8,FLT1,gene-gene,0.399553518
FGF8,FLT3,gene-gene,0.267995887
FGF8,FLT4,gene-gene,0.3387517439999999
FGF8,IGF1R,gene-gene,0.3775916948
FGF8,INSR,gene-gene,0.3130699019999999
FGF8,KIT,gene-gene,0.545393572
FGF8,MET,gene-gene,0.2322771408
FGF8,MST1R,gene-gene,0.325840692
FGF8,NGFR,gene-gene,0.232876618
FGF8,NTRK1,gene-gene,0.2936387219999999
FGF8,NTRK2,gene-gene,0.2221731619999999
FGF8,NTRK3,gene-gene,0.3322714089999999
FGF8,PDGFRA,gene-gene,0.308057716
FGF8,PDGFRB,gene-gene,0.481630146
FGF8,RET,gene-gene,0.2442879154
FGF8,TEK,gene-gene,0.268974218
FGF9,CSF1R,gene-gene,0.36801541
FGF9,EGFR,gene-gene,0.424848674
FGF9,EPHA2,gene-gene,0.528203908
FGF9,ERBB2,gene-gene,0.265480778
FGF9,ERBB3,gene-gene,0.342513712
FGF9,ERBB4,gene-gene,0.284525084
FGF9,FGFR1,gene-gene,0.2626985692
FGF9,FGFR2,gene-gene,0.5351573220000001
FGF9,FGFR3,gene-gene,0.271486884
FGF9,FGFR4,gene-gene,0.301888786
FGF9,FLT1,gene-gene,0.2036720792
FGF9,FLT3,gene-gene,0.275737448
FGF9,FLT4,gene-gene,0.2182018706
FGF9,IGF1R,gene-gene,0.5105864419999999
FGF9,KDR,gene-gene,0.228867693
FGF9,KIT,gene-gene,0.544013412
FGF9,MET,gene-gene,0.272887844
FGF9,MST1R,gene-gene,0.26583416
FGF9,NTRK1,gene-gene,0.378714198
FGF9,NTRK2,gene-gene,0.372638656
FGF9,NTRK3,gene-gene,0.2765596508
FGF9,PDGFRA,gene-gene,0.2049806644
FGF9,PDGFRB,gene-gene,0.366798092
FGF9,TEK,gene-gene,0.3356474353999999
FGFR1,CRK,gene-gene,0.2261860259999999
FGFR1,CRKL,gene-gene,0.23550108
FGFR1,GRB2,gene-gene,0.335512522
FGFR1,HRAS,gene-gene,0.2693767487999999
FGFR1,IRS1,gene-gene,0.36237404
FGFR1,KRAS,gene-gene,0.3120823359999999
FGFR1,NRAS,gene-gene,0.288128636
FGFR1,PIK3CA,gene-gene,0.320108016
FGFR1,PIK3CB,gene-gene,0.344080496
FGFR1,PIK3CD,gene-gene,0.353147506
FGFR1,PIK3R1,gene-gene,0.424921664
FGFR1,PIK3R2,gene-gene,0.2776824491999999
FGFR1,PIK3R3,gene-gene,0.294073756
FGFR1,PLCB1,gene-gene,0.2704373439999999
FGFR1,PLCB2,gene-gene,0.2670669568
FGFR1,PLCB3,gene-gene,0.30129799
FGFR1,PLCB4,gene-gene,0.2726480839999999
FGFR1,PLCG1,gene-gene,0.308729148
FGFR1,SHC2,gene-gene,0.38228398
FGFR1,SHC3,gene-gene,0.31935121
FGFR2,CRK,gene-gene,0.4648541619999999
FGFR2,CRKL,gene-gene,0.361775636
FGFR2,GRB2,gene-gene,0.383453444
FGFR2,HRAS,gene-gene,0.47237368
FGFR2,IRS1,gene-gene,0.54094921
FGFR2,KRAS,gene-gene,0.70011782
FGFR2,NRAS,gene-gene,0.464938818
FGFR2,PIK3CA,gene-gene,0.82234856
FGFR2,PIK3CB,gene-gene,0.38130513
FGFR2,PIK3CD,gene-gene,0.427574086
FGFR2,PIK3R1,gene-gene,0.373701034
FGFR2,PIK3R2,gene-gene,0.644684158
FGFR2,PIK3R3,gene-gene,0.480012982
FGFR2,PLCB1,gene-gene,0.517513222
FGFR2,PLCB2,gene-gene,0.592514674
FGFR2,PLCB3,gene-gene,0.374319716
FGFR2,PLCB4,gene-gene,0.51303004
FGFR2,PLCG1,gene-gene,0.484765478
FGFR2,PLCG2,gene-gene,0.408071278
FGFR2,SHC1,gene-gene,0.396676922
FGFR2,SHC2,gene-gene,0.4994706219999999
FGFR2,SHC3,gene-gene,0.46497334
FGFR2,SHC4,gene-gene,0.5975422499999999
FGFR3,CRK,gene-gene,0.324205452
FGFR3,GRB2,gene-gene,0.2193930726
FGFR3,HRAS,gene-gene,0.218372198
FGFR3,IRS1,gene-gene,0.404805456
FGFR3,KRAS,gene-gene,0.298477748
FGFR3,NRAS,gene-gene,0.2656303279999999
FGFR3,PIK3CA,gene-gene,0.2382196172
FGFR3,PIK3CB,gene-gene,0.32561058
FGFR3,PIK3CD,gene-gene,0.4141561948
FGFR3,PIK3R1,gene-gene,0.352474712
FGFR3,PIK3R2,gene-gene,0.2044611639999999
FGFR3,PIK3R3,gene-gene,0.347896186
FGFR3,PLCB1,gene-gene,0.317970246
FGFR3,PLCB2,gene-gene,0.2870389915999999
FGFR3,PLCB3,gene-gene,0.31544621
FGFR3,PLCB4,gene-gene,0.270968494
FGFR3,PLCG1,gene-gene,0.318971224
FGFR3,PLCG2,gene-gene,0.221175564
FGFR3,SHC1,gene-gene,0.21287226
FGFR3,SHC2,gene-gene,0.434696628
FGFR3,SHC3,gene-gene,0.285645386
FGFR3,SHC4,gene-gene,0.339900934
FGFR4,CRKL,gene-gene,0.290365318
FGFR4,GRB2,gene-gene,0.293521686
FGFR4,HRAS,gene-gene,0.2229241906
FGFR4,IRS1,gene-gene,0.478806696
FGFR4,KRAS,gene-gene,0.312678236
FGFR4,NRAS,gene-gene,0.290296824
FGFR4,PIK3CA,gene-gene,0.3470948214
FGFR4,PIK3R1,gene-gene,0.2112330859999999
FGFR4,PIK3R2,gene-gene,0.218906812
FGFR4,PIK3R3,gene-gene,0.292328944
FGFR4,PLCB1,gene-gene,0.32927603
FGFR4,PLCB2,gene-gene,0.332831134
FGFR4,PLCB3,gene-gene,0.355187824
FGFR4,PLCB4,gene-gene,0.37434655
FGFR4,PLCG2,gene-gene,0.314564736
FGFR4,SHC1,gene-gene,0.331234866
FGFR4,SHC2,gene-gene,0.406615428
FGFR4,SHC4,gene-gene,0.295377342
FGR,DOCK2,gene-gene,0.37060644
FGR,ELMO1,gene-gene,0.409173608
FGR,ITK,gene-gene,0.441875674
FGR,PIK3CA,gene-gene,0.4660009580000001
FGR,PIK3CB,gene-gene,0.582479678
FGR,PIK3CD,gene-gene,0.373645104
FGR,PIK3CG,gene-gene,0.447550046
FGR,PIK3R1,gene-gene,0.5061732919999999
FGR,PIK3R2,gene-gene,0.41397969
FGR,PIK3R3,gene-gene,0.3318765959999999
FGR,PIK3R5,gene-gene,0.521007106
FGR,PIK3R6,gene-gene,0.380434094
FGR,PTK2,gene-gene,0.4942728019999999
FGR,PTK2B,gene-gene,0.487103888
FGR,SHC1,gene-gene,0.352331894
FGR,SHC2,gene-gene,0.510774622
FGR,SHC3,gene-gene,0.51964798
FGR,SHC4,gene-gene,0.45833081
FLT1,CRK,gene-gene,0.433457388
FLT1,CRKL,gene-gene,0.239190498
FLT1,GRB2,gene-gene,0.452795564
FLT1,IRS1,gene-gene,0.4125855813999999
FLT1,PLCB1,gene-gene,0.280997761
FLT1,PLCB2,gene-gene,0.397988358
FLT1,PLCB3,gene-gene,0.256712496
FLT1,PLCG1,gene-gene,0.249821352
FLT1,PLCG2,gene-gene,0.2184137502
FLT1,SHC1,gene-gene,0.414310768
FLT1,SHC2,gene-gene,0.356483514
FLT1,SHC3,gene-gene,0.2774635479999999
FLT1,SHC4,gene-gene,0.316364254
FLT3,GRB2,gene-gene,0.3109177112
FLT3,IRS1,gene-gene,0.389002166
FLT3,SHC1,gene-gene,0.367339513
FLT3,SHC2,gene-gene,0.231927849
FLT3,SHC3,gene-gene,0.343615746
FLT3,SHC4,gene-gene,0.344852236
FLT3LG,CSF1R,gene-gene,0.405231865
FLT3LG,EGFR,gene-gene,0.313301348
FLT3LG,EPHA2,gene-gene,0.4260607819999999
FLT3LG,ERBB2,gene-gene,0.39094734
FLT3LG,ERBB4,gene-gene,0.22834056
FLT3LG,FGFR2,gene-gene,0.4024917139999999
FLT3LG,FGFR4,gene-gene,0.3221703159999999
FLT3LG,FLT1,gene-gene,0.30873948
FLT3LG,FLT3,gene-gene,0.36662812
FLT3LG,FLT4,gene-gene,0.359110968
FLT3LG,IGF1R,gene-gene,0.369254268
FLT3LG,KDR,gene-gene,0.331464724
FLT3LG,KIT,gene-gene,0.59601605
FLT3LG,MET,gene-gene,0.213218708
FLT3LG,NGFR,gene-gene,0.277672186
FLT3LG,NTRK1,gene-gene,0.376190868
FLT3LG,NTRK2,gene-gene,0.293796348
FLT3LG,PDGFRA,gene-gene,0.219553044
FLT3LG,PDGFRB,gene-gene,0.4864210439999999
FLT3LG,TEK,gene-gene,0.2222226759999999
FLT4,CRK,gene-gene,0.31594325
FLT4,CRKL,gene-gene,0.296730259
FLT4,GRB2,gene-gene,0.2394924672
FLT4,IRS1,gene-gene,0.428605778
FLT4,PLCB1,gene-gene,0.274588316
FLT4,PLCB2,gene-gene,0.32864792
FLT4,PLCB3,gene-gene,0.373880738
FLT4,PLCB4,gene-gene,0.336856303
FLT4,PLCG1,gene-gene,0.2282154368
FLT4,PLCG2,gene-gene,0.3124879
FLT4,SHC1,gene-gene,0.367991204
FLT4,SHC2,gene-gene,0.293446918
FLT4,SHC3,gene-gene,0.309226955
FLT4,SHC4,gene-gene,0.30987069
FOS,CCL11,gene-gene,0.2475802212
FOS,CCL20,gene-gene,0.2092281349999999
FOS,CCL3,gene-gene,0.2165909423999999
FOS,CCL3L1,gene-gene,0.246151462
FOS,CCL3L3,gene-gene,0.2245740571999999
FOS,CCL4,gene-gene,0.273261302
FOS,CSF3,gene-gene,0.25044655
FOS,CXCL1,gene-gene,0.2390484379999999
FOS,CXCL2,gene-gene,0.2665863426
FOS,CXCL3,gene-gene,0.425734188
FOS,CXCL5,gene-gene,0.2591936948
FOS,CXCL6,gene-gene,0.255828061
FOS,CXCL8,gene-gene,0.21824274
FOS,DEFB4A,gene-gene,0.316763932
FOS,IFNG,gene-gene,0.32213299
FOS,IL10,gene-gene,0.363334924
FOS,IL12A,gene-gene,0.211614986
FOS,IL12B,gene-gene,0.242852828
FOS,IL13,gene-gene,0.2179396039999999
FOS,IL2,gene-gene,0.277179291
FOS,IL4,gene-gene,0.377380534
FOS,IL5,gene-gene,0.413355798
FOS,IL6,gene-gene,0.2147582819999999
FOS,LCN2,gene-gene,0.283935104
FOS,MMP1,gene-gene,0.293535954
FOS,MMP13,gene-gene,0.221325414
FOS,MMP9,gene-gene,0.228792194
FOS,MUC5B,gene-gene,0.204021225
FOS,PTGS2,gene-gene,0.452361042
FOS,S100A7A,gene-gene,0.2399799859999999
FOS,S100A8,gene-gene,0.279118946
FOS,TNF,gene-gene,0.425503918
FOSB,CCL11,gene-gene,0.296902136
FOSB,CCL2,gene-gene,0.29027018
FOSB,CCL7,gene-gene,0.259669408
FOSB,CSF2,gene-gene,0.2349212976
FOSB,CSF3,gene-gene,0.268752846
FOSB,CXCL5,gene-gene,0.366115824
FOSB,DEFB4A,gene-gene,0.2359046779999999
FOSB,DEFB4B,gene-gene,0.268821342
FOSB,IFNG,gene-gene,0.228326918
FOSB,IL13,gene-gene,0.2804505739999999
FOSB,IL1B,gene-gene,0.2099958519999999
FOSB,IL4,gene-gene,0.340710194
FOSB,IL5,gene-gene,0.3263493328
FOSB,IL6,gene-gene,0.3225298239999999
FOSB,LCN2,gene-gene,0.2756527568
FOSB,MMP1,gene-gene,0.337733848
FOSB,MMP13,gene-gene,0.269995906
FOSB,MMP9,gene-gene,0.236699476
FOSB,MUC5B,gene-gene,0.2261726979999999
FOSB,PTGS2,gene-gene,0.509779844
FOSB,S100A8,gene-gene,0.221055348
FOSB,S100A9,gene-gene,0.2043735059999999
FOSB,TNF,gene-gene,0.6225549260000001
FOSL1,CCL11,gene-gene,0.2222996408
FOSL1,CCL17,gene-gene,0.2323402788
FOSL1,CCL2,gene-gene,0.237340278
FOSL1,CCL20,gene-gene,0.2683776439999999
FOSL1,CCL7,gene-gene,0.290526592
FOSL1,CSF2,gene-gene,0.3291572654
FOSL1,CXCL5,gene-gene,0.334847268
FOSL1,CXCL6,gene-gene,0.226475273
FOSL1,CXCL8,gene-gene,0.26978775
FOSL1,DEFB4A,gene-gene,0.218539934
FOSL1,DEFB4B,gene-gene,0.2214037546
FOSL1,IFNG,gene-gene,0.364928348
FOSL1,IL13,gene-gene,0.40212211
FOSL1,IL4,gene-gene,0.2278877399999999
FOSL1,IL5,gene-gene,0.3066513791999999
FOSL1,IL6,gene-gene,0.296149768
FOSL1,LCN2,gene-gene,0.3217450208
FOSL1,MMP1,gene-gene,0.329628616
FOSL1,MMP13,gene-gene,0.261728518
FOSL1,MMP3,gene-gene,0.2733695565999999
FOSL1,MMP9,gene-gene,0.275517448
FOSL1,MUC5B,gene-gene,0.312223602
FOSL1,PTGS2,gene-gene,0.5595879800000001
FOSL1,S100A8,gene-gene,0.2565556105
FOSL1,TNF,gene-gene,0.6574753959999999
FOXO1,CCND1,gene-gene,0.22882365
FOXO3,GADD45G,gene-gene,0.2025363191999999
FOXO3,PCK1,gene-gene,0.225462027
FYN,GAB2,gene-gene,0.5641616700000001
FYN,LCK,gene-gene,0.696845272
FYN,ZAP70,gene-gene,0.581365092
FZD10,PLCB1,gene-gene,0.253142206
FZD2,PLCB4,gene-gene,0.287772164
FZD4,PLCB1,gene-gene,0.253731384
FZD4,PLCB2,gene-gene,0.2415036129999999
FZD5,PLCB2,gene-gene,0.2181005439999999
FZD5,PLCB3,gene-gene,0.268437442
FZD5,PLCB4,gene-gene,0.231942936
FZD8,PLCB4,gene-gene,0.2442052579999999
FZD9,PLCB4,gene-gene,0.2079943232
GAB1,PIK3CA,gene-gene,0.3285973299999999
GAB1,PIK3CB,gene-gene,0.2801276553999999
GAB1,PIK3CD,gene-gene,0.4048485539999999
GAB1,PIK3R1,gene-gene,0.370470106
GAB1,PIK3R2,gene-gene,0.3013386919999999
GAB1,PIK3R3,gene-gene,0.2619935
GAB1,SOS1,gene-gene,0.21050502684
GAB2,PIK3CA,gene-gene,0.457067288
GAB2,PIK3CB,gene-gene,0.34104857
GAB2,PIK3CD,gene-gene,0.38655957
GAB2,PIK3R1,gene-gene,0.343390924
GAB2,PIK3R2,gene-gene,0.436639598
GAB2,PIK3R3,gene-gene,0.3841129426
GAB2,SOS2,gene-gene,0.207213556
GDNF,EGFR,gene-gene,0.344995822
GDNF,ERBB2,gene-gene,0.2232923872
GDNF,ERBB4,gene-gene,0.258740262
GDNF,FGFR1,gene-gene,0.2055588132
GDNF,FGFR2,gene-gene,0.43174409
GDNF,FGFR3,gene-gene,0.206199002
GDNF,FLT1,gene-gene,0.288758278
GDNF,FLT4,gene-gene,0.219439618
GDNF,KDR,gene-gene,0.263958888
GDNF,MST1R,gene-gene,0.26763975
GDNF,NTRK1,gene-gene,0.2515243319999999
GDNF,NTRK2,gene-gene,0.238442738
GDNF,PDGFRA,gene-gene,0.2425452659999999
GDNF,PDGFRB,gene-gene,0.397103388
GDNF,RET,gene-gene,0.2386545659999999
GH1,PDGFRB,gene-gene,0.401066852
GH2,EGFR,gene-gene,0.325538102
GH2,JAK3,gene-gene,0.2013902956
GH2,PDGFRB,gene-gene,0.537205126
GLI1,BCL2,gene-gene,0.620462702
GLI1,CCND1,gene-gene,0.222675864
GLI1,CCND2,gene-gene,0.206986202
GLI1,PTCH1,gene-gene,0.2009325259999999
GLI1,PTCH2,gene-gene,0.2163924739999999
GLI1,SUFU,gene-gene,0.2050322732
GLI2,BCL2,gene-gene,0.697675706
GLI2,CCND1,gene-gene,0.325247548
GLI2,CCND2,gene-gene,0.2207931154
GLI2,KIF7,gene-gene,0.36707848
GLI2,PTCH1,gene-gene,0.208851599
GLI3,BCL2,gene-gene,0.5816589719999999
GLI3,CCND1,gene-gene,0.234218306
GLI3,CCND2,gene-gene,0.3173837579999999
GLI3,PTCH2,gene-gene,0.211574087588
GNA11,PLCB4,gene-gene,0.2167666302
GNA13,RHOA,gene-gene,0.230256018
GNAI1,FGR,gene-gene,0.4668432919999999
GNAI1,GNB1,gene-gene,0.24871348
GNAI1,HRAS,gene-gene,0.324704792
GNAI1,KCNJ9,gene-gene,0.2168974622
GNAI1,LYN,gene-gene,0.4835387439999999
GNAI1,NOS3,gene-gene,0.219538835
GNAI1,PIK3CA,gene-gene,0.3762964059999999
GNAI1,PIK3CB,gene-gene,0.4091816599999999
GNAI1,PIK3CD,gene-gene,0.298195078
GNAI1,PIK3R2,gene-gene,0.377881522
GNAI1,PIK3R3,gene-gene,0.239030146
GNAI1,PIK3R5,gene-gene,0.2235457164
GNAI1,PIK3R6,gene-gene,0.2442198572
GNAI1,PLCB1,gene-gene,0.331433184
GNAI1,PLCB4,gene-gene,0.289826664
GNAI1,SRC,gene-gene,0.5442752439999999
GNAI2,FGR,gene-gene,0.399830126
GNAI2,GNB5,gene-gene,0.241321596
GNAI2,GNG8,gene-gene,0.201347142
GNAI2,HRAS,gene-gene,0.20202249
GNAI2,KCNJ5,gene-gene,0.243605984
GNAI2,LYN,gene-gene,0.336169064
GNAI2,NRAS,gene-gene,0.291814916
GNAI2,PIK3CA,gene-gene,0.263357556
GNAI2,PIK3CB,gene-gene,0.361775198
GNAI2,PIK3CD,gene-gene,0.304474108
GNAI2,PIK3R1,gene-gene,0.2997655099999999
GNAI2,PIK3R2,gene-gene,0.4078595459999999
GNAI2,PIK3R3,gene-gene,0.276643174
GNAI2,PIK3R6,gene-gene,0.217552464
GNAI2,PLCB1,gene-gene,0.322225976
GNAI2,PLCB2,gene-gene,0.357293724
GNAI2,PLCB3,gene-gene,0.336301544
GNAI2,PLCB4,gene-gene,0.219439452
GNAI2,PRKCE,gene-gene,0.2231465899999999
GNAI2,SRC,gene-gene,0.5660123739999999
GNAI3,FGR,gene-gene,0.3404141611999999
GNAI3,GNG10,gene-gene,0.2372292599999999
GNAI3,KRAS,gene-gene,0.26440384
GNAI3,LYN,gene-gene,0.471092244
GNAI3,NOS3,gene-gene,0.20623381
GNAI3,NRAS,gene-gene,0.211129468
GNAI3,PIK3CA,gene-gene,0.3680424978
GNAI3,PIK3CB,gene-gene,0.361865048
GNAI3,PIK3CD,gene-gene,0.275509264
GNAI3,PIK3R1,gene-gene,0.310934146
GNAI3,PIK3R2,gene-gene,0.30468244
GNAI3,PIK3R5,gene-gene,0.2397134668
GNAI3,PLCB1,gene-gene,0.297429746
GNAI3,PLCB2,gene-gene,0.354511274
GNAI3,PLCB3,gene-gene,0.2424380559999999
GNAI3,PLCB4,gene-gene,0.289158698
GNAI3,SRC,gene-gene,0.613687958
GNAO1,PIK3CG,gene-gene,0.2272199339999999
GNAO1,PLCB3,gene-gene,0.30041814
GNAO1,SRC,gene-gene,0.471996832
GNAQ,PRKAB1,gene-gene,0.2985090019999999
GNAS,SRC,gene-gene,0.484041212
GNB1,PIK3R1,gene-gene,0.225734426
GNB1,PIK3R2,gene-gene,0.2221334365999999
GNB1,PLCB3,gene-gene,0.20317607
GNB1,PRKAB2,gene-gene,0.2174549599999999
GNB2,PIK3CD,gene-gene,0.24819337168
GNB2,PIK3R1,gene-gene,0.34528785
GNB2,PIK3R3,gene-gene,0.3090859112
GNB2,PLCB3,gene-gene,0.214910212
GNB2,PRKAG2,gene-gene,0.2934834006
GNB3,PIK3CA,gene-gene,0.225321724
GNB3,PIK3CB,gene-gene,0.2178696695
GNB3,PIK3R1,gene-gene,0.21426397
GNB3,PIK3R3,gene-gene,0.23539746614
GNB3,PRKAA1,gene-gene,0.223782295
GNB4,PIK3CB,gene-gene,0.253120927
GNB4,PIK3CD,gene-gene,0.2180658472
GNB4,PIK3R3,gene-gene,0.2443716252
GNB4,PLCB2,gene-gene,0.2137349168
GNB4,PLCB3,gene-gene,0.2238263208
GNB4,PRKAA2,gene-gene,0.2817733668
GNB4,PRKAB1,gene-gene,0.21099245
GNB4,PRKAG2,gene-gene,0.2311035032
GNB5,PIK3R1,gene-gene,0.2089589504
GNB5,PLCB4,gene-gene,0.20345456
GNB5,PLCG1,gene-gene,0.264727166
GNB5,PRKAA2,gene-gene,0.2255065473999999
GNB5,PRKAG1,gene-gene,0.20743957
GNG10,PIK3CB,gene-gene,0.2209311249999999
GNG10,PLCB1,gene-gene,0.230148448
GNG11,PIK3CA,gene-gene,0.2884892812
GNG11,PIK3CD,gene-gene,0.2341314302
GNG11,PIK3R2,gene-gene,0.2075050332
GNG11,PLCB4,gene-gene,0.219479936
GNG11,PRKAB2,gene-gene,0.274477014
GNG11,PRKAG1,gene-gene,0.230325106
GNG11,PRKAG3,gene-gene,0.247691622
GNG12,PIK3CB,gene-gene,0.27243186
GNG12,PRKAA1,gene-gene,0.2318962392
GNG13,PLCB2,gene-gene,0.211390758
GNG13,PLCB4,gene-gene,0.228865178
GNG2,CAMK4,gene-gene,0.22276903249
GNG2,PIK3R2,gene-gene,0.21716518044
GNG2,PLCB2,gene-gene,0.243879818
GNG2,PRKAG1,gene-gene,0.2155026669999999
GNG3,PIK3CA,gene-gene,0.2092948814
GNG3,PIK3R2,gene-gene,0.30355785
GNG3,PLCB2,gene-gene,0.2364545817999999
GNG3,PLCB4,gene-gene,0.222615268
GNG3,PRKAA1,gene-gene,0.236052876
GNG3,PRKAB1,gene-gene,0.235882806
GNG3,PRKAG2,gene-gene,0.221136189
GNG4,PLCB3,gene-gene,0.264529337
GNG5,HRAS,gene-gene,0.2052046469999999
GNG5,PIK3CA,gene-gene,0.2254675719999999
GNG5,PIK3CB,gene-gene,0.3101178584
GNG5,PIK3R1,gene-gene,0.2066281834
GNG5,PIK3R3,gene-gene,0.2075660414799999
GNG5,PLCB3,gene-gene,0.28513508
GNG5,PRKAA1,gene-gene,0.265329614
GNG5,PRKAB2,gene-gene,0.2061038524
GNG5,PRKAG3,gene-gene,0.228807587
GNG7,PIK3CA,gene-gene,0.22929317814
GNG7,PIK3CB,gene-gene,0.2458349005999999
GNG7,PIK3CD,gene-gene,0.2272341749999999
GNG7,PIK3R1,gene-gene,0.2712556067999999
GNG7,PIK3R3,gene-gene,0.2424705572
GNG7,PRKAA1,gene-gene,0.2358571646
GNG7,PRKAA2,gene-gene,0.2197175039999999
GNG7,PRKAB2,gene-gene,0.200179674
GNG7,PRKAG1,gene-gene,0.219272998
GNG8,PIK3CA,gene-gene,0.235133498
GNG8,PIK3CD,gene-gene,0.23779105
GNG8,PIK3R3,gene-gene,0.236831454
GNGT1,CAMK4,gene-gene,0.243441965
GNGT1,PIK3CB,gene-gene,0.205400042
GNGT1,PIK3CD,gene-gene,0.236708706
GNGT1,PIK3R2,gene-gene,0.26057672
GNGT1,PLCB2,gene-gene,0.27622817
GNGT1,PRKAA1,gene-gene,0.2091767996
GNGT1,PRKAB1,gene-gene,0.2497463847999999
GNGT1,PRKAG1,gene-gene,0.2410977
GNGT1,PRKAG3,gene-gene,0.2216813924
GNGT2,PIK3R1,gene-gene,0.2460584306
GNGT2,PIK3R2,gene-gene,0.203324104
GNGT2,PLCB1,gene-gene,0.2004250287999999
GNGT2,PLCG2,gene-gene,0.2384736766
GNGT2,PRKAA2,gene-gene,0.2154699738
GNGT2,PRKAB1,gene-gene,0.3178100259999999
GNGT2,PRKAG1,gene-gene,0.268678958
GNGT2,PRKAG2,gene-gene,0.2442409297999999
GNGT2,PRKAG3,gene-gene,0.27862421944
GPRC6A,PLCB1,gene-gene,0.2193288219999999
GRB10,IGF1R,gene-gene,0.2331519339999999
GRB10,INSR,gene-gene,0.343607632
GRB2,CSF1R,gene-gene,0.2425636739999999
GRB2,EGFR,gene-gene,0.396304908
GRB2,EPHA2,gene-gene,0.570199012
GRB2,ERBB2,gene-gene,0.313762076
GRB2,ERBB3,gene-gene,0.2484059719999999
GRB2,ERBB4,gene-gene,0.332999654
GRB2,FGFR1,gene-gene,0.255430253
GRB2,FGFR2,gene-gene,0.632421242
GRB2,FGFR3,gene-gene,0.2720995234
GRB2,FLT1,gene-gene,0.310311442
GRB2,FLT3,gene-gene,0.2486730147999999
GRB2,FLT4,gene-gene,0.27599393
GRB2,GAB1,gene-gene,0.275182734
GRB2,GAB2,gene-gene,0.331586808
GRB2,IGF1R,gene-gene,0.241565058
GRB2,INSR,gene-gene,0.265511554
GRB2,KDR,gene-gene,0.372167816
GRB2,KIT,gene-gene,0.42780382
GRB2,MAP2K1,gene-gene,0.2086243072
GRB2,MET,gene-gene,0.266056727
GRB2,NGFR,gene-gene,0.2912059484
GRB2,NTRK1,gene-gene,0.367189098
GRB2,NTRK2,gene-gene,0.3267559439999999
GRB2,PDGFRA,gene-gene,0.390969588
GRB2,PDGFRB,gene-gene,0.398314824
GRB2,PTPN11,gene-gene,0.2473299292
GRB2,SHC1,gene-gene,0.275643588
GRB2,SHC2,gene-gene,0.25693319
GRB2,SHC3,gene-gene,0.444524718
GRB2,SHC4,gene-gene,0.26798198
GRB2,SOS1,gene-gene,0.225226706
GRB2,TEK,gene-gene,0.34620753
GRM2,PLCB4,gene-gene,0.214539554
GRM3,PLCB1,gene-gene,0.20865307766
GRM8,PLCB3,gene-gene,0.2421066242
GRM8,PLCB4,gene-gene,0.2417153356
HCK,PIK3CA,gene-gene,0.240773538
HCK,PIK3R3,gene-gene,0.218226106
HCK,SHC2,gene-gene,0.2093271692
HDAC1,CIR1,gene-gene,0.6249810960000001
HDAC1,HDAC2,gene-gene,0.7426153440000001
HDAC1,HDAC3,gene-gene,0.977023494
HDAC1,NCOR1,gene-gene,0.686990542
HDAC1,NCOR2,gene-gene,0.438057716
HDAC1,RBPJ,gene-gene,0.61413252
HDAC1,RBPJL,gene-gene,0.4989395319999999
HDAC1,RXRA,gene-gene,0.82005415
HDAC1,RXRB,gene-gene,0.717085352
HDAC1,RXRG,gene-gene,0.653808092
HDAC1,THRA,gene-gene,0.622632344
HDAC1,THRB,gene-gene,0.6295918800000001
HDAC1,TLE1,gene-gene,0.540154966
HDAC1,TLE2,gene-gene,0.5230141340000001
HDAC1,TLE3,gene-gene,0.458107066
HDAC1,TLE4,gene-gene,0.492061212
HDAC1,TLE6,gene-gene,0.575566804
HDAC2,CIR1,gene-gene,0.49953303
HDAC2,HDAC3,gene-gene,0.656810506
HDAC2,NCOR1,gene-gene,0.4062685339999999
HDAC2,NCOR2,gene-gene,0.477418578
HDAC2,RBPJ,gene-gene,0.3493106039999999
HDAC2,RBPJL,gene-gene,0.612503366
HDAC2,RXRA,gene-gene,0.825343206
HDAC2,RXRB,gene-gene,0.747824344
HDAC2,RXRG,gene-gene,0.85529932
HDAC2,THRA,gene-gene,0.510758154
HDAC2,THRB,gene-gene,0.639806988
HDAC2,TLE1,gene-gene,0.5538968959999999
HDAC2,TLE2,gene-gene,0.54555273
HDAC2,TLE3,gene-gene,0.4520999339999999
HDAC2,TLE4,gene-gene,0.546441694
HDAC2,TLE6,gene-gene,0.46361511
HDAC3,NCOR1,gene-gene,0.521658422
HDAC3,RXRA,gene-gene,0.741880776
HDAC3,RXRB,gene-gene,0.71433348
HDAC3,RXRG,gene-gene,0.74336181
HDAC3,THRA,gene-gene,0.460968748
HDAC3,THRB,gene-gene,0.531200352
HDAC4,BORCS8-MEF2B,gene-gene,0.5387131000000001
HDAC4,MEF2A,gene-gene,0.579057722
HDAC4,MEF2B,gene-gene,0.7437997
HDAC4,MEF2C,gene-gene,0.4324870759999999
HDAC4,MEF2D,gene-gene,0.446848446
HGF,EGFR,gene-gene,0.40220026
HGF,EPHA2,gene-gene,0.426413654
HGF,ERBB3,gene-gene,0.2809632266
HGF,ERBB4,gene-gene,0.2692194588
HGF,FGFR1,gene-gene,0.2662508166
HGF,FGFR2,gene-gene,0.4051282179999999
HGF,FGFR3,gene-gene,0.2467600191999999
HGF,FGFR4,gene-gene,0.270368846
HGF,FLT1,gene-gene,0.2783807219999999
HGF,FLT3,gene-gene,0.3018458679999999
HGF,FLT4,gene-gene,0.2787578
HGF,KDR,gene-gene,0.3029746679999999
HGF,KIT,gene-gene,0.4187191419999999
HGF,NTRK1,gene-gene,0.2166279072
HGF,NTRK2,gene-gene,0.284098756
HGF,NTRK3,gene-gene,0.351507696
HGF,PDGFRA,gene-gene,0.281494322
HGF,PDGFRB,gene-gene,0.41245611
HGF,RET,gene-gene,0.2478503388
HGF,TEK,gene-gene,0.312497496
HIF1A,ANGPT1,gene-gene,0.2626877726
HIF1A,ANGPT2,gene-gene,0.39825636
HIF1A,ANGPT4,gene-gene,0.417900944
HIF1A,ARNT,gene-gene,0.251953085
HIF1A,BCL2,gene-gene,0.559027062
HIF1A,CDKN1A,gene-gene,0.29175019
HIF1A,EGF,gene-gene,0.344294822
HIF1A,ENO1,gene-gene,0.2654814239999999
HIF1A,ENO4,gene-gene,0.2045909836
HIF1A,EPO,gene-gene,0.287379482
HIF1A,FLT1,gene-gene,0.341018144
HIF1A,HK2,gene-gene,0.2469071645
HIF1A,HK3,gene-gene,0.2106534111999999
HIF1A,LDHAL6A,gene-gene,0.2101160848
HIF1A,LDHC,gene-gene,0.2957507664
HIF1A,NOS2,gene-gene,0.208816558
HIF1A,NOS3,gene-gene,0.287008278
HIF1A,NPPA,gene-gene,0.2142269588
HIF1A,SERPINE1,gene-gene,0.275528998
HIF1A,TEK,gene-gene,0.39223315
HIF1A,TF,gene-gene,0.24256866
HIF1A,VEGFA,gene-gene,0.305226204
HOMER1,PIK3CA,gene-gene,0.3121439144
HOMER1,PIK3CB,gene-gene,0.275557823
HOMER1,PIK3R3,gene-gene,0.266020004
HOMER3,PIK3CA,gene-gene,0.2323191329999999
HOMER3,PIK3CB,gene-gene,0.239815956
HOMER3,PIK3R2,gene-gene,0.205933788
HRAS,FOS,gene-gene,0.335241158
HRAS,JUN,gene-gene,0.28528101
HRAS,MAP3K1,gene-gene,0.272311092
HRAS,MAPK1,gene-gene,0.3319022259999999
HRAS,MAPK10,gene-gene,0.2500277771999999
HRAS,MAPK11,gene-gene,0.309537896
HRAS,MAPK12,gene-gene,0.2191123956
HRAS,MAPK13,gene-gene,0.338111284
HRAS,MAPK14,gene-gene,0.476114368
HRAS,MAPK3,gene-gene,0.278050024
HRAS,MAPK9,gene-gene,0.307688324
HRAS,PIK3CA,gene-gene,0.27125794
HRAS,PIK3CB,gene-gene,0.264680886
HRAS,PIK3CD,gene-gene,0.232971906
HRAS,PIK3R1,gene-gene,0.263841434
HRAS,PIK3R2,gene-gene,0.293596038
HRAS,PIK3R3,gene-gene,0.2391975931999999
HRAS,RASSF1,gene-gene,0.2251170784599999
HRAS,RGL2,gene-gene,0.235429959
HSP90AA1,AKT1,gene-gene,0.26645279528
HSP90AA1,AKT2,gene-gene,0.2009115838
HSP90AA1,AKT3,gene-gene,0.2898969597999999
HSP90AB1,AKT1,gene-gene,0.308641886
HSP90B1,AKT1,gene-gene,0.2097111972
HSPA1A,MAPK10,gene-gene,0.2426115868
HSPA1A,MAPK9,gene-gene,0.205236604
HSPA1L,MAPK10,gene-gene,0.24146326
HSPA6,MAPK10,gene-gene,0.201614796
HSPA8,MAPK10,gene-gene,0.246998488
HSPA8,MAPK8,gene-gene,0.519988532
HSPA8,MAPK9,gene-gene,0.5060873607999999
HTR1E,GNAI2,gene-gene,0.2245923448
ICOS,PIK3R3,gene-gene,0.2071869168
IFNA1,EGFR,gene-gene,0.326322048
IFNA1,PDGFRB,gene-gene,0.278715006
IFNA10,EGFR,gene-gene,0.32632161
IFNA10,PDGFRA,gene-gene,0.224935806
IFNA10,PDGFRB,gene-gene,0.4890909219999999
IFNA13,EGFR,gene-gene,0.33746339
IFNA13,JAK1,gene-gene,0.2922815179999999
IFNA13,PDGFRA,gene-gene,0.2589516048
IFNA13,PDGFRB,gene-gene,0.434780292
IFNA14,EGFR,gene-gene,0.3040241544
IFNA14,PDGFRA,gene-gene,0.243817788
IFNA14,PDGFRB,gene-gene,0.6370093779999999
IFNA16,EGFR,gene-gene,0.393205542
IFNA16,PDGFRB,gene-gene,0.5897075380000001
IFNA17,EGFR,gene-gene,0.422947062
IFNA17,PDGFRB,gene-gene,0.470503348
IFNA2,EGFR,gene-gene,0.2591531567999999
IFNA2,JAK3,gene-gene,0.243883456
IFNA2,PDGFRB,gene-gene,0.421675928
IFNA21,EGFR,gene-gene,0.222369676
IFNA21,PDGFRA,gene-gene,0.2317550348
IFNA21,PDGFRB,gene-gene,0.4162149279999999
IFNA4,EGFR,gene-gene,0.427744664
IFNA4,PDGFRB,gene-gene,0.499367664
IFNA5,PDGFRB,gene-gene,0.435311018
IFNA6,EGFR,gene-gene,0.2933774108
IFNA6,PDGFRA,gene-gene,0.280399796
IFNA6,PDGFRB,gene-gene,0.6271803279999999
IFNA7,EGFR,gene-gene,0.5319555420000001
IFNA7,PDGFRB,gene-gene,0.484170078
IFNA8,EGFR,gene-gene,0.268526488
IFNA8,PDGFRB,gene-gene,0.371114848
IFNAR2,STAT1,gene-gene,0.238718608
IFNB1,EGFR,gene-gene,0.316563312
IFNB1,PDGFRB,gene-gene,0.5037214
IFNE,EGFR,gene-gene,0.293511268
IFNE,PDGFRA,gene-gene,0.3030056854
IFNE,PDGFRB,gene-gene,0.47586018
IFNG,EGFR,gene-gene,0.36148145
IFNG,PDGFRB,gene-gene,0.4912147639999999
IFNG,SMAD7,gene-gene,0.206727366
IFNGR1,NFKB1,gene-gene,0.539726334
IFNGR1,RELA,gene-gene,0.28322916
IFNGR2,NFKB1,gene-gene,0.401295666
IFNGR2,RELA,gene-gene,0.2038803408
IFNK,EGFR,gene-gene,0.392977736
IFNK,PDGFRA,gene-gene,0.2176502292
IFNK,PDGFRB,gene-gene,0.342327608
IFNL1,EGFR,gene-gene,0.395318638
IFNL1,PDGFRA,gene-gene,0.205861683
IFNL1,PDGFRB,gene-gene,0.4226251019999999
IFNL2,EGFR,gene-gene,0.266768098
IFNL2,PDGFRA,gene-gene,0.262228376
IFNL2,PDGFRB,gene-gene,0.38664906
IFNL3,EGFR,gene-gene,0.3404528608
IFNL3,PDGFRA,gene-gene,0.225678022
IFNL3,PDGFRB,gene-gene,0.581487768
IFNW1,EGFR,gene-gene,0.5023177440000001
IFNW1,PDGFRB,gene-gene,0.302509024
IGF1,CSF1R,gene-gene,0.216718452
IGF1,EGFR,gene-gene,0.380334582
IGF1,EPHA2,gene-gene,0.567352446
IGF1,ERBB2,gene-gene,0.2043050074
IGF1,ERBB3,gene-gene,0.2923022914
IGF1,ERBB4,gene-gene,0.279844354
IGF1,FGFR1,gene-gene,0.221573938
IGF1,FGFR2,gene-gene,0.4317604979999999
IGF1,FGFR3,gene-gene,0.337314508
IGF1,FGFR4,gene-gene,0.252602094
IGF1,FLT1,gene-gene,0.257952712
IGF1,FLT3,gene-gene,0.283764258
IGF1,FLT4,gene-gene,0.453838968
IGF1,IGF1R,gene-gene,0.2684673628
IGF1,INSR,gene-gene,0.460493962
IGF1,KDR,gene-gene,0.301213634
IGF1,KIT,gene-gene,0.47481234
IGF1,MET,gene-gene,0.256952928
IGF1,NGFR,gene-gene,0.2097587604
IGF1,NTRK1,gene-gene,0.39642078
IGF1,NTRK2,gene-gene,0.2805802631999999
IGF1,PDGFRA,gene-gene,0.244574334
IGF1,PDGFRB,gene-gene,0.4142321799999999
IGF1,TEK,gene-gene,0.3844789899999999
IGF1R,CRK,gene-gene,0.330779468
IGF1R,CRKL,gene-gene,0.33562749
IGF1R,GRB2,gene-gene,0.276598232
IGF1R,IRS1,gene-gene,0.304560392
IGF1R,IRS2,gene-gene,0.426293998
IGF1R,MAP2K2,gene-gene,0.326324902
IGF1R,PIK3CA,gene-gene,0.354375282
IGF1R,PIK3CB,gene-gene,0.503640648
IGF1R,PIK3CD,gene-gene,0.392875718
IGF1R,PIK3R1,gene-gene,0.294984902
IGF1R,PIK3R2,gene-gene,0.381455102
IGF1R,PIK3R3,gene-gene,0.213091856
IGF1R,PLCB1,gene-gene,0.203930548
IGF1R,PLCB2,gene-gene,0.4347831559999999
IGF1R,PLCB3,gene-gene,0.388555388
IGF1R,PLCB4,gene-gene,0.2549280188
IGF1R,SHC1,gene-gene,0.304057272
IGF1R,SHC2,gene-gene,0.452733046
IGF1R,SHC3,gene-gene,0.318451048
IGF1R,SHC4,gene-gene,0.219529638
IGF2,CSF1R,gene-gene,0.260077456
IGF2,EGFR,gene-gene,0.363713614
IGF2,EPHA2,gene-gene,0.634046074
IGF2,ERBB2,gene-gene,0.2577829
IGF2,ERBB4,gene-gene,0.2761869252
IGF2,FGFR2,gene-gene,0.493705508
IGF2,FGFR3,gene-gene,0.251507379
IGF2,FGFR4,gene-gene,0.300195464
IGF2,FLT1,gene-gene,0.2122806011999999
IGF2,FLT3,gene-gene,0.311544868
IGF2,IGF1R,gene-gene,0.33176407
IGF2,INSR,gene-gene,0.2422558352
IGF2,KDR,gene-gene,0.28222518
IGF2,KIT,gene-gene,0.6235081539999999
IGF2,NGFR,gene-gene,0.31318123
IGF2,NTRK1,gene-gene,0.205590108
IGF2,NTRK2,gene-gene,0.2456378211999999
IGF2,PDGFRB,gene-gene,0.609984706
IGFBP3,IGF1,gene-gene,0.210678813
IKBKB,FOXO3,gene-gene,0.253870699
IKBKB,IRS1,gene-gene,0.387991882
IKBKB,IRS2,gene-gene,0.394837908
IKBKB,NFKB1,gene-gene,0.628205662
IKBKB,NFKB2,gene-gene,0.3174319
IKBKB,RELA,gene-gene,0.3642285939999999
IKBKB,TBC1D7,gene-gene,0.2769679392
IKBKB,TSC1,gene-gene,0.239258058
IL10,EGFR,gene-gene,0.391292444
IL10,PDGFRB,gene-gene,0.4031675059999999
IL10,STAT3,gene-gene,0.2171443192
IL11,EGFR,gene-gene,0.278659287
IL11,PDGFRB,gene-gene,0.4561604039999999
IL12A,PDGFRB,gene-gene,0.3504782899999999
IL12B,EGFR,gene-gene,0.253454507
IL12B,PDGFRB,gene-gene,0.266508206
IL13,EGFR,gene-gene,0.283360967
IL13,PDGFRB,gene-gene,0.338218153
IL15,EGFR,gene-gene,0.284486566
IL15,PDGFRB,gene-gene,0.3381049379999999
IL17D,EGFR,gene-gene,0.313718236
IL17D,PDGFRB,gene-gene,0.5281606780000001
IL17RC,MAPK3,gene-gene,0.2343808839999999
IL19,EGFR,gene-gene,0.327836724
IL19,PDGFRB,gene-gene,0.4186690552
IL2,EGFR,gene-gene,0.305949106
IL2,JAK2,gene-gene,0.2254443772
IL2,PDGFRB,gene-gene,0.4395775979999999
IL20,EGFR,gene-gene,0.326198618
IL20,PDGFRA,gene-gene,0.202067104
IL20,PDGFRB,gene-gene,0.380418236
IL20,PRLR,gene-gene,0.221575084
IL21,EGFR,gene-gene,0.2193691391999999
IL21,PDGFRB,gene-gene,0.543092742
IL22,EGFR,gene-gene,0.245258686
IL22,PDGFRB,gene-gene,0.43032927
IL23A,EGFR,gene-gene,0.269699254
IL23A,PDGFRB,gene-gene,0.6085805719999999
IL24,EGFR,gene-gene,0.252842286
IL24,PDGFRB,gene-gene,0.396937636
IL3,EGFR,gene-gene,0.364518516
IL3,PDGFRA,gene-gene,0.23943440432
IL3,PDGFRB,gene-gene,0.505821116
IL4,EGFR,gene-gene,0.396072178
IL4,PDGFRB,gene-gene,0.350921406
IL5,EGFR,gene-gene,0.3488052592
IL5,PDGFRA,gene-gene,0.2168606146
IL5,PDGFRB,gene-gene,0.443582108
IL6,EGFR,gene-gene,0.2585729376
IL6,PDGFRB,gene-gene,0.4646401599999999
IL6,STAT3,gene-gene,0.25975322
IL6ST,PIK3CB,gene-gene,0.316933558
IL6ST,PIK3CD,gene-gene,0.228679642
IL7,PDGFRB,gene-gene,0.33474321
IL9,EGFR,gene-gene,0.272242994
IL9,PDGFRA,gene-gene,0.2118230666
IL9,PDGFRB,gene-gene,0.4978497819999999
INS,CSF1R,gene-gene,0.2115264859999999
INS,EGFR,gene-gene,0.2200918812
INS,EPHA2,gene-gene,0.585841706
INS,ERBB2,gene-gene,0.3459590372
INS,ERBB3,gene-gene,0.318290778
INS,ERBB4,gene-gene,0.243299404
INS,FGFR1,gene-gene,0.2445387859999999
INS,FGFR2,gene-gene,0.481490256
INS,FGFR3,gene-gene,0.2258374812
INS,FGFR4,gene-gene,0.2430463759999999
INS,FLT3,gene-gene,0.283872694
INS,FLT4,gene-gene,0.220800491
INS,INSR,gene-gene,0.3002447339999999
INS,KDR,gene-gene,0.2575451874
INS,KIT,gene-gene,0.744414474
INS,MET,gene-gene,0.2717249012
INS,NGFR,gene-gene,0.376232639
INS,NTRK1,gene-gene,0.284015808
INS,PDGFRA,gene-gene,0.214565225
INS,PDGFRB,gene-gene,0.51582932
INS,TEK,gene-gene,0.376878828
INSR,CBLB,gene-gene,0.2538489914
INSR,CRK,gene-gene,0.427462898
INSR,CRKL,gene-gene,0.2963499188
INSR,GAB1,gene-gene,0.30223893
INSR,GAB2,gene-gene,0.2468311708
INSR,GRB2,gene-gene,0.262427595
INSR,IRS1,gene-gene,0.2984108186
INSR,IRS2,gene-gene,0.364376808
INSR,MAP2K2,gene-gene,0.284910714
INSR,PIK3CA,gene-gene,0.219734505
INSR,PIK3CB,gene-gene,0.254585058
INSR,PIK3CD,gene-gene,0.201480477
INSR,PIK3R1,gene-gene,0.215124816
INSR,PIK3R2,gene-gene,0.32809898
INSR,PIK3R3,gene-gene,0.3777389379999999
INSR,PLCB1,gene-gene,0.312381358
INSR,PLCB2,gene-gene,0.433394496
INSR,PLCB3,gene-gene,0.241216032
INSR,PLCB4,gene-gene,0.3242185119999999
INSR,PTPN11,gene-gene,0.42992184
INSR,SH2B2,gene-gene,0.2166138568
INSR,SHC1,gene-gene,0.285552456
INSR,SHC2,gene-gene,0.399719758
INSR,SHC3,gene-gene,0.4438699
INSR,SHC4,gene-gene,0.239759308
IRAK2,IKBKB,gene-gene,0.2569951884
IRF1,IFNB1,gene-gene,0.2345952468
IRF1,IL12A,gene-gene,0.229017278
IRF3,IFNA14,gene-gene,0.241821968
IRF3,IFNA16,gene-gene,0.239783106
IRF3,IFNA5,gene-gene,0.2308790419999999
IRF5,CCL3,gene-gene,0.219436502
IRF5,CCL3L3,gene-gene,0.2365944741399999
IRF5,CCL4,gene-gene,0.2155479598
IRF5,IL12A,gene-gene,0.218850476
IRF5,TNF,gene-gene,0.459649646
IRF7,IFNA14,gene-gene,0.2018408103999999
IRF7,IFNA2,gene-gene,0.2273289624
IRF7,IFNA4,gene-gene,0.218291
IRF7,IFNA8,gene-gene,0.2348786319999999
IRF9,IL17D,gene-gene,0.25127442
IRF9,STAT1,gene-gene,0.395163594
IRF9,STAT2,gene-gene,0.434583992
IRS1,PIK3CA,gene-gene,0.317177788
IRS1,PIK3CB,gene-gene,0.2867726748
IRS1,PIK3CD,gene-gene,0.340121276
IRS1,PIK3CG,gene-gene,0.373632048
IRS1,PIK3R1,gene-gene,0.347029176
IRS1,PIK3R2,gene-gene,0.378305748
IRS1,PIK3R3,gene-gene,0.3032580379999999
IRS1,PIK3R5,gene-gene,0.2515946308
IRS1,PIK3R6,gene-gene,0.388286186
IRS2,GRB2,gene-gene,0.42281677
IRS2,PIK3CA,gene-gene,0.32822007
IRS2,PIK3CB,gene-gene,0.4677243599999999
IRS2,PIK3CD,gene-gene,0.5040520479999999
IRS2,PIK3CG,gene-gene,0.31483114
IRS2,PIK3R1,gene-gene,0.274813294
IRS2,PIK3R2,gene-gene,0.3800648493999999
IRS2,PIK3R3,gene-gene,0.30863724
IRS2,PIK3R5,gene-gene,0.308745798
IRS2,PIK3R6,gene-gene,0.33121765
ITGAV,ITGB3,gene-gene,0.236356814
ITGAV,PLCB2,gene-gene,0.2420158374
ITGAV,PLCB3,gene-gene,0.308970857
ITGAV,PLCB4,gene-gene,0.272144772
ITGAV,PLCG1,gene-gene,0.376667684
ITGAV,SRC,gene-gene,0.414658356
ITGB3,ITGA8,gene-gene,0.2564435628
ITGB3,KRAS,gene-gene,0.259138706
ITGB3,NRAS,gene-gene,0.22705907
ITGB3,PLCB2,gene-gene,0.2558764848
ITGB3,PLCB3,gene-gene,0.205943664
ITGB3,PLCB4,gene-gene,0.28478561
ITGB3,PLCG1,gene-gene,0.2203403432
ITGB3,SRC,gene-gene,0.5137743539999999
ITK,PLCG1,gene-gene,0.267534034
JAK1,JAK3,gene-gene,0.2452512536
JAK1,PIK3CA,gene-gene,0.276824634
JAK1,PIK3CB,gene-gene,0.3321791682
JAK1,PIK3R1,gene-gene,0.233923156
JAK1,PIK3R2,gene-gene,0.340146314
JAK1,PIK3R3,gene-gene,0.313241162
JAK1,PTPN11,gene-gene,0.345665407
JAK1,STAT1,gene-gene,0.412016574
JAK1,STAT2,gene-gene,0.324515468
JAK1,STAT3,gene-gene,0.40341275
JAK1,STAT4,gene-gene,0.250617324
JAK1,STAT5B,gene-gene,0.4875865179999999
JAK1,STAT6,gene-gene,0.2466454212
JAK1,TYK2,gene-gene,0.260935568
JAK2,PIK3CB,gene-gene,0.246743574
JAK2,PIK3CD,gene-gene,0.28777933
JAK2,PIK3R1,gene-gene,0.245379858
JAK2,PIK3R2,gene-gene,0.401055958
JAK2,PIK3R3,gene-gene,0.3129432464
JAK2,PRLR,gene-gene,0.210754384
JAK2,PTPN11,gene-gene,0.234337728
JAK2,SHC1,gene-gene,0.2178905096
JAK2,SHC2,gene-gene,0.29661177
JAK2,SHC3,gene-gene,0.252367548
JAK2,SHC4,gene-gene,0.279874708
JAK2,STAT1,gene-gene,0.283471922
JAK2,STAT2,gene-gene,0.2778724763999999
JAK2,STAT3,gene-gene,0.3117091389999999
JAK2,STAT4,gene-gene,0.333405134
JAK2,STAT5A,gene-gene,0.263831102
JAK2,STAT5B,gene-gene,0.490068636
JAK2,STAT6,gene-gene,0.2490269554
JAK3,PIK3CA,gene-gene,0.339005322
JAK3,PIK3CB,gene-gene,0.3748731624
JAK3,PIK3CD,gene-gene,0.356346083
JAK3,PIK3R1,gene-gene,0.253570912
JAK3,PIK3R2,gene-gene,0.289601002
JAK3,PIK3R3,gene-gene,0.351137408
JAK3,PTPN11,gene-gene,0.325137096
JAK3,STAT1,gene-gene,0.351820136
JAK3,STAT2,gene-gene,0.2219828479999999
JAK3,STAT3,gene-gene,0.421471046
JAK3,STAT4,gene-gene,0.292733142
JAK3,STAT5A,gene-gene,0.2744264101999999
JAK3,STAT5B,gene-gene,0.435840862
JAK3,STAT6,gene-gene,0.382691914
JUN,AGER,gene-gene,0.221356421
JUN,CAMP,gene-gene,0.2073424959999999
JUN,CCL11,gene-gene,0.259346382
JUN,CCL3,gene-gene,0.2617903119999999
JUN,CCL3L1,gene-gene,0.2266623106
JUN,CCL4,gene-gene,0.2323953408
JUN,CCL5,gene-gene,0.285854764
JUN,CCL7,gene-gene,0.2402551114
JUN,CSF2,gene-gene,0.2532436632
JUN,CSF3,gene-gene,0.2532762739999999
JUN,CXCL1,gene-gene,0.2630187385999999
JUN,CXCL3,gene-gene,0.238871427
JUN,CXCL5,gene-gene,0.2401968619999999
JUN,CXCL8,gene-gene,0.264062066
JUN,DEFB4B,gene-gene,0.297490686
JUN,EDN1,gene-gene,0.265014716
JUN,F3,gene-gene,0.3084455308
JUN,IFNG,gene-gene,0.2094183339999999
JUN,IL12A,gene-gene,0.24223624
JUN,IL12B,gene-gene,0.323275188
JUN,IL13,gene-gene,0.292055362
JUN,IL1A,gene-gene,0.2247602839999999
JUN,IL2,gene-gene,0.272286144
JUN,IL4,gene-gene,0.2024100579999999
JUN,IL6,gene-gene,0.2777820143999999
JUN,MMP1,gene-gene,0.25938562
JUN,MMP13,gene-gene,0.221699722
JUN,MMP2,gene-gene,0.272266648
JUN,MMP3,gene-gene,0.22270673
JUN,MMP9,gene-gene,0.308789584
JUN,MUC5B,gene-gene,0.2126647088
JUN,PTGS2,gene-gene,0.410749374
JUN,S100A7,gene-gene,0.2072453799999999
JUN,S100A9,gene-gene,0.2155296914
JUN,THBD,gene-gene,0.31392137
JUN,TNF,gene-gene,0.611465402
JUN,VEGFA,gene-gene,0.315532733
JUN,VEGFB,gene-gene,0.2333733508
JUN,VEGFC,gene-gene,0.442072512
JUND,CCL11,gene-gene,0.2163863248
JUND,CCL17,gene-gene,0.2421311059999999
JUND,CCL2,gene-gene,0.28707519
JUND,CCL20,gene-gene,0.2224430299999999
JUND,CCL7,gene-gene,0.2424195902
JUND,CSF2,gene-gene,0.259107594
JUND,CSF3,gene-gene,0.209968568
JUND,CXCL10,gene-gene,0.219822526
JUND,CXCL3,gene-gene,0.2113100089
JUND,CXCL5,gene-gene,0.2247427972
JUND,DEFB4A,gene-gene,0.21856798
JUND,IFNG,gene-gene,0.3507678999999999
JUND,IL13,gene-gene,0.2439338428
JUND,IL1B,gene-gene,0.2352660216
JUND,IL5,gene-gene,0.322369894
JUND,IL6,gene-gene,0.25312351
JUND,LCN2,gene-gene,0.212130544
JUND,MMP1,gene-gene,0.245870946
JUND,MMP13,gene-gene,0.2024535236
JUND,MMP3,gene-gene,0.2626257859999999
JUND,MMP9,gene-gene,0.269750142
JUND,MUC5B,gene-gene,0.2568372399999999
JUND,PTGS2,gene-gene,0.6755954980000001
JUND,S100A7,gene-gene,0.2064391248
JUND,S100A7A,gene-gene,0.2311606664
JUND,S100A9,gene-gene,0.2120354551999999
JUND,TNF,gene-gene,0.499389898
KAT2A,NCOA1,gene-gene,0.236606177
KAT2A,NCOA3,gene-gene,0.2324602419999999
KAT2A,RBPJ,gene-gene,0.2057937728
KAT2A,RBPJL,gene-gene,0.33578335
KAT2A,RXRA,gene-gene,0.361277042
KAT2A,RXRB,gene-gene,0.505595616
KAT2A,RXRG,gene-gene,0.419825724
KAT2A,THRB,gene-gene,0.29748527
KAT2B,RBPJL,gene-gene,0.317035446
KAT2B,RXRA,gene-gene,0.409503182
KAT2B,RXRB,gene-gene,0.6151723199999999
KAT2B,RXRG,gene-gene,0.654912022
KAT2B,THRA,gene-gene,0.2563270199999999
KDR,CRK,gene-gene,0.299401478
KDR,CRKL,gene-gene,0.355939122
KDR,GRB2,gene-gene,0.310251712
KDR,IRS1,gene-gene,0.3084531794
KDR,PIK3CB,gene-gene,0.2427141119999999
KDR,PIK3CD,gene-gene,0.2601694612
KDR,PIK3R1,gene-gene,0.396153528
KDR,PIK3R2,gene-gene,0.290793328
KDR,PIK3R3,gene-gene,0.4763607239999999
KDR,PLCB1,gene-gene,0.26380119
KDR,PLCB2,gene-gene,0.270798408
KDR,PLCB3,gene-gene,0.30511497
KDR,PLCB4,gene-gene,0.24299637
KDR,PLCG1,gene-gene,0.25052642
KDR,PTK2,gene-gene,0.2344020899999999
KDR,SHC1,gene-gene,0.254482168
KDR,SHC2,gene-gene,0.318103626
KDR,SHC3,gene-gene,0.27361489
KDR,SHC4,gene-gene,0.3202599906
KDR,SRC,gene-gene,0.5997269239999999
KIT,CRK,gene-gene,0.5140581340000001
KIT,CRKL,gene-gene,0.613766652
KIT,GAB1,gene-gene,0.610723448
KIT,GAB2,gene-gene,0.6781071599999999
KIT,GRB2,gene-gene,0.502725148
KIT,IRS1,gene-gene,0.57996583
KIT,PIK3CA,gene-gene,0.777247118
KIT,PIK3CB,gene-gene,0.411405474
KIT,PIK3CD,gene-gene,0.4466535559999999
KIT,PIK3R1,gene-gene,0.50412426
KIT,PIK3R2,gene-gene,0.65161878
KIT,PIK3R3,gene-gene,0.70197824
KIT,PLCB1,gene-gene,0.5482011339999999
KIT,PLCB2,gene-gene,0.637500986
KIT,PLCB3,gene-gene,0.639653314
KIT,PLCB4,gene-gene,0.600756424
KIT,PTPN11,gene-gene,0.4701972
KIT,SHC1,gene-gene,0.582305868
KIT,SHC2,gene-gene,0.64069334
KIT,SHC3,gene-gene,0.585817912
KIT,SHC4,gene-gene,0.4725195539999999
KITLG,CSF1R,gene-gene,0.249506104
KITLG,EGFR,gene-gene,0.261876716
KITLG,EPHA2,gene-gene,0.514690768
KITLG,ERBB2,gene-gene,0.29727926
KITLG,FGFR2,gene-gene,0.320446179
KITLG,FGFR4,gene-gene,0.23225163
KITLG,FLT1,gene-gene,0.3150357179999999
KITLG,FLT3,gene-gene,0.2717076812
KITLG,FLT4,gene-gene,0.3048756971999999
KITLG,INSR,gene-gene,0.330625928
KITLG,KIT,gene-gene,0.5127731719999999
KITLG,MET,gene-gene,0.3085067806
KITLG,NGFR,gene-gene,0.247147344
KITLG,NTRK1,gene-gene,0.261105386
KITLG,PDGFRB,gene-gene,0.410587992
KITLG,TEK,gene-gene,0.2043602188
KRAS,FOS,gene-gene,0.2918200119999999
KRAS,JUN,gene-gene,0.25717369
KRAS,MAP3K1,gene-gene,0.2276309219999999
KRAS,MAPK1,gene-gene,0.211103478
KRAS,MAPK10,gene-gene,0.2905004519999999
KRAS,MAPK11,gene-gene,0.2255069354
KRAS,MAPK13,gene-gene,0.2453319388
KRAS,MAPK14,gene-gene,0.527100612
KRAS,MAPK3,gene-gene,0.326967658
KRAS,MAPK8,gene-gene,0.209130044
KRAS,PIK3CA,gene-gene,0.3088640219999999
KRAS,PIK3CB,gene-gene,0.294207832
KRAS,PIK3CD,gene-gene,0.2582052583999999
KRAS,PIK3R1,gene-gene,0.50708224
KRAS,PIK3R2,gene-gene,0.3444037379999999
KRAS,PIK3R3,gene-gene,0.292101832
KRAS,RIN1,gene-gene,0.407107664
LAMTOR1,RRAGC,gene-gene,0.2372412881999999
LCK,ZAP70,gene-gene,0.346821738
LEP,EGFR,gene-gene,0.242198146
LEP,IL10RB,gene-gene,0.2413198278
LEP,PDGFRB,gene-gene,0.541034088
LIF,EGFR,gene-gene,0.296763872
LIF,PDGFRB,gene-gene,0.367026188
LPAR2,PLCB2,gene-gene,0.2081814119999999
LPAR2,PLCB4,gene-gene,0.236331308
LPAR3,PLCB2,gene-gene,0.2002451792
LPAR5,PLCB1,gene-gene,0.2158703099999999
LPAR5,PLCB3,gene-gene,0.216178266
LPAR6,PLCB2,gene-gene,0.2158782957999999
LSP1,SRC,gene-gene,0.489572474
LTBR,TRAF2,gene-gene,0.225134524
LYN,CD19,gene-gene,0.3811136292
LYN,CD79A,gene-gene,0.270812458
LYN,CD79B,gene-gene,0.302031208
LYN,DAPP1,gene-gene,0.505523274
LYN,DOCK2,gene-gene,0.640719336
LYN,ELMO1,gene-gene,0.382238894
LYN,FCER1G,gene-gene,0.410569982
LYN,FYN,gene-gene,0.865417878
LYN,ITK,gene-gene,0.390883562
LYN,MS4A2,gene-gene,0.2205600959999999
LYN,PIK3CA,gene-gene,0.413261046
LYN,PIK3CB,gene-gene,0.4142299739999999
LYN,PIK3CD,gene-gene,0.411099596
LYN,PIK3CG,gene-gene,0.375803578
LYN,PIK3R1,gene-gene,0.4047232799999999
LYN,PIK3R2,gene-gene,0.330951328
LYN,PIK3R3,gene-gene,0.481004738
LYN,PIK3R5,gene-gene,0.4267093153999999
LYN,PIK3R6,gene-gene,0.451773866
LYN,PTK2,gene-gene,0.525363778
LYN,PTK2B,gene-gene,0.468097688
LYN,SHC1,gene-gene,0.3843002519999999
LYN,SHC2,gene-gene,0.309432782
LYN,SHC3,gene-gene,0.5947347524000001
LYN,SHC4,gene-gene,0.352225598
LYN,SYK,gene-gene,0.3430056019999999
MALT1,IKBKB,gene-gene,0.2202440411999999
MALT1,MAPK1,gene-gene,0.2034429748
MALT1,MAPK11,gene-gene,0.2474076548
MALT1,MAPK12,gene-gene,0.2091428259999999
MALT1,MAPK14,gene-gene,0.490342684
MALT1,PIK3CA,gene-gene,0.2551662
MALT1,PIK3CB,gene-gene,0.286199364
MALT1,PIK3R1,gene-gene,0.365680071
MALT1,PIK3R2,gene-gene,0.338226094
MAML1,RBPJL,gene-gene,0.2216368686
MAML2,KAT2B,gene-gene,0.2159576423999999
MAML3,RBPJL,gene-gene,0.238598684
MAP2K1,MAPK1,gene-gene,0.236527696
MAP2K1,MAPK3,gene-gene,0.2702573655999999
MAP2K2,MAPK1,gene-gene,0.2268877299999999
MAP2K2,MAPK3,gene-gene,0.229911638
MAP2K3,MAPK13,gene-gene,0.300001718
MAP2K3,MAPK14,gene-gene,0.5070695759999999
MAP2K4,CRK,gene-gene,0.2003338079999999
MAP2K4,CRKL,gene-gene,0.2305949648
MAP2K4,MAPK10,gene-gene,0.21721817
MAP2K4,MAPK13,gene-gene,0.2146826845999999
MAP2K4,MAPK14,gene-gene,0.32795061
MAP2K4,MAPK9,gene-gene,0.230827174
MAP2K6,MAPK11,gene-gene,0.2648536528
MAP2K6,MAPK14,gene-gene,0.31398272
MAP2K7,MAPK10,gene-gene,0.214072094
MAP2K7,MAPK11,gene-gene,0.2103078466
MAP2K7,MAPK12,gene-gene,0.48338038
MAP2K7,MAPK13,gene-gene,0.299964892
MAP2K7,MAPK14,gene-gene,0.2949208339999999
MAP2K7,MAPK8,gene-gene,0.2917383
MAP2K7,MAPK8IP3,gene-gene,0.2046499534
MAP2K7,MAPK9,gene-gene,0.2124583532
MAP3K1,CHUK,gene-gene,0.316649433
MAP3K1,IKBKB,gene-gene,0.2261824643999999
MAP3K1,MAPK10,gene-gene,0.303087674
MAP3K1,MAPK11,gene-gene,0.263897628
MAP3K1,MAPK12,gene-gene,0.3304787386
MAP3K1,MAPK14,gene-gene,0.60116256
MAP3K1,MAPK8,gene-gene,0.2570160444
MAP3K1,MAPK9,gene-gene,0.234397892
MAP3K1,NFKB1,gene-gene,0.732909694
MAP3K1,RELA,gene-gene,0.332713224
MAP3K14,CHUK,gene-gene,0.231658206
MAP3K14,NFKB1,gene-gene,0.332389016
MAP3K20,MAP2K7,gene-gene,0.5337726380000001
MAP3K5,MAP2K7,gene-gene,0.2922027148
MAP3K5,MAPK10,gene-gene,0.421188982
MAP3K5,MAPK11,gene-gene,0.23850723
MAP3K5,MAPK12,gene-gene,0.2740557412
MAP3K5,MAPK13,gene-gene,0.2418376344
MAP3K5,MAPK14,gene-gene,0.679798956
MAP3K5,MAPK8,gene-gene,0.24465479
MAP3K5,MAPK9,gene-gene,0.21848472
MAP3K7,MAPK12,gene-gene,0.228977102
MAP3K7,MAPK14,gene-gene,0.4166186983999999
MAP3K7,MAPK3,gene-gene,0.222171658
MAP3K7,MAPK8,gene-gene,0.2063683059999999
MAP3K7,NFKB1,gene-gene,0.491708946
MAP3K7,PRKAA1,gene-gene,0.234518528
MAP3K7,PRKAA2,gene-gene,0.206632524
MAP3K7,PRKAG1,gene-gene,0.257039699
MAP3K7,PRKAG3,gene-gene,0.3433219779999999
MAP3K7,RELA,gene-gene,0.2384821016
MAP3K8,NFKB1,gene-gene,0.36114023
MAPK1,ATF2,gene-gene,0.2382504339999999
MAPK1,ATF4,gene-gene,0.303940498
MAPK1,ATF6B,gene-gene,0.3463014812
MAPK1,ATP1A1,gene-gene,0.271899846
MAPK1,ATP1B2,gene-gene,0.2764390828
MAPK1,CCND1,gene-gene,0.3742581399999999
MAPK1,CDKN1A,gene-gene,0.331005314
MAPK1,CEBPB,gene-gene,0.3331822619999999
MAPK1,CREB1,gene-gene,0.45763021
MAPK1,CREB3,gene-gene,0.32200224
MAPK1,CREB3L1,gene-gene,0.3412654445999999
MAPK1,CREB3L2,gene-gene,0.252413006
MAPK1,CREB3L3,gene-gene,0.344245922
MAPK1,CREB3L4,gene-gene,0.329749736
MAPK1,CREB5,gene-gene,0.2185964467999999
MAPK1,EIF4EBP1,gene-gene,0.412274788
MAPK1,ESR1,gene-gene,0.3691445439999999
MAPK1,ESR2,gene-gene,0.254070294
MAPK1,FOS,gene-gene,0.293666674
MAPK1,FOSB,gene-gene,0.277472038
MAPK1,FOSL1,gene-gene,0.348540828
MAPK1,FOXO1,gene-gene,0.30295363
MAPK1,FOXO3,gene-gene,0.362236919
MAPK1,HRAS,gene-gene,0.28885706
MAPK1,JAG1,gene-gene,0.210049096
MAPK1,JUN,gene-gene,0.335246622
MAPK1,JUND,gene-gene,0.2486931499999999
MAPK1,KRAS,gene-gene,0.401198984
MAPK1,LAMTOR3,gene-gene,0.224461901
MAPK1,MAPT,gene-gene,0.617348944
MAPK1,MEF2C,gene-gene,0.241699894
MAPK1,MKNK2,gene-gene,0.3077880392
MAPK1,NFKB1,gene-gene,0.336280928
MAPK1,NOS1,gene-gene,0.2752128103999999
MAPK1,NRAS,gene-gene,0.2263081291999999
MAPK1,PLA1A,gene-gene,0.22064823896
MAPK1,PLA2G12B,gene-gene,0.3168260692
MAPK1,PLA2G2A,gene-gene,0.229192426
MAPK1,PLA2G2F,gene-gene,0.2052969731999999
MAPK1,PLA2G3,gene-gene,0.2187834431999999
MAPK1,PLA2G4C,gene-gene,0.226484372
MAPK1,PLA2G4E,gene-gene,0.205309665
MAPK1,PLA2G6,gene-gene,0.215739058
MAPK1,PTGS2,gene-gene,0.505952292
MAPK1,RELA,gene-gene,0.424398952
MAPK1,RPS6KA2,gene-gene,0.27981413
MAPK1,RPS6KA5,gene-gene,0.268732554
MAPK1,RPS6KB1,gene-gene,0.4367685208
MAPK1,RPS6KB2,gene-gene,0.39510701
MAPK1,SLC9A1,gene-gene,0.203010278
MAPK1,SMAD2,gene-gene,0.2600536532
MAPK1,SMAD3,gene-gene,0.2193369932
MAPK1,SMAD5,gene-gene,0.2786539953999999
MAPK1,SMAD9,gene-gene,0.2068247449999999
MAPK1,SPHK1,gene-gene,0.270585386
MAPK1,SPHK2,gene-gene,0.272376758
MAPK1,STAT1,gene-gene,0.332560528
MAPK1,STMN1,gene-gene,0.222224994
MAPK1,TBC1D7,gene-gene,0.271955888
MAPK1,THRB,gene-gene,0.218046526
MAPK1,TP53,gene-gene,0.445707642
MAPK1,TSC1,gene-gene,0.350937206
MAPK1,TSC2,gene-gene,0.2143818648
MAPK1,VEGFA,gene-gene,0.30528276
MAPK1,VEGFB,gene-gene,0.2305813719999999
MAPK1,VEGFC,gene-gene,0.229167073
MAPK10,BAX,gene-gene,0.356804378
MAPK10,BCL2,gene-gene,0.5445162139999999
MAPK10,CRK,gene-gene,0.373683656
MAPK10,CRKL,gene-gene,0.295000598
MAPK10,FOS,gene-gene,0.3286619056
MAPK10,FOSB,gene-gene,0.320116328
MAPK10,FOSL1,gene-gene,0.415902218
MAPK10,FOXO1,gene-gene,0.230377022
MAPK10,FOXO3,gene-gene,0.229833872
MAPK10,IRS1,gene-gene,0.441320486
MAPK10,IRS2,gene-gene,0.31342422
MAPK10,ITCH,gene-gene,0.2637902388
MAPK10,JUN,gene-gene,0.2751926454
MAPK10,JUND,gene-gene,0.245333478
MAPK10,MAPK11,gene-gene,0.294646308
MAPK10,MAPK12,gene-gene,0.337983632
MAPK10,MAPK13,gene-gene,0.259256564
MAPK10,MAPK14,gene-gene,0.381717076
MAPK10,MAPK8IP3,gene-gene,0.206530318
MAPK10,NFATC1,gene-gene,0.30005939
MAPK10,NFATC3,gene-gene,0.472751918
MAPK10,NFKB1,gene-gene,0.5436426300000001
MAPK10,TP53,gene-gene,0.292637653
MAPK11,AKT1,gene-gene,0.241535528
MAPK11,AKT2,gene-gene,0.254760376
MAPK11,AKT3,gene-gene,0.2165556252
MAPK11,ATF2,gene-gene,0.2713243606
MAPK11,BAX,gene-gene,0.369306804
MAPK11,BCL2,gene-gene,0.5262519259999999
MAPK11,CEBPB,gene-gene,0.625694202
MAPK11,DDIT3,gene-gene,0.236149476
MAPK11,ELK4,gene-gene,0.261014562
MAPK11,FOS,gene-gene,0.331264932
MAPK11,FOSB,gene-gene,0.258328918
MAPK11,FOSL1,gene-gene,0.343700792
MAPK11,JUN,gene-gene,0.3114548024
MAPK11,JUND,gene-gene,0.462855884
MAPK11,MAPK1,gene-gene,0.4903090879999999
MAPK11,MAPK3,gene-gene,0.34936727
MAPK11,MAPKAPK2,gene-gene,0.3284053246
MAPK11,MAPKAPK5,gene-gene,0.2596664279999999
MAPK11,MAX,gene-gene,0.233466644
MAPK11,MEF2C,gene-gene,0.2797908936
MAPK11,NFATC1,gene-gene,0.413540668
MAPK11,NFATC2,gene-gene,0.395267918
MAPK11,NFATC3,gene-gene,0.467748774
MAPK11,NFKB1,gene-gene,0.429978614
MAPK11,RELA,gene-gene,0.2100132494
MAPK11,RPS6KA5,gene-gene,0.242219965
MAPK11,TP53,gene-gene,0.2395350891999999
MAPK12,AKT1,gene-gene,0.273817098
MAPK12,AKT2,gene-gene,0.303438022
MAPK12,AKT3,gene-gene,0.24553283
MAPK12,ATF2,gene-gene,0.232191042
MAPK12,BAX,gene-gene,0.320929098
MAPK12,BCL2,gene-gene,0.5355451099999999
MAPK12,CEBPB,gene-gene,0.352334102
MAPK12,DDIT3,gene-gene,0.268657216
MAPK12,FOS,gene-gene,0.309700924
MAPK12,FOSB,gene-gene,0.35597192
MAPK12,FOSL1,gene-gene,0.2194113256
MAPK12,FOXO1,gene-gene,0.2486772188
MAPK12,FOXO3,gene-gene,0.310648678
MAPK12,JUN,gene-gene,0.234510616
MAPK12,JUND,gene-gene,0.3106928411999999
MAPK12,MAPK1,gene-gene,0.362621678
MAPK12,MAPK3,gene-gene,0.319161064
MAPK12,MAPKAPK2,gene-gene,0.265903538
MAPK12,MAPKAPK3,gene-gene,0.291441318
MAPK12,MAX,gene-gene,0.2158932188
MAPK12,MEF2C,gene-gene,0.3200245359999999
MAPK12,NFATC1,gene-gene,0.2719574702
MAPK12,NFATC2,gene-gene,0.384242842
MAPK12,NFATC3,gene-gene,0.2269793749999999
MAPK12,NFKB1,gene-gene,0.5085838548
MAPK12,RELA,gene-gene,0.2408706079999999
MAPK12,RPS6KA4,gene-gene,0.27644394
MAPK12,SMAD2,gene-gene,0.28553839
MAPK12,TP53,gene-gene,0.218086364
MAPK13,AKT1,gene-gene,0.45221038
MAPK13,AKT2,gene-gene,0.332774846
MAPK13,AKT3,gene-gene,0.390183882
MAPK13,ATF2,gene-gene,0.293644012
MAPK13,BCL2,gene-gene,0.4952160679999999
MAPK13,CDC25B,gene-gene,0.224961632
MAPK13,CEBPB,gene-gene,0.514549746
MAPK13,DDIT3,gene-gene,0.491018368
MAPK13,ELK4,gene-gene,0.328865582
MAPK13,FOS,gene-gene,0.387874736
MAPK13,FOSB,gene-gene,0.475206472
MAPK13,FOSL1,gene-gene,0.473754676
MAPK13,FOXO1,gene-gene,0.2363148427999999
MAPK13,FOXO3,gene-gene,0.2029319474
MAPK13,JUN,gene-gene,0.3171786159999999
MAPK13,JUND,gene-gene,0.4601820679999999
MAPK13,MAPK1,gene-gene,0.477944598
MAPK13,MAPK3,gene-gene,0.32878525
MAPK13,MAPKAPK2,gene-gene,0.287314762
MAPK13,MAPKAPK5,gene-gene,0.261099002
MAPK13,MEF2C,gene-gene,0.418306556
MAPK13,NFATC1,gene-gene,0.452776942
MAPK13,NFATC2,gene-gene,0.254901766
MAPK13,NFATC3,gene-gene,0.4716609659999999
MAPK13,NFKB1,gene-gene,0.6929111480000001
MAPK13,RELA,gene-gene,0.329490332
MAPK13,RPS6KA5,gene-gene,0.284792404
MAPK13,SMAD2,gene-gene,0.2932113699999999
MAPK13,SMAD3,gene-gene,0.2278225252
MAPK13,TP53,gene-gene,0.425665308
MAPK14,AKT1,gene-gene,0.397408972
MAPK14,AKT2,gene-gene,0.467765068
MAPK14,AKT3,gene-gene,0.494931436
MAPK14,ATF2,gene-gene,0.5527896
MAPK14,BAX,gene-gene,0.456190854
MAPK14,BCL2,gene-gene,0.690043954
MAPK14,CDC25B,gene-gene,0.5508359159999999
MAPK14,CEBPB,gene-gene,0.374816168
MAPK14,DDIT3,gene-gene,0.556673608
MAPK14,ELK4,gene-gene,0.336086942
MAPK14,FOS,gene-gene,0.5625554100000001
MAPK14,FOSB,gene-gene,0.678293764
MAPK14,FOSL1,gene-gene,0.61761523
MAPK14,FOXO1,gene-gene,0.542062008
MAPK14,FOXO3,gene-gene,0.340939186
MAPK14,JUN,gene-gene,0.505496166
MAPK14,JUND,gene-gene,0.450388846
MAPK14,MAPK1,gene-gene,0.514683502
MAPK14,MAPK3,gene-gene,0.629504702
MAPK14,MAPKAPK2,gene-gene,0.483720828
MAPK14,MAPKAPK3,gene-gene,0.264036478
MAPK14,MAPKAPK5,gene-gene,0.5014328060000001
MAPK14,MAX,gene-gene,0.5033062239999999
MAPK14,MEF2C,gene-gene,0.612039678
MAPK14,NFATC1,gene-gene,0.500203626
MAPK14,NFATC2,gene-gene,0.45845836
MAPK14,NFATC3,gene-gene,0.657965467
MAPK14,NFKB1,gene-gene,0.623190618
MAPK14,RELA,gene-gene,0.4107806519999999
MAPK14,RPS6KA4,gene-gene,0.501992506
MAPK14,RPS6KA5,gene-gene,0.501774958
MAPK14,SMAD2,gene-gene,0.475926152
MAPK14,SMAD3,gene-gene,0.467491358
MAPK14,TP53,gene-gene,0.4899344959999999
MAPK15,FOSB,gene-gene,0.211573598
MAPK15,JUND,gene-gene,0.2247988352
MAPK3,ATF2,gene-gene,0.371244602
MAPK3,ATF4,gene-gene,0.2305716762
MAPK3,ATF6B,gene-gene,0.383302356
MAPK3,ATP1B1,gene-gene,0.2958024308
MAPK3,CCND1,gene-gene,0.2138579968
MAPK3,CEBPB,gene-gene,0.379785884
MAPK3,CREB1,gene-gene,0.432341912
MAPK3,CREB3,gene-gene,0.3062763739999999
MAPK3,CREB3L1,gene-gene,0.352428128
MAPK3,CREB3L2,gene-gene,0.395785432
MAPK3,CREB3L3,gene-gene,0.20734854
MAPK3,CREB3L4,gene-gene,0.389662626
MAPK3,CREB5,gene-gene,0.260573755
MAPK3,EIF4EBP1,gene-gene,0.269538628
MAPK3,ELK4,gene-gene,0.433311402
MAPK3,ESR1,gene-gene,0.45542341
MAPK3,ESR2,gene-gene,0.331020586
MAPK3,ETS1,gene-gene,0.3490556489999999
MAPK3,FOS,gene-gene,0.460200322
MAPK3,FOSB,gene-gene,0.337791408
MAPK3,FOSL1,gene-gene,0.303590934
MAPK3,FOXO3,gene-gene,0.2419993759999999
MAPK3,HRAS,gene-gene,0.3188497879999999
MAPK3,JAG1,gene-gene,0.2736502672
MAPK3,JMJD7-PLA2G4B,gene-gene,0.287209168
MAPK3,JUN,gene-gene,0.44305023
MAPK3,JUND,gene-gene,0.467512802
MAPK3,KRAS,gene-gene,0.304153282
MAPK3,LAMTOR3,gene-gene,0.253486866
MAPK3,MAPT,gene-gene,0.4631298219999999
MAPK3,MEF2C,gene-gene,0.374337958
MAPK3,MMP2,gene-gene,0.271446274
MAPK3,MYC,gene-gene,0.291425764
MAPK3,NFKB1,gene-gene,0.661077794
MAPK3,NOS1,gene-gene,0.2817798434
MAPK3,NRAS,gene-gene,0.2047321854
MAPK3,PLA2G12A,gene-gene,0.2146412968
MAPK3,PLA2G2C,gene-gene,0.2116153188
MAPK3,PLA2G2E,gene-gene,0.2043470962
MAPK3,PLA2G4A,gene-gene,0.30383904
MAPK3,PLA2G4B,gene-gene,0.2614048644
MAPK3,PLA2G4C,gene-gene,0.2509999539999999
MAPK3,PLA2G4F,gene-gene,0.20709822
MAPK3,PLA2G5,gene-gene,0.3194766539999999
MAPK3,PTGS2,gene-gene,0.4265426120000001
MAPK3,RELA,gene-gene,0.5147263019999999
MAPK3,RPS6KA2,gene-gene,0.2261019146
MAPK3,RPS6KA4,gene-gene,0.314322586
MAPK3,RPS6KA5,gene-gene,0.380002364
MAPK3,RPS6KB1,gene-gene,0.384079394
MAPK3,RPS6KB2,gene-gene,0.493050364
MAPK3,SLC9A1,gene-gene,0.2628551152
MAPK3,SMAD1,gene-gene,0.295612722
MAPK3,SMAD2,gene-gene,0.2347984987999999
MAPK3,SPHK2,gene-gene,0.2278824926
MAPK3,STAT1,gene-gene,0.358832492
MAPK3,STMN1,gene-gene,0.283739662
MAPK3,TBC1D7,gene-gene,0.2505590914
MAPK3,THRB,gene-gene,0.40967365
MAPK3,TP53,gene-gene,0.4246749592
MAPK3,TSC2,gene-gene,0.2255179712
MAPK3,VEGFA,gene-gene,0.257327752
MAPK3,VEGFB,gene-gene,0.335337234
MAPK3,VEGFC,gene-gene,0.2093571714
MAPK4,FOS,gene-gene,0.2319719434
MAPK4,FOSB,gene-gene,0.2324403145999999
MAPK6,JUND,gene-gene,0.21601439
MAPK7,CCND1,gene-gene,0.2670739059999999
MAPK7,FOS,gene-gene,0.308492796
MAPK7,FOSB,gene-gene,0.309087232
MAPK7,FOSL1,gene-gene,0.316555023
MAPK7,JUN,gene-gene,0.4159836959999999
MAPK7,JUND,gene-gene,0.242653116
MAPK7,MEF2C,gene-gene,0.347112396
MAPK7,NR4A1,gene-gene,0.4032460240000001
MAPK7,PTGS2,gene-gene,0.587560328
MAPK7,RPS6KA2,gene-gene,0.205186301
MAPK8,BAX,gene-gene,0.2329127139999999
MAPK8,BCL2,gene-gene,0.462285198
MAPK8,CRK,gene-gene,0.2911813079999999
MAPK8,CRKL,gene-gene,0.387636922
MAPK8,FOS,gene-gene,0.322573392
MAPK8,FOSB,gene-gene,0.342199624
MAPK8,FOSL1,gene-gene,0.320753402
MAPK8,FOXO1,gene-gene,0.3730840037999999
MAPK8,IRS1,gene-gene,0.2719809159999999
MAPK8,IRS2,gene-gene,0.2466509659999999
MAPK8,JUN,gene-gene,0.2186197636
MAPK8,JUND,gene-gene,0.31520178
MAPK8,MAPK11,gene-gene,0.360862604
MAPK8,MAPK12,gene-gene,0.2624355072
MAPK8,MAPK13,gene-gene,0.428757436
MAPK8,MAPK14,gene-gene,0.529860478
MAPK8,NFATC1,gene-gene,0.3376992319999999
MAPK8,NFATC3,gene-gene,0.215668675
MAPK8,NFKB1,gene-gene,0.978970102
MAPK8,RELA,gene-gene,0.278531992
MAPK8,TP53,gene-gene,0.2313869405999999
MAPK8IP1,MAPK10,gene-gene,0.23336698
MAPK9,BAX,gene-gene,0.4430431419999999
MAPK9,BCL2,gene-gene,0.4610089159999999
MAPK9,CRK,gene-gene,0.2864394179999999
MAPK9,CRKL,gene-gene,0.26033183
MAPK9,FOS,gene-gene,0.38889335
MAPK9,FOSB,gene-gene,0.2376945838
MAPK9,FOSL1,gene-gene,0.335079438
MAPK9,IRS1,gene-gene,0.380245928
MAPK9,IRS2,gene-gene,0.2199320732
MAPK9,JUN,gene-gene,0.214112062
MAPK9,JUND,gene-gene,0.379536
MAPK9,MAPK11,gene-gene,0.2552054768
MAPK9,MAPK13,gene-gene,0.3100939269999999
MAPK9,MAPK14,gene-gene,0.463449164
MAPK9,NFATC1,gene-gene,0.237857434
MAPK9,NFATC3,gene-gene,0.439566822
MAPK9,NFKB1,gene-gene,0.575300294
MAPK9,RELA,gene-gene,0.235079215334
MAPK9,TP53,gene-gene,0.3182944159999999
MAPKAPK3,ATF4,gene-gene,0.2935452406
MAVS,TRAF2,gene-gene,0.272263502
MED1,MED13,gene-gene,0.210947206
MED1,MED17,gene-gene,0.2652029919999999
MED1,MED30,gene-gene,0.252356272
MED1,RXRA,gene-gene,0.464230016
MED1,RXRB,gene-gene,0.424192122
MED1,RXRG,gene-gene,0.6861790400000001
MED1,THRA,gene-gene,0.3979451579999999
MED1,THRB,gene-gene,0.323502466
MED12L,MED1,gene-gene,0.323818234
MED12L,MED13,gene-gene,0.33896394
MED12L,MED13L,gene-gene,0.2943021812
MED12L,MED17,gene-gene,0.337515952
MED12L,MED24,gene-gene,0.310741442
MED12L,MED27,gene-gene,0.298060516
MED12L,MED30,gene-gene,0.362215172
MED12L,MED4,gene-gene,0.431505244
MED12L,RXRA,gene-gene,0.812480128
MED12L,RXRB,gene-gene,0.553272564
MED12L,RXRG,gene-gene,0.38404035
MED12L,THRA,gene-gene,0.4363031659999999
MED12L,THRB,gene-gene,0.3870858339999999
MED13,RXRA,gene-gene,0.750274178
MED13,RXRB,gene-gene,0.723086662
MED13,RXRG,gene-gene,0.585900402
MED13,THRA,gene-gene,0.316607924
MED13,THRB,gene-gene,0.287144532
MED13L,MED1,gene-gene,0.267442416
MED13L,MED13,gene-gene,0.35085854
MED13L,MED17,gene-gene,0.3636253092
MED13L,MED24,gene-gene,0.4352272339999999
MED13L,MED27,gene-gene,0.257624254
MED13L,MED30,gene-gene,0.279679572
MED13L,RXRA,gene-gene,0.360620586
MED13L,RXRB,gene-gene,0.745905652
MED13L,RXRG,gene-gene,0.470568344
MED13L,THRA,gene-gene,0.4625507779999999
MED13L,THRB,gene-gene,0.34928228
MED16,MED1,gene-gene,0.360666657
MED16,MED12L,gene-gene,0.363556212
MED16,MED13,gene-gene,0.268174864
MED16,MED13L,gene-gene,0.4011605176
MED16,MED17,gene-gene,0.401430262
MED16,MED24,gene-gene,0.399335003
MED16,MED27,gene-gene,0.33300714
MED16,MED30,gene-gene,0.314995148
MED16,MED4,gene-gene,0.255433088
MED16,RXRA,gene-gene,0.5631753780000001
MED16,RXRB,gene-gene,0.453835604
MED16,RXRG,gene-gene,0.335940064
MED16,THRA,gene-gene,0.307022892
MED16,THRB,gene-gene,0.3097897779999999
MED17,MED13,gene-gene,0.211044648
MED17,MED24,gene-gene,0.379569125
MED17,MED27,gene-gene,0.2890718392
MED17,RXRA,gene-gene,0.4138234859999999
MED17,RXRB,gene-gene,0.5705282260000001
MED17,RXRG,gene-gene,0.543166016
MED17,THRA,gene-gene,0.2338855087999999
MED17,THRB,gene-gene,0.375855036
MED24,RXRA,gene-gene,0.5540802140000001
MED24,RXRB,gene-gene,0.540907944
MED24,RXRG,gene-gene,0.5288007560000001
MED24,THRA,gene-gene,0.3895743
MED24,THRB,gene-gene,0.320071742
MED27,MED13,gene-gene,0.344632774
MED27,RXRA,gene-gene,0.4257223
MED27,RXRB,gene-gene,0.480474276
MED27,RXRG,gene-gene,0.534126734
MED27,THRA,gene-gene,0.352004743
MED27,THRB,gene-gene,0.331006804
MED30,MED13,gene-gene,0.33033418
MED30,MED17,gene-gene,0.277497586
MED30,MED24,gene-gene,0.247491898
MED30,MED27,gene-gene,0.452482222
MED30,RXRA,gene-gene,0.612084742
MED30,RXRB,gene-gene,0.54010607
MED30,RXRG,gene-gene,0.576734462
MED30,THRA,gene-gene,0.333872386
MED30,THRB,gene-gene,0.2031817483999999
MED4,MED1,gene-gene,0.2467871588
MED4,MED13,gene-gene,0.296347378
MED4,MED24,gene-gene,0.24749286
MED4,MED27,gene-gene,0.339061236
MED4,MED30,gene-gene,0.29391124
MED4,RXRA,gene-gene,0.451161434
MED4,RXRB,gene-gene,0.432534478
MED4,RXRG,gene-gene,0.63615648
MED4,THRA,gene-gene,0.219389308
MED4,THRB,gene-gene,0.251742412
MEF2B,KLF2,gene-gene,0.2168279499999999
MET,CRK,gene-gene,0.24104082
MET,CRKL,gene-gene,0.257661398
MET,GRB2,gene-gene,0.3165885268
MET,IRS1,gene-gene,0.291500406
MET,PLCB1,gene-gene,0.215521223
MET,PLCB2,gene-gene,0.485476634
MET,PLCB3,gene-gene,0.22000174
MET,PLCB4,gene-gene,0.255052634
MET,PLCG2,gene-gene,0.2067187768
MET,SHC1,gene-gene,0.370892018
MET,SHC2,gene-gene,0.37176649
MET,SHC3,gene-gene,0.2871530128
MET,SHC4,gene-gene,0.26858804
MLST8,EIF4EBP1,gene-gene,0.4270749139999999
MMP2,EDN1,gene-gene,0.316514064
MMP2,HBEGF,gene-gene,0.208603232
MMP9,EDN1,gene-gene,0.288055934
MMP9,HBEGF,gene-gene,0.336774912
MRAS,PIK3CA,gene-gene,0.313803516
MRAS,PIK3R1,gene-gene,0.2165200941999999
MS4A2,FYN,gene-gene,0.248841696
MST1,EGFR,gene-gene,0.287628331
MST1,ERBB2,gene-gene,0.251810366
MST1,ERBB4,gene-gene,0.300555098
MST1,FGFR1,gene-gene,0.3049712699999999
MST1,FGFR2,gene-gene,0.506867872
MST1,FGFR3,gene-gene,0.300797728
MST1,FLT1,gene-gene,0.246911309
MST1,FLT4,gene-gene,0.330303518
MST1,KDR,gene-gene,0.252597392
MST1,MET,gene-gene,0.295338236
MST1,NTRK1,gene-gene,0.2705451239999999
MST1,NTRK2,gene-gene,0.271321072
MST1,NTRK3,gene-gene,0.2595134848
MST1,PDGFRA,gene-gene,0.209379412
MST1,PDGFRB,gene-gene,0.3299908059999999
MST1,RET,gene-gene,0.280404794
MST1R,PLCG1,gene-gene,0.416401498
MST1R,PLCG2,gene-gene,0.363326678
MTOR,CLIP1,gene-gene,0.456232018
MTOR,EIF4EBP1,gene-gene,0.503637388
MTOR,GRB10,gene-gene,0.498451692
MTOR,IRS1,gene-gene,0.529904464
MTOR,IRS2,gene-gene,0.697115208
MTOR,LPIN1,gene-gene,0.631894138
MTOR,LPIN2,gene-gene,0.6127655940000001
MTOR,LPIN3,gene-gene,0.431281332
MTOR,MLST8,gene-gene,0.6184429760000001
MTOR,PPARG,gene-gene,0.3465665839999999
MTOR,PRKCA,gene-gene,0.436429008
MTOR,PRKCB,gene-gene,0.5328582079999999
MTOR,PRKCG,gene-gene,0.7825720439999999
MTOR,RHOA,gene-gene,0.712227926
MTOR,RICTOR,gene-gene,0.443575522
MTOR,RPS6KB1,gene-gene,0.736557568
MTOR,RPS6KB2,gene-gene,0.575202674
MTOR,RPTOR,gene-gene,0.6650511640000001
MTOR,SGK1,gene-gene,0.36429395
MTOR,TELO2,gene-gene,0.620791732
MTOR,TTI1,gene-gene,0.569367944
MTOR,ULK1,gene-gene,0.600871536
MTOR,ULK2,gene-gene,0.61775423
NCOA1,BCL2,gene-gene,0.40764926
NCOA1,CTSD,gene-gene,0.26791844
NCOA1,EBAG9,gene-gene,0.252939192
NCOA1,KAT2B,gene-gene,0.2021926348
NCOA1,KRT10,gene-gene,0.262402998
NCOA1,KRT12,gene-gene,0.3265476494
NCOA1,KRT13,gene-gene,0.282638106
NCOA1,KRT14,gene-gene,0.2373856899999999
NCOA1,KRT15,gene-gene,0.308769933
NCOA1,KRT16,gene-gene,0.43678996
NCOA1,KRT17,gene-gene,0.205132117
NCOA1,KRT18,gene-gene,0.33313829
NCOA1,KRT19,gene-gene,0.270406438
NCOA1,KRT20,gene-gene,0.483044234
NCOA1,KRT23,gene-gene,0.391165842
NCOA1,KRT24,gene-gene,0.36041635
NCOA1,KRT25,gene-gene,0.354272942
NCOA1,KRT26,gene-gene,0.2855644808
NCOA1,KRT27,gene-gene,0.328246064
NCOA1,KRT28,gene-gene,0.3719224612
NCOA1,KRT31,gene-gene,0.4275592579999999
NCOA1,KRT32,gene-gene,0.3582018839999999
NCOA1,KRT33A,gene-gene,0.241282568
NCOA1,KRT33B,gene-gene,0.45565146
NCOA1,KRT34,gene-gene,0.3795026119999999
NCOA1,KRT35,gene-gene,0.3109365067999999
NCOA1,KRT36,gene-gene,0.412194924
NCOA1,KRT37,gene-gene,0.278961644
NCOA1,KRT38,gene-gene,0.325162552
NCOA1,KRT39,gene-gene,0.314461724
NCOA1,KRT40,gene-gene,0.295990936
NCOA1,KRT9,gene-gene,0.27621089
NCOA1,PGR,gene-gene,0.595578924
NCOA1,RARA,gene-gene,0.448727958
NCOA1,RXRA,gene-gene,0.447750654
NCOA1,RXRB,gene-gene,0.568700184
NCOA1,RXRG,gene-gene,0.592003084
NCOA1,TFF1,gene-gene,0.3507396299999999
NCOA1,TGFA,gene-gene,0.3970587
NCOA1,THRA,gene-gene,0.27518808
NCOA1,THRB,gene-gene,0.4004481359999999
NCOA2,BCL2,gene-gene,0.565080634
NCOA2,CREBBP,gene-gene,0.420192314
NCOA2,CTSD,gene-gene,0.329607892
NCOA2,EBAG9,gene-gene,0.273674166
NCOA2,EP300,gene-gene,0.35049524
NCOA2,ESR1,gene-gene,0.57721656
NCOA2,ESR2,gene-gene,0.2935730432
NCOA2,KAT2A,gene-gene,0.2795607626
NCOA2,KAT2B,gene-gene,0.4844824499999999
NCOA2,KRT10,gene-gene,0.4649391539999999
NCOA2,KRT12,gene-gene,0.4483881399999999
NCOA2,KRT13,gene-gene,0.399765056
NCOA2,KRT14,gene-gene,0.345236736
NCOA2,KRT15,gene-gene,0.306697718
NCOA2,KRT17,gene-gene,0.518082358
NCOA2,KRT18,gene-gene,0.375983168
NCOA2,KRT19,gene-gene,0.440707128
NCOA2,KRT20,gene-gene,0.3947680636
NCOA2,KRT23,gene-gene,0.263885959
NCOA2,KRT24,gene-gene,0.384740301
NCOA2,KRT25,gene-gene,0.350926686
NCOA2,KRT26,gene-gene,0.37162813
NCOA2,KRT27,gene-gene,0.206766094
NCOA2,KRT28,gene-gene,0.390319283
NCOA2,KRT31,gene-gene,0.2601526448
NCOA2,KRT32,gene-gene,0.2082077088
NCOA2,KRT33A,gene-gene,0.337296891
NCOA2,KRT33B,gene-gene,0.426802344
NCOA2,KRT34,gene-gene,0.5264375259999999
NCOA2,KRT35,gene-gene,0.2033796859999999
NCOA2,KRT36,gene-gene,0.311335708
NCOA2,KRT37,gene-gene,0.33563966
NCOA2,KRT38,gene-gene,0.523063766
NCOA2,KRT39,gene-gene,0.20951601
NCOA2,KRT40,gene-gene,0.31802762
NCOA2,NCOA1,gene-gene,0.269638498
NCOA2,NCOA3,gene-gene,0.402658088
NCOA2,PGR,gene-gene,0.69156744
NCOA2,RARA,gene-gene,0.6274206600000001
NCOA2,RXRA,gene-gene,0.55420727
NCOA2,RXRB,gene-gene,0.527677178
NCOA2,RXRG,gene-gene,0.5277192420000001
NCOA2,TFF1,gene-gene,0.367642888
NCOA2,TGFA,gene-gene,0.354668962
NCOA2,THRA,gene-gene,0.336213528
NCOA2,THRB,gene-gene,0.586909868
NCOA3,BCL2,gene-gene,0.647228374
NCOA3,CTSD,gene-gene,0.410921332
NCOA3,EBAG9,gene-gene,0.3289953359999999
NCOA3,KAT2B,gene-gene,0.315232576
NCOA3,KRT10,gene-gene,0.3550254516
NCOA3,KRT12,gene-gene,0.3483986972
NCOA3,KRT13,gene-gene,0.215803936
NCOA3,KRT14,gene-gene,0.2310144432
NCOA3,KRT15,gene-gene,0.2966654628
NCOA3,KRT16,gene-gene,0.311865092
NCOA3,KRT17,gene-gene,0.39718938
NCOA3,KRT18,gene-gene,0.332191168
NCOA3,KRT19,gene-gene,0.2196431959999999
NCOA3,KRT20,gene-gene,0.370939
NCOA3,KRT23,gene-gene,0.3025255392
NCOA3,KRT24,gene-gene,0.4627321679999999
NCOA3,KRT25,gene-gene,0.341438912
NCOA3,KRT26,gene-gene,0.4017570352
NCOA3,KRT27,gene-gene,0.339275569
NCOA3,KRT28,gene-gene,0.2940125059999999
NCOA3,KRT31,gene-gene,0.2331097944
NCOA3,KRT32,gene-gene,0.2383344999999999
NCOA3,KRT33A,gene-gene,0.363020768
NCOA3,KRT33B,gene-gene,0.49448891
NCOA3,KRT34,gene-gene,0.289872978
NCOA3,KRT35,gene-gene,0.363468621
NCOA3,KRT36,gene-gene,0.517107528
NCOA3,KRT37,gene-gene,0.364832662
NCOA3,KRT39,gene-gene,0.301554389
NCOA3,KRT40,gene-gene,0.4835134200000001
NCOA3,KRT9,gene-gene,0.3652372728
NCOA3,NCOA1,gene-gene,0.2067408194
NCOA3,PGR,gene-gene,0.70500027
NCOA3,RARA,gene-gene,0.477147868
NCOA3,RXRA,gene-gene,0.555262048
NCOA3,RXRB,gene-gene,0.542684798
NCOA3,RXRG,gene-gene,0.796346052
NCOA3,TFF1,gene-gene,0.46027274
NCOA3,TGFA,gene-gene,0.4626130459999999
NCOA3,THRA,gene-gene,0.360893691
NCOA3,THRB,gene-gene,0.320666482
NCOR1,RXRA,gene-gene,0.4579687899999999
NCOR1,RXRB,gene-gene,0.50682238
NCOR1,RXRG,gene-gene,0.571132798
NCOR1,THRA,gene-gene,0.297988714
NCOR2,RBPJ,gene-gene,0.38453995
NCOR2,RBPJL,gene-gene,0.38539977
NFATC1,BORCS8-MEF2B,gene-gene,0.256224974
NFATC1,CSF2,gene-gene,0.256431274
NFATC1,IFNG,gene-gene,0.2535811908
NFATC1,IL10,gene-gene,0.356185894
NFATC1,IL17D,gene-gene,0.218925558
NFATC1,IL2,gene-gene,0.294810802
NFATC1,IL4,gene-gene,0.2120821539999999
NFATC1,IL5,gene-gene,0.260815174
NFATC1,MEF2A,gene-gene,0.353617102
NFATC1,MEF2B,gene-gene,0.372168622
NFATC1,MEF2C,gene-gene,0.228306744
NFATC1,MEF2D,gene-gene,0.2143231949999999
NFATC1,NPPB,gene-gene,0.2439780026
NFATC1,PTGS2,gene-gene,0.356705126
NFATC1,TNF,gene-gene,0.621929722
NFATC2,BORCS8-MEF2B,gene-gene,0.417479726
NFATC2,CSF2,gene-gene,0.2722358319999999
NFATC2,EGR2,gene-gene,0.289803306
NFATC2,IFNG,gene-gene,0.323000342
NFATC2,IL10,gene-gene,0.2440071039999999
NFATC2,IL17D,gene-gene,0.455916176
NFATC2,IL5,gene-gene,0.248458346
NFATC2,MEF2A,gene-gene,0.4206385179999999
NFATC2,MEF2B,gene-gene,0.259412902
NFATC2,MEF2C,gene-gene,0.433697738
NFATC2,MEF2D,gene-gene,0.293287092
NFATC2,MYH7,gene-gene,0.2473979877199999
NFATC2,PTGS2,gene-gene,0.425799728
NFATC2,TNF,gene-gene,0.362675996
NFATC2,TRPC6,gene-gene,0.2005658083
NFATC3,BORCS8-MEF2B,gene-gene,0.254684226
NFATC3,CDK4,gene-gene,0.21274667
NFATC3,CSF2,gene-gene,0.374011588
NFATC3,EGR2,gene-gene,0.2168682888
NFATC3,IL10,gene-gene,0.342322238
NFATC3,IL17D,gene-gene,0.397051825
NFATC3,IL2,gene-gene,0.303458422
NFATC3,IL4,gene-gene,0.321531206
NFATC3,IL5,gene-gene,0.287116506
NFATC3,MEF2A,gene-gene,0.250688716
NFATC3,MEF2B,gene-gene,0.314419136
NFATC3,MEF2C,gene-gene,0.365173757
NFATC3,MEF2D,gene-gene,0.377786038
NFATC3,PTGS2,gene-gene,0.533979994
NFATC3,SRF,gene-gene,0.239675847
NFATC3,TNF,gene-gene,0.4049505480000001
NFATC3,TRPC6,gene-gene,0.232249478
NFATC4,BORCS8-MEF2B,gene-gene,0.326402754
NFATC4,IL10,gene-gene,0.3527725659999999
NFATC4,IL17D,gene-gene,0.3317010999999999
NFATC4,IL2,gene-gene,0.283900104
NFATC4,MEF2A,gene-gene,0.274404192
NFATC4,MEF2B,gene-gene,0.2957597572
NFATC4,MEF2C,gene-gene,0.261375746
NFATC4,MEF2D,gene-gene,0.284685348
NFATC4,PTGS2,gene-gene,0.365763068
NFATC4,RGS2,gene-gene,0.226012102
NFATC4,SRF,gene-gene,0.2171248892
NFKB1,AGER,gene-gene,0.5046211740000001
NFKB1,AMH,gene-gene,0.450563888
NFKB1,BCL2,gene-gene,1.00074071
NFKB1,BCL2A1,gene-gene,0.44436693
NFKB1,BCL2L1,gene-gene,0.648760848
NFKB1,BCL3,gene-gene,0.315347464
NFKB1,BIRC2,gene-gene,0.319751412
NFKB1,BIRC3,gene-gene,0.541159656
NFKB1,CAMP,gene-gene,0.651472156
NFKB1,CCL11,gene-gene,0.435189688
NFKB1,CCL17,gene-gene,0.4903622399999999
NFKB1,CCL2,gene-gene,0.467301162
NFKB1,CCL20,gene-gene,0.4116711999999999
NFKB1,CCL22,gene-gene,0.455120842
NFKB1,CCL3,gene-gene,0.395679366
NFKB1,CCL3L1,gene-gene,0.458141096
NFKB1,CCL3L3,gene-gene,0.4078461779999999
NFKB1,CCL4,gene-gene,0.5133852400000001
NFKB1,CCL4L1,gene-gene,0.30213792
NFKB1,CCL4L2,gene-gene,0.4441700039999999
NFKB1,CCL5,gene-gene,0.507024766
NFKB1,CCL7,gene-gene,0.55490927
NFKB1,CCND1,gene-gene,0.491534646
NFKB1,CDK4,gene-gene,0.448828722
NFKB1,CFLAR,gene-gene,0.388151826
NFKB1,CSF2,gene-gene,0.5942864400000001
NFKB1,CSF3,gene-gene,0.508282576
NFKB1,CXCL1,gene-gene,0.460753768
NFKB1,CXCL10,gene-gene,0.52503279
NFKB1,CXCL2,gene-gene,0.38166498
NFKB1,CXCL3,gene-gene,0.4074993779999999
NFKB1,CXCL5,gene-gene,0.472473246
NFKB1,CXCL6,gene-gene,0.414278994
NFKB1,CXCL8,gene-gene,0.36156357
NFKB1,DEFB4A,gene-gene,0.5201272880000001
NFKB1,DEFB4B,gene-gene,0.434786116
NFKB1,EDN1,gene-gene,0.374622644
NFKB1,F3,gene-gene,0.390248344
NFKB1,GADD45A,gene-gene,0.360989514
NFKB1,GADD45B,gene-gene,0.428781138
NFKB1,GADD45G,gene-gene,0.411911936
NFKB1,HIF1A,gene-gene,0.490377752
NFKB1,ICAM1,gene-gene,0.301974006
NFKB1,IFNA1,gene-gene,0.504993608
NFKB1,IFNA10,gene-gene,0.38154316
NFKB1,IFNA13,gene-gene,0.613324678
NFKB1,IFNA14,gene-gene,0.456858272
NFKB1,IFNA16,gene-gene,0.6148549400000001
NFKB1,IFNA17,gene-gene,0.4869370039999999
NFKB1,IFNA2,gene-gene,0.5056158820000001
NFKB1,IFNA21,gene-gene,0.5209168820000001
NFKB1,IFNA4,gene-gene,0.316875164
NFKB1,IFNA5,gene-gene,0.434944764
NFKB1,IFNA6,gene-gene,0.6680676099999999
NFKB1,IFNA7,gene-gene,0.525317348
NFKB1,IFNA8,gene-gene,0.637887242
NFKB1,IFNB1,gene-gene,0.355445018
NFKB1,IFNE,gene-gene,0.58847979
NFKB1,IFNG,gene-gene,0.560778378
NFKB1,IFNK,gene-gene,0.592052346
NFKB1,IFNW1,gene-gene,0.550498298
NFKB1,IL10,gene-gene,0.502805136
NFKB1,IL12A,gene-gene,0.4371577519999999
NFKB1,IL12B,gene-gene,0.5292618499999999
NFKB1,IL13,gene-gene,0.390041622
NFKB1,IL18,gene-gene,0.417560736
NFKB1,IL1A,gene-gene,0.351382942
NFKB1,IL1B,gene-gene,0.45568457
NFKB1,IL2,gene-gene,0.389928346
NFKB1,IL23A,gene-gene,0.392274218
NFKB1,IL4,gene-gene,0.393357736
NFKB1,IL5,gene-gene,0.509565252
NFKB1,IL6,gene-gene,0.453337388
NFKB1,LCN2,gene-gene,0.419461804
NFKB1,MMP1,gene-gene,0.545413122
NFKB1,MMP13,gene-gene,0.275010168
NFKB1,MMP2,gene-gene,0.443286336
NFKB1,MMP3,gene-gene,0.5134619340000001
NFKB1,MMP9,gene-gene,0.364036196
NFKB1,MUC5B,gene-gene,0.654240552
NFKB1,MYB,gene-gene,0.316107358
NFKB1,NFKB2,gene-gene,0.519751218
NFKB1,NFKBIA,gene-gene,0.397608787
NFKB1,NFKBIB,gene-gene,0.52671406
NFKB1,NFKBIE,gene-gene,0.47048017
NFKB1,NLRP3,gene-gene,0.338585226
NFKB1,NOS2,gene-gene,0.431278612
NFKB1,PLAU,gene-gene,0.438257268
NFKB1,PTGS2,gene-gene,0.6780603199999999
NFKB1,RELA,gene-gene,0.549787248
NFKB1,S100A7,gene-gene,0.498562054
NFKB1,S100A7A,gene-gene,0.58034494
NFKB1,S100A8,gene-gene,0.432741194
NFKB1,S100A9,gene-gene,0.228432124
NFKB1,SELE,gene-gene,0.34984154
NFKB1,SERPINE1,gene-gene,0.572938426
NFKB1,SOCS3,gene-gene,0.40181468
NFKB1,THBD,gene-gene,0.440866146
NFKB1,TNF,gene-gene,0.736098688
NFKB1,TNFAIP3,gene-gene,0.3716641779999999
NFKB1,TRAF1,gene-gene,0.5650050440000001
NFKB1,TRAF2,gene-gene,0.495742634
NFKB1,VCAM1,gene-gene,0.487749624
NFKB1,VEGFA,gene-gene,0.639880182
NFKB1,VEGFB,gene-gene,0.495903876
NFKB1,VEGFC,gene-gene,0.542957072
NFKBIA,NFKB1,gene-gene,0.32826485
NFKBIA,RELA,gene-gene,0.30714016
NFKBIB,NFKB1,gene-gene,0.6357586239999999
NFKBIB,RELA,gene-gene,0.3281218039999999
NFKBIE,NFKB1,gene-gene,0.3960905959999999
NFKBIE,RELA,gene-gene,0.2603063368
NGF,CSF1R,gene-gene,0.2294954092
NGF,EGFR,gene-gene,0.293298034
NGF,EPHA2,gene-gene,0.50701806
NGF,ERBB2,gene-gene,0.309132854
NGF,ERBB3,gene-gene,0.214135596
NGF,ERBB4,gene-gene,0.215869592
NGF,FGFR1,gene-gene,0.292980378
NGF,FGFR2,gene-gene,0.699176858
NGF,FGFR3,gene-gene,0.2137637096
NGF,FGFR4,gene-gene,0.266930336
NGF,FLT3,gene-gene,0.314061462
NGF,FLT4,gene-gene,0.3687852379999999
NGF,IGF1R,gene-gene,0.2826260712
NGF,INSR,gene-gene,0.213346216
NGF,KDR,gene-gene,0.30156582
NGF,KIT,gene-gene,0.4259089379999999
NGF,NGFR,gene-gene,0.213343825
NGF,NTRK1,gene-gene,0.286854626
NGF,NTRK3,gene-gene,0.241670778
NGF,PDGFRA,gene-gene,0.2473901766
NGF,PDGFRB,gene-gene,0.5754917820000001
NGF,RET,gene-gene,0.2348953876
NGF,TEK,gene-gene,0.2806061088
NGFR,CDC42,gene-gene,0.3394691796
NGFR,CRK,gene-gene,0.358888492
NGFR,CRKL,gene-gene,0.28405649
NGFR,GRB2,gene-gene,0.2407358879999999
NGFR,IRS1,gene-gene,0.376126746
NGFR,PIK3CB,gene-gene,0.277150448
NGFR,PIK3CD,gene-gene,0.2677921828
NGFR,PIK3R1,gene-gene,0.252370914
NGFR,PIK3R2,gene-gene,0.312612002
NGFR,PIK3R3,gene-gene,0.4198849939999999
NGFR,PLCB2,gene-gene,0.3482715816
NGFR,PLCB3,gene-gene,0.235376164
NGFR,PLCB4,gene-gene,0.221179248
NGFR,RAC1,gene-gene,0.2076928304
NGFR,RHOA,gene-gene,0.302718972
NGFR,SHC1,gene-gene,0.2620503732
NGFR,SHC2,gene-gene,0.39014449
NGFR,SHC3,gene-gene,0.384330054
NGFR,SHC4,gene-gene,0.2494527492
NGFR,TRAF6,gene-gene,0.2289728294
NLK,FOXO3,gene-gene,0.2265476564
NLRP1,PYCARD,gene-gene,0.3109190448
NLRP12,NFKB1,gene-gene,0.476508024
NLRP12,RELA,gene-gene,0.23121491
NOD2,NLRP1,gene-gene,0.215111124
NOS3,MAPK10,gene-gene,0.2525931592
NOS3,MAPK11,gene-gene,0.2926480239999999
NOS3,MAPK12,gene-gene,0.2022287669999999
NOS3,MAPK14,gene-gene,0.369663036
NR4A1,BCL2,gene-gene,0.637379318
NR4A1,RXRA,gene-gene,0.5675591
NRAS,FOS,gene-gene,0.34313573
NRAS,JUN,gene-gene,0.34409386
NRAS,MAPK1,gene-gene,0.2914475812
NRAS,MAPK10,gene-gene,0.306658166
NRAS,MAPK11,gene-gene,0.432130146
NRAS,MAPK12,gene-gene,0.3001559539999999
NRAS,MAPK13,gene-gene,0.301449256
NRAS,MAPK14,gene-gene,0.603235324
NRAS,MAPK3,gene-gene,0.328406544
NRAS,MAPK8,gene-gene,0.217186254
NRAS,MAPK9,gene-gene,0.388422968
NRAS,PIK3CA,gene-gene,0.307946848
NRAS,PIK3R1,gene-gene,0.278153487
NRAS,PIK3R2,gene-gene,0.349920376
NRAS,PIK3R3,gene-gene,0.260612442
NRAS,RIN1,gene-gene,0.24694249
NRG3,ERBB4,gene-gene,0.293883317
NTF3,EGFR,gene-gene,0.400424304
NTF3,EPHA2,gene-gene,0.586091298
NTF3,ERBB4,gene-gene,0.233580464
NTF3,FGFR1,gene-gene,0.26056226
NTF3,FGFR2,gene-gene,0.4029849419999999
NTF3,FGFR3,gene-gene,0.33614328
NTF3,FGFR4,gene-gene,0.2978594979999999
NTF3,FLT1,gene-gene,0.423583968
NTF3,FLT3,gene-gene,0.370887354
NTF3,FLT4,gene-gene,0.2664465
NTF3,IGF1R,gene-gene,0.2000181392
NTF3,INSR,gene-gene,0.324342794
NTF3,KDR,gene-gene,0.240882706
NTF3,KIT,gene-gene,0.554103638
NTF3,MET,gene-gene,0.209212632
NTF3,NGFR,gene-gene,0.370992412
NTF3,NTRK1,gene-gene,0.2336128099999999
NTF3,NTRK2,gene-gene,0.358365488
NTF3,NTRK3,gene-gene,0.340530384
NTF3,PDGFRA,gene-gene,0.321629928
NTF3,PDGFRB,gene-gene,0.479408744
NTF3,TEK,gene-gene,0.348185706
NTF4,CSF1R,gene-gene,0.212005822
NTF4,EGFR,gene-gene,0.360337046
NTF4,EPHA2,gene-gene,0.4384498739999999
NTF4,ERBB2,gene-gene,0.300453294
NTF4,ERBB3,gene-gene,0.2158672592
NTF4,ERBB4,gene-gene,0.202252344
NTF4,FGFR1,gene-gene,0.2535248452
NTF4,FGFR2,gene-gene,0.401672676
NTF4,FGFR3,gene-gene,0.2049908279999999
NTF4,FGFR4,gene-gene,0.2098412066
NTF4,FLT1,gene-gene,0.2419115316
NTF4,FLT3,gene-gene,0.219918292
NTF4,FLT4,gene-gene,0.278786418
NTF4,IGF1R,gene-gene,0.2247299132
NTF4,INSR,gene-gene,0.3300653748
NTF4,KDR,gene-gene,0.2031986432
NTF4,KIT,gene-gene,0.543912722
NTF4,MET,gene-gene,0.243841238
NTF4,NTRK1,gene-gene,0.299271166
NTF4,NTRK2,gene-gene,0.319479638
NTF4,PDGFRA,gene-gene,0.459509438
NTF4,PDGFRB,gene-gene,0.429212946
NTF4,TEK,gene-gene,0.23945933
NTRK1,ABL1,gene-gene,0.581335116
NTRK1,GRB2,gene-gene,0.275363256
NTRK1,IRS1,gene-gene,0.503157646
NTRK1,PLCG1,gene-gene,0.2216692999999999
NTRK1,PLCG2,gene-gene,0.321636886
NTRK1,SHC1,gene-gene,0.484850752
NTRK1,SHC2,gene-gene,0.2976839156
NTRK1,SHC3,gene-gene,0.302253914
NTRK1,SHC4,gene-gene,0.403170784
NTRK2,ABL1,gene-gene,0.337638332
NTRK2,GRB2,gene-gene,0.33527049
NTRK2,IRS1,gene-gene,0.336467214
NTRK2,MATK,gene-gene,0.2400931084
NTRK2,PLCG1,gene-gene,0.306501792
NTRK2,PLCG2,gene-gene,0.286194536
NTRK2,SH2B3,gene-gene,0.2228161096
NTRK2,SHC1,gene-gene,0.2833258349999999
NTRK2,SHC2,gene-gene,0.2993068239999999
NTRK2,SHC3,gene-gene,0.34260681
NTRK2,SHC4,gene-gene,0.222709666
NTRK3,ABL1,gene-gene,0.5015424079999999
NTRK3,GRB2,gene-gene,0.227859852
NTRK3,IRS1,gene-gene,0.3414870479999999
NTRK3,MATK,gene-gene,0.2428587558
NTRK3,PLCG1,gene-gene,0.333328044
NTRK3,PLCG2,gene-gene,0.31658907
NTRK3,SHC1,gene-gene,0.4540888239999999
NTRK3,SHC2,gene-gene,0.2919836059999999
NTRK3,SHC4,gene-gene,0.3416844959999999
OPRM1,GNAI1,gene-gene,0.272494698
OSM,EGFR,gene-gene,0.2206051492
OSM,PDGFRB,gene-gene,0.345475234
PARD6A,PRKCZ,gene-gene,0.202670734
PARD6G,PRKCI,gene-gene,0.2171325573999999
PDGFA,CSF1R,gene-gene,0.331120482
PDGFA,EGFR,gene-gene,0.29350117
PDGFA,EPHA2,gene-gene,0.527389052
PDGFA,ERBB4,gene-gene,0.335374104
PDGFA,FGFR1,gene-gene,0.2108712559999999
PDGFA,FGFR2,gene-gene,0.6371428100000001
PDGFA,FGFR3,gene-gene,0.3707293319999999
PDGFA,FGFR4,gene-gene,0.2367016549999999
PDGFA,FLT1,gene-gene,0.2209214639999999
PDGFA,FLT4,gene-gene,0.400910082
PDGFA,IGF1R,gene-gene,0.263986168
PDGFA,IL7R,gene-gene,0.219022818
PDGFA,INSR,gene-gene,0.277349814
PDGFA,KDR,gene-gene,0.340861474
PDGFA,KIT,gene-gene,0.48619778
PDGFA,MET,gene-gene,0.316678003
PDGFA,MST1R,gene-gene,0.394038206
PDGFA,NGFR,gene-gene,0.2481973798
PDGFA,NTRK1,gene-gene,0.287222819
PDGFA,NTRK2,gene-gene,0.286291044
PDGFA,NTRK3,gene-gene,0.257763094
PDGFA,PDGFRA,gene-gene,0.2792579819999999
PDGFA,PDGFRB,gene-gene,0.731168248
PDGFA,PRLR,gene-gene,0.278869766
PDGFA,TEK,gene-gene,0.3577592511999999
PDGFB,CSF1R,gene-gene,0.249857694
PDGFB,EGFR,gene-gene,0.322083404
PDGFB,EPHA2,gene-gene,0.455233908
PDGFB,ERBB2,gene-gene,0.37914185
PDGFB,ERBB3,gene-gene,0.210897544
PDGFB,ERBB4,gene-gene,0.3235099928
PDGFB,FGFR1,gene-gene,0.27690868
PDGFB,FGFR2,gene-gene,0.360615618
PDGFB,FGFR3,gene-gene,0.302511392
PDGFB,FGFR4,gene-gene,0.2463956568
PDGFB,FLT1,gene-gene,0.3386248148
PDGFB,FLT3,gene-gene,0.312056138
PDGFB,FLT4,gene-gene,0.2263571187999999
PDGFB,IGF1R,gene-gene,0.2487673067999999
PDGFB,INSR,gene-gene,0.254908592
PDGFB,KDR,gene-gene,0.27149342
PDGFB,KIT,gene-gene,0.56012702
PDGFB,MET,gene-gene,0.2211833819999999
PDGFB,MST1R,gene-gene,0.299131198
PDGFB,NTRK1,gene-gene,0.239468692
PDGFB,NTRK2,gene-gene,0.3772219579999999
PDGFB,NTRK3,gene-gene,0.2889735519999999
PDGFB,PDGFRA,gene-gene,0.2566124364
PDGFB,PDGFRB,gene-gene,0.504663518
PDGFB,PRLR,gene-gene,0.261361
PDGFB,RET,gene-gene,0.227722922
PDGFB,TEK,gene-gene,0.259530704
PDGFC,EGFR,gene-gene,0.247083752
PDGFC,EPHA2,gene-gene,0.344888598
PDGFC,ERBB2,gene-gene,0.3907684839999999
PDGFC,ERBB4,gene-gene,0.327780992
PDGFC,FGFR1,gene-gene,0.248262334
PDGFC,FGFR2,gene-gene,0.391820507
PDGFC,FGFR3,gene-gene,0.2555840219999999
PDGFC,FGFR4,gene-gene,0.2837024278
PDGFC,FLT1,gene-gene,0.2390573848
PDGFC,FLT3,gene-gene,0.325151184
PDGFC,FLT4,gene-gene,0.361728328
PDGFC,IGF1R,gene-gene,0.2836224026
PDGFC,INSR,gene-gene,0.269269376
PDGFC,KDR,gene-gene,0.28806817
PDGFC,KIT,gene-gene,0.34670322
PDGFC,MST1R,gene-gene,0.267710338
PDGFC,NGFR,gene-gene,0.248672137
PDGFC,NTRK1,gene-gene,0.272016529
PDGFC,NTRK2,gene-gene,0.315365534
PDGFC,NTRK3,gene-gene,0.319072236
PDGFC,PDGFRA,gene-gene,0.2262996433999999
PDGFC,PDGFRB,gene-gene,0.508104654
PDGFC,RET,gene-gene,0.21555733
PDGFC,TEK,gene-gene,0.32692525
PDGFD,CSF1R,gene-gene,0.2735587906
PDGFD,EGFR,gene-gene,0.360678264
PDGFD,EPHA2,gene-gene,0.361559756
PDGFD,ERBB3,gene-gene,0.210931771
PDGFD,FGFR1,gene-gene,0.2248493309999999
PDGFD,FGFR2,gene-gene,0.600345168
PDGFD,FGFR3,gene-gene,0.2262217878
PDGFD,FLT1,gene-gene,0.275476868
PDGFD,FLT3,gene-gene,0.449900312
PDGFD,FLT4,gene-gene,0.2550631721999999
PDGFD,IGF1R,gene-gene,0.284768388
PDGFD,INSR,gene-gene,0.3750261774
PDGFD,KDR,gene-gene,0.2890158131999999
PDGFD,KIT,gene-gene,0.64733672
PDGFD,MET,gene-gene,0.2520693548
PDGFD,MST1R,gene-gene,0.218175356
PDGFD,NGFR,gene-gene,0.20422395
PDGFD,NTRK1,gene-gene,0.279421612
PDGFD,NTRK2,gene-gene,0.2182946324
PDGFD,NTRK3,gene-gene,0.379567198
PDGFD,PDGFRA,gene-gene,0.4022642959999999
PDGFD,PDGFRB,gene-gene,0.43283842
PDGFD,RET,gene-gene,0.380355772
PDGFD,TEK,gene-gene,0.220234294
PDGFRA,CRK,gene-gene,0.246781986
PDGFRA,CRKL,gene-gene,0.48304621
PDGFRA,GRB2,gene-gene,0.2281423719999999
PDGFRA,IRS1,gene-gene,0.302083466
PDGFRA,JAK1,gene-gene,0.2000542642
PDGFRA,JAK3,gene-gene,0.202254942
PDGFRA,PIK3CA,gene-gene,0.4009031079999999
PDGFRA,PIK3CB,gene-gene,0.29848017
PDGFRA,PIK3CD,gene-gene,0.25776529
PDGFRA,PIK3R1,gene-gene,0.3795112756
PDGFRA,PIK3R2,gene-gene,0.4025499268
PDGFRA,PIK3R3,gene-gene,0.302762718
PDGFRA,PLCB1,gene-gene,0.23857914
PDGFRA,PLCB2,gene-gene,0.239907916
PDGFRA,PLCB3,gene-gene,0.275451124
PDGFRA,PLCB4,gene-gene,0.33810966
PDGFRA,PLCG1,gene-gene,0.376182696
PDGFRA,PLCG2,gene-gene,0.302494546
PDGFRA,PTPN11,gene-gene,0.2137907799999999
PDGFRA,SHC1,gene-gene,0.389024102
PDGFRA,SHC2,gene-gene,0.2537201268
PDGFRA,SHC3,gene-gene,0.303662764
PDGFRA,TYK2,gene-gene,0.238010644
PDGFRB,CRK,gene-gene,0.486167382
PDGFRB,CRKL,gene-gene,0.612740044
PDGFRB,GAB1,gene-gene,0.513715092
PDGFRB,GAB2,gene-gene,0.671175996
PDGFRB,GRB2,gene-gene,0.534000262
PDGFRB,IRS1,gene-gene,0.382014132
PDGFRB,JAK1,gene-gene,0.442138472
PDGFRB,JAK2,gene-gene,0.610421678
PDGFRB,JAK3,gene-gene,0.411385188
PDGFRB,PIK3CA,gene-gene,0.513253264
PDGFRB,PIK3CB,gene-gene,0.436397326
PDGFRB,PIK3CD,gene-gene,0.505840308
PDGFRB,PIK3R1,gene-gene,0.485455376
PDGFRB,PIK3R2,gene-gene,0.769642744
PDGFRB,PIK3R3,gene-gene,0.577588282
PDGFRB,PLCB1,gene-gene,0.4562732399999999
PDGFRB,PLCB2,gene-gene,0.557280088
PDGFRB,PLCB3,gene-gene,0.463026432
PDGFRB,PLCB4,gene-gene,0.484684524
PDGFRB,PLCG1,gene-gene,0.494038468
PDGFRB,PLCG2,gene-gene,0.431877268
PDGFRB,PTPN11,gene-gene,0.5466693300000001
PDGFRB,SHC1,gene-gene,0.4333951539999999
PDGFRB,SHC2,gene-gene,0.47956538
PDGFRB,SHC3,gene-gene,0.518361678
PDGFRB,SHC4,gene-gene,0.384090764
PDGFRB,TYK2,gene-gene,0.531603948
PDPK1,AKT1,gene-gene,0.3736401071999999
PDPK1,AKT2,gene-gene,0.6406511619999999
PDPK1,AKT3,gene-gene,0.605225336
PDPK1,CHUK,gene-gene,0.5441852340000001
PDPK1,IKBKB,gene-gene,0.623199296
PDPK1,PKN1,gene-gene,0.383383232
PDPK1,PKN2,gene-gene,0.561215224
PDPK1,PKN3,gene-gene,0.587291926
PDPK1,PRKCA,gene-gene,0.666563314
PDPK1,PRKCI,gene-gene,0.504504804
PDPK1,PRKCZ,gene-gene,0.648955034
PDPK1,RPS6KB1,gene-gene,0.501161664
PDPK1,RPS6KB2,gene-gene,0.3260357479999999
PDPK1,SGK1,gene-gene,0.473821672
PDPK1,SGK2,gene-gene,0.499951184
PDPK1,SGK3,gene-gene,0.462324904
PGF,CSF1R,gene-gene,0.28785906
PGF,EGFR,gene-gene,0.2364352799999999
PGF,EPHA2,gene-gene,0.5546713719999999
PGF,ERBB2,gene-gene,0.260701922
PGF,ERBB3,gene-gene,0.2091457055999999
PGF,ERBB4,gene-gene,0.378200074
PGF,FGFR1,gene-gene,0.3134203588
PGF,FGFR2,gene-gene,0.5131289920000001
PGF,FGFR3,gene-gene,0.2511811356
PGF,FGFR4,gene-gene,0.213260186
PGF,FLT1,gene-gene,0.3002879779999999
PGF,FLT3,gene-gene,0.33297289
PGF,FLT4,gene-gene,0.254207148
PGF,IGF1R,gene-gene,0.299522398
PGF,INSR,gene-gene,0.291585322
PGF,KDR,gene-gene,0.361219814
PGF,KIT,gene-gene,0.53944246
PGF,MET,gene-gene,0.223377024
PGF,NGFR,gene-gene,0.2623277
PGF,NTRK2,gene-gene,0.33774327
PGF,PDGFRB,gene-gene,0.496434018
PGF,TEK,gene-gene,0.2599144808
PIAS1,STAT1,gene-gene,0.225350845
PIAS1,STAT2,gene-gene,0.281366484
PIAS1,STAT3,gene-gene,0.2204966549999999
PIAS1,STAT4,gene-gene,0.2238119208
PIAS1,STAT5B,gene-gene,0.33947416
PIAS1,STAT6,gene-gene,0.2245370794
PIAS2,STAT2,gene-gene,0.2497689512
PIAS2,STAT3,gene-gene,0.2537360896
PIAS2,STAT4,gene-gene,0.33090147
PIAS2,STAT5A,gene-gene,0.233207742
PIAS2,STAT5B,gene-gene,0.435503156
PIAS2,STAT6,gene-gene,0.310948372
PIAS3,STAT1,gene-gene,0.2461430092
PIAS3,STAT3,gene-gene,0.296129158
PIAS3,STAT4,gene-gene,0.2720931519999999
PIAS3,STAT5A,gene-gene,0.287434162
PIAS3,STAT5B,gene-gene,0.613178446
PIAS3,STAT6,gene-gene,0.2056037599999999
PIAS4,STAT2,gene-gene,0.236444558
PIAS4,STAT3,gene-gene,0.2402594816
PIAS4,STAT5A,gene-gene,0.24689226
PIAS4,STAT5B,gene-gene,0.376052026
PIAS4,STAT6,gene-gene,0.2039968791999999
PIK3AP1,PIK3R3,gene-gene,0.221070472
PIK3CA,AKT1,gene-gene,0.389525682
PIK3CA,AKT2,gene-gene,0.229125061
PIK3CA,AKT3,gene-gene,0.3333288159999999
PIK3CA,ATP1B1,gene-gene,0.291139028
PIK3CA,ATP1B2,gene-gene,0.2695518512
PIK3CA,CASP3,gene-gene,0.328959516
PIK3CA,HIF1A,gene-gene,0.408871562
PIK3CA,HRAS,gene-gene,0.343521832
PIK3CA,KRAS,gene-gene,0.233609692
PIK3CA,MTOR,gene-gene,0.513791595
PIK3CA,NRAS,gene-gene,0.2304054139999999
PIK3CA,PDPK1,gene-gene,0.482369408
PIK3CA,PRKCI,gene-gene,0.3151640599999999
PIK3CA,PRKCZ,gene-gene,0.3380804588
PIK3CA,PTK2,gene-gene,0.297590276
PIK3CA,RAC2,gene-gene,0.290744298
PIK3CA,RAC3,gene-gene,0.219235756
PIK3CA,RAF1,gene-gene,0.310270078
PIK3CA,RCAN2,gene-gene,0.3320841419999999
PIK3CA,SRC,gene-gene,0.41443533
PIK3CA,THRA,gene-gene,0.386164432
PIK3CB,AKT1,gene-gene,0.3689664836
PIK3CB,AKT2,gene-gene,0.290781754
PIK3CB,AKT3,gene-gene,0.260418686
PIK3CB,ATP1B1,gene-gene,0.2000174926
PIK3CB,ATP1B3,gene-gene,0.272902082
PIK3CB,CASP3,gene-gene,0.516239954
PIK3CB,FXYD2,gene-gene,0.2740672032
PIK3CB,HIF1A,gene-gene,0.306144466
PIK3CB,ITK,gene-gene,0.221968236
PIK3CB,KRAS,gene-gene,0.346296394
PIK3CB,MTOR,gene-gene,0.482996342
PIK3CB,NRAS,gene-gene,0.266819148
PIK3CB,PDPK1,gene-gene,0.527723046
PIK3CB,PRKCI,gene-gene,0.3549388916
PIK3CB,PRKCZ,gene-gene,0.4102284049999999
PIK3CB,PTK2,gene-gene,0.2969803326
PIK3CB,RAC1,gene-gene,0.251895484
PIK3CB,RCAN2,gene-gene,0.2459776719999999
PIK3CB,SRC,gene-gene,0.592449856
PIK3CB,THRA,gene-gene,0.249215872
PIK3CD,AKT1,gene-gene,0.356224876
PIK3CD,AKT2,gene-gene,0.364671616
PIK3CD,AKT3,gene-gene,0.336422914
PIK3CD,ATP1A2,gene-gene,0.255145608
PIK3CD,ATP1A4,gene-gene,0.21894293
PIK3CD,ATP1B2,gene-gene,0.2832723906
PIK3CD,CASP3,gene-gene,0.32745156
PIK3CD,FXYD2,gene-gene,0.246218716
PIK3CD,HIF1A,gene-gene,0.417508482
PIK3CD,HRAS,gene-gene,0.28870426
PIK3CD,ITK,gene-gene,0.36057036
PIK3CD,KRAS,gene-gene,0.335922344
PIK3CD,MTOR,gene-gene,0.725646554
PIK3CD,NRAS,gene-gene,0.349542812
PIK3CD,PDPK1,gene-gene,0.459004166
PIK3CD,PRKCI,gene-gene,0.3172929954
PIK3CD,PRKCZ,gene-gene,0.2347957306
PIK3CD,PTK2,gene-gene,0.312848688
PIK3CD,RAC1,gene-gene,0.3343308594
PIK3CD,RAC2,gene-gene,0.26577313
PIK3CD,RAF1,gene-gene,0.2725284099999999
PIK3CD,SRC,gene-gene,0.48214856
PIK3CD,THRA,gene-gene,0.378964776
PIK3CG,AKT1,gene-gene,0.418102084
PIK3CG,AKT2,gene-gene,0.3625885
PIK3CG,AKT3,gene-gene,0.337110888
PIK3CG,EGFR,gene-gene,0.4599324219999999
PIK3CG,HRAS,gene-gene,0.2943969039999999
PIK3CG,ITK,gene-gene,0.2927100247999999
PIK3CG,NRAS,gene-gene,0.219035892
PIK3CG,PRKCZ,gene-gene,0.27304703
PIK3R1,AKT1,gene-gene,0.300239202
PIK3R1,AKT2,gene-gene,0.2397423892
PIK3R1,AKT3,gene-gene,0.410499346
PIK3R1,ATP1A1,gene-gene,0.241130792
PIK3R1,ATP1B3,gene-gene,0.2411386598
PIK3R1,CASP3,gene-gene,0.3734530219999999
PIK3R1,FXYD2,gene-gene,0.281165644
PIK3R1,HIF1A,gene-gene,0.2569142206
PIK3R1,HRAS,gene-gene,0.29164718
PIK3R1,KRAS,gene-gene,0.244152222
PIK3R1,MTOR,gene-gene,0.554246002
PIK3R1,NRAS,gene-gene,0.26820457
PIK3R1,PDPK1,gene-gene,0.50839973
PIK3R1,PREX1,gene-gene,0.211621946
PIK3R1,PRKCI,gene-gene,0.325222886
PIK3R1,PRKCZ,gene-gene,0.315801556
PIK3R1,PTK2,gene-gene,0.276894068
PIK3R1,RAC1,gene-gene,0.271586944
PIK3R1,SRC,gene-gene,0.4522502
PIK3R1,THRA,gene-gene,0.329074808
PIK3R2,AKT1,gene-gene,0.2160654759999999
PIK3R2,AKT2,gene-gene,0.4125601319999999
PIK3R2,AKT3,gene-gene,0.324122448
PIK3R2,ATP1A1,gene-gene,0.2432240164
PIK3R2,ATP1A2,gene-gene,0.277789586
PIK3R2,ATP1A3,gene-gene,0.207536296
PIK3R2,ATP1A4,gene-gene,0.235827292
PIK3R2,ATP1B1,gene-gene,0.22845836
PIK3R2,ATP1B2,gene-gene,0.289508366
PIK3R2,ATP1B3,gene-gene,0.302188894
PIK3R2,CASP3,gene-gene,0.51417466
PIK3R2,HIF1A,gene-gene,0.4061109779999999
PIK3R2,HRAS,gene-gene,0.21707551
PIK3R2,ITK,gene-gene,0.252237726
PIK3R2,KRAS,gene-gene,0.23177933
PIK3R2,MTOR,gene-gene,0.562677618
PIK3R2,NRAS,gene-gene,0.3817968459999999
PIK3R2,PDPK1,gene-gene,0.569326886
PIK3R2,PRKCI,gene-gene,0.3243992
PIK3R2,PRKCZ,gene-gene,0.379347086
PIK3R2,PTK2,gene-gene,0.293317086
PIK3R2,RAC3,gene-gene,0.2270846316
PIK3R2,RAF1,gene-gene,0.208891142
PIK3R2,SRC,gene-gene,0.403518298
PIK3R2,THRA,gene-gene,0.285866868
PIK3R3,AKT1,gene-gene,0.353173638
PIK3R3,AKT2,gene-gene,0.3356321
PIK3R3,AKT3,gene-gene,0.203807384
PIK3R3,ATP1A1,gene-gene,0.2285866449999999
PIK3R3,ATP1A2,gene-gene,0.225040886
PIK3R3,ATP1A3,gene-gene,0.256685898
PIK3R3,ATP1B3,gene-gene,0.212224958
PIK3R3,CASP3,gene-gene,0.36565682
PIK3R3,HIF1A,gene-gene,0.485002634
PIK3R3,HRAS,gene-gene,0.26981263
PIK3R3,ITK,gene-gene,0.37463505
PIK3R3,KRAS,gene-gene,0.387911388
PIK3R3,MTOR,gene-gene,0.653091294
PIK3R3,NRAS,gene-gene,0.2495882868
PIK3R3,PDPK1,gene-gene,0.758246004
PIK3R3,PRKCI,gene-gene,0.4300237819999999
PIK3R3,PRKCZ,gene-gene,0.422693958
PIK3R3,PTK2,gene-gene,0.354162308
PIK3R3,RAC2,gene-gene,0.22839057052
PIK3R3,RAF1,gene-gene,0.291782286
PIK3R3,SRC,gene-gene,0.592439676
PIK3R3,THRA,gene-gene,0.4304765592
PIK3R5,AKT1,gene-gene,0.31481137
PIK3R5,AKT2,gene-gene,0.352646472
PIK3R5,AKT3,gene-gene,0.2033139047999999
PIK3R5,EGFR,gene-gene,0.39991624
PIK3R5,ITK,gene-gene,0.2068839568
PIK3R5,KRAS,gene-gene,0.250755374
PIK3R5,PRKCZ,gene-gene,0.269354118
PIK3R5,PTK2,gene-gene,0.300216158
PIK3R6,AKT1,gene-gene,0.360181046
PIK3R6,AKT2,gene-gene,0.21876939
PIK3R6,EGFR,gene-gene,0.203478214
PIK3R6,HRAS,gene-gene,0.287538128
PIK3R6,KRAS,gene-gene,0.20449789
PIK3R6,NRAS,gene-gene,0.2155835479999999
PIK3R6,PRKCZ,gene-gene,0.23920312
PIM1,NFATC1,gene-gene,0.2660964019999999
PKN1,PKN2,gene-gene,0.266740864
PKN2,YWHAE,gene-gene,0.2417683
PLCB1,EGFR,gene-gene,0.336921358
PLCB1,PRKCA,gene-gene,0.472558908
PLCB1,PRKCB,gene-gene,0.332210894
PLCB1,PRKCD,gene-gene,0.310003818
PLCB2,EGFR,gene-gene,0.4556909859999999
PLCB2,PRKCA,gene-gene,0.404616608
PLCB2,PRKCB,gene-gene,0.3534261256
PLCB2,PRKCD,gene-gene,0.41854512
PLCB3,EGFR,gene-gene,0.4633392580000001
PLCB3,PRKCA,gene-gene,0.4307432679999999
PLCB3,PRKCB,gene-gene,0.35607149
PLCB3,PRKCD,gene-gene,0.222603372
PLCB3,PRKCE,gene-gene,0.2662624888
PLCB4,EGFR,gene-gene,0.37027455
PLCB4,PRKCA,gene-gene,0.309861591
PLCB4,PRKCB,gene-gene,0.35148044
PLCB4,PRKCD,gene-gene,0.24044299
PLCG1,LCP2,gene-gene,0.216596468
PLCG1,PRKCA,gene-gene,0.366874604
PLCG1,PRKCB,gene-gene,0.369181822
PLCG1,PRKCD,gene-gene,0.272231052
PLCG1,PRKCG,gene-gene,0.427115455
PLCG2,CALML4,gene-gene,0.284204238
PLCG2,PRKCA,gene-gene,0.31402811
PLCG2,PRKCB,gene-gene,0.30086145
PLCG2,PRKCD,gene-gene,0.232124854
PLCG2,PRKCG,gene-gene,0.323027724
PPARA,ACADM,gene-gene,0.266845359
PPARA,ACOX1,gene-gene,0.356334632
PPARA,ACOX2,gene-gene,0.2539259399999999
PPARA,ACOX3,gene-gene,0.2834572119999999
PPARA,ACSBG2,gene-gene,0.2214302759999999
PPARA,ACSL1,gene-gene,0.367868137
PPARA,ACSL3,gene-gene,0.4253860956
PPARA,ACSL5,gene-gene,0.20651921
PPARA,ACSL6,gene-gene,0.293722522
PPARA,ANGPTL4,gene-gene,0.2422937359999999
PPARA,APOA1,gene-gene,0.2770403899999999
PPARA,APOA2,gene-gene,0.340656326
PPARA,APOA5,gene-gene,0.2654420528
PPARA,CPT1A,gene-gene,0.238703918
PPARA,CPT1B,gene-gene,0.266039016
PPARA,CPT1C,gene-gene,0.2098131276
PPARA,CPT2,gene-gene,0.202031036
PPARA,DBI,gene-gene,0.2183058628
PPARA,EHHADH,gene-gene,0.27637213
PPARA,FADS2,gene-gene,0.274888906
PPARA,HMGCS1,gene-gene,0.262708672
PPARA,LPL,gene-gene,0.2464793788
PPARA,ME1,gene-gene,0.201481243
PPARA,NR1H3,gene-gene,0.20124687
PPARA,PCK1,gene-gene,0.223704378
PPARA,PCK2,gene-gene,0.33312707
PPARA,PLTP,gene-gene,0.2683783388
PPARA,RXRA,gene-gene,0.387077636
PPARA,RXRB,gene-gene,0.42876922
PPARA,RXRG,gene-gene,0.5466887020000001
PPARA,SCD,gene-gene,0.282579972
PPARA,SLC27A1,gene-gene,0.22868549
PPARA,UCP1,gene-gene,0.214486716
PPARD,ACADL,gene-gene,0.33381066
PPARD,ACOX1,gene-gene,0.387081786
PPARD,ACOX2,gene-gene,0.455331274
PPARD,ANGPTL4,gene-gene,0.2819843549999999
PPARD,CPT1A,gene-gene,0.337925122
PPARD,CPT1B,gene-gene,0.420684206
PPARD,CPT1C,gene-gene,0.276384426
PPARD,FABP3,gene-gene,0.331440456
PPARD,ILK,gene-gene,0.2866192394
PPARD,LPL,gene-gene,0.47794495
PPARD,PDPK1,gene-gene,0.59690187
PPARD,RXRA,gene-gene,0.5473695599999999
PPARD,RXRB,gene-gene,0.470654676
PPARD,RXRG,gene-gene,0.455584334
PPARD,UBC,gene-gene,0.278994256
PPARD,UCP1,gene-gene,0.301669462
PPARG,ACSBG1,gene-gene,0.2139412259999999
PPARG,ACSBG2,gene-gene,0.350483016
PPARG,ACSL5,gene-gene,0.27041175406
PPARG,ACSL6,gene-gene,0.207637762
PPARG,ADIPOQ,gene-gene,0.268101274
PPARG,ANGPTL4,gene-gene,0.2463317319999999
PPARG,CD36,gene-gene,0.443433668
PPARG,CPT1A,gene-gene,0.2477202948
PPARG,CPT1B,gene-gene,0.2259705209999999
PPARG,CYP27A1,gene-gene,0.2056083571999999
PPARG,FABP4,gene-gene,0.3387203079999999
PPARG,GK2,gene-gene,0.2910879469999999
PPARG,LPL,gene-gene,0.2522492292
PPARG,MMP1,gene-gene,0.3712326851999999
PPARG,OLR1,gene-gene,0.303357564
PPARG,PCK1,gene-gene,0.25860373
PPARG,PCK2,gene-gene,0.2857084079999999
PPARG,PLIN1,gene-gene,0.2391242924
PPARG,PLIN4,gene-gene,0.312990422
PPARG,PLIN5,gene-gene,0.309408704
PPARG,RXRA,gene-gene,0.382226102
PPARG,RXRB,gene-gene,0.4990749359999999
PPARG,RXRG,gene-gene,0.613324054
PPARG,SCD,gene-gene,0.40181372
PPARG,SCD5,gene-gene,0.368025888
PPARG,SLC27A1,gene-gene,0.244447948
PPARG,UCP1,gene-gene,0.2005347232
PPP1CA,CREB1,gene-gene,0.2499624933999999
PPP1CA,CREB3L1,gene-gene,0.292144382
PPP1CA,CREB3L2,gene-gene,0.2126231208
PPP1CB,CREB1,gene-gene,0.2472179384
PPP2CA,AKT1,gene-gene,0.284684597
PPP2CA,AKT2,gene-gene,0.428412162
PPP2CA,AKT3,gene-gene,0.4860723939999999
PPP2CA,BCL2,gene-gene,0.58772868
PPP2CA,RPS6KB1,gene-gene,0.276510584
PPP2CA,RPS6KB2,gene-gene,0.4601001099999999
PPP2CA,STK3,gene-gene,0.208978746
PPP2CA,WWTR1,gene-gene,0.242292173
PPP2CB,AKT1,gene-gene,0.427556234
PPP2CB,AKT2,gene-gene,0.383860034
PPP2CB,AKT3,gene-gene,0.3649444288
PPP2CB,BCL2,gene-gene,0.51052657
PPP2CB,RPS6KB1,gene-gene,0.389036166
PPP2CB,RPS6KB2,gene-gene,0.39255589
PPP2CB,WWTR1,gene-gene,0.21766731
PPP2CB,YAP1,gene-gene,0.240112864
PPP2R1A,AKT1,gene-gene,0.345926244
PPP2R1A,AKT2,gene-gene,0.515297313
PPP2R1A,AKT3,gene-gene,0.499860902
PPP2R1A,BCL2,gene-gene,0.331475906
PPP2R1A,RPS6KB1,gene-gene,0.27422056
PPP2R1A,RPS6KB2,gene-gene,0.2213312088
PPP2R1B,AKT1,gene-gene,0.3051788444
PPP2R1B,AKT2,gene-gene,0.388502774
PPP2R1B,AKT3,gene-gene,0.3829658219999999
PPP2R1B,BCL2,gene-gene,0.42923551
PPP2R1B,RPS6KB1,gene-gene,0.2975097286
PPP2R1B,RPS6KB2,gene-gene,0.2916796279999999
PPP2R2A,AKT1,gene-gene,0.285554922
PPP2R2A,AKT2,gene-gene,0.2886201579999999
PPP2R2A,AKT3,gene-gene,0.3685650219999999
PPP2R2A,BCL2,gene-gene,0.554261644
PPP2R2B,AKT1,gene-gene,0.261316859
PPP2R2B,AKT2,gene-gene,0.376022814
PPP2R2B,AKT3,gene-gene,0.29939516
PPP2R2B,BCL2,gene-gene,0.601502668
PPP2R2C,AKT1,gene-gene,0.316869268
PPP2R2C,AKT3,gene-gene,0.386788802
PPP2R2C,BCL2,gene-gene,0.434721906
PPP2R2D,AKT1,gene-gene,0.3990379
PPP2R2D,AKT2,gene-gene,0.334932362
PPP2R2D,AKT3,gene-gene,0.4001062239999999
PPP2R2D,BCL2,gene-gene,0.40235702
PPP2R3A,AKT1,gene-gene,0.409200198
PPP2R3A,AKT2,gene-gene,0.427727954
PPP2R3A,BCL2,gene-gene,0.78386119
PPP2R3C,AKT1,gene-gene,0.372623634
PPP2R3C,AKT2,gene-gene,0.310092348
PPP2R3C,AKT3,gene-gene,0.31514471
PPP2R3C,BCL2,gene-gene,0.592674768
PPP2R5A,AKT2,gene-gene,0.3115954959999999
PPP2R5A,AKT3,gene-gene,0.233866478
PPP2R5A,BCL2,gene-gene,0.4697329
PPP2R5B,AKT1,gene-gene,0.292758364
PPP2R5B,AKT3,gene-gene,0.347525314
PPP2R5B,BCL2,gene-gene,0.66778437
PPP2R5C,AKT1,gene-gene,0.266014592
PPP2R5C,AKT2,gene-gene,0.205603553
PPP2R5C,AKT3,gene-gene,0.34939872
PPP2R5C,BCL2,gene-gene,0.619611522
PPP2R5D,AKT1,gene-gene,0.270928302
PPP2R5D,AKT2,gene-gene,0.544447624
PPP2R5D,AKT3,gene-gene,0.324731824
PPP2R5D,BCL2,gene-gene,0.526956224
PPP2R5E,AKT1,gene-gene,0.430500756
PPP2R5E,AKT2,gene-gene,0.245465162
PPP2R5E,AKT3,gene-gene,0.366662144
PPP2R5E,BCL2,gene-gene,0.495842641
PPP3CB,NFATC2,gene-gene,0.209615226
PPP3CB,NFATC4,gene-gene,0.2474485332
PPP3CC,NFATC2,gene-gene,0.2184228839999999
PPP3R2,NFATC3,gene-gene,0.2269519059999999
PRKAA1,ACACA,gene-gene,0.2052839698
PRKAA1,AKT1S1,gene-gene,0.2043704432
PRKAA1,CD36,gene-gene,0.406087226
PRKAA1,CFTR,gene-gene,0.2486120334
PRKAA1,MTOR,gene-gene,0.515198916
PRKAA1,PCK1,gene-gene,0.338326178
PRKAA1,PLIN1,gene-gene,0.2085666556
PRKAA1,RPTOR,gene-gene,0.255321914
PRKAA2,AKT1S1,gene-gene,0.415463942
PRKAA2,CD36,gene-gene,0.235694046
PRKAA2,G6PC2,gene-gene,0.2069250222
PRKAA2,GYS2,gene-gene,0.2164555919999999
PRKAA2,KLF2,gene-gene,0.267215406
PRKAA2,LIPE,gene-gene,0.2261760852
PRKAA2,MLYCD,gene-gene,0.2647142932
PRKAA2,MTOR,gene-gene,0.530284336
PRKAA2,PCK1,gene-gene,0.275113144
PRKAA2,PCK2,gene-gene,0.2704474246
PRKAA2,PFKFB3,gene-gene,0.2053264692
PRKAA2,PLIN1,gene-gene,0.295889476
PRKAA2,PPARGC1A,gene-gene,0.273117119
PRKAA2,RPTOR,gene-gene,0.3087427792
PRKAA2,TBC1D1,gene-gene,0.2367823899999999
PRKAB1,AKT1S1,gene-gene,0.2106722979999999
PRKAB1,CD36,gene-gene,0.3301334299999999
PRKAB1,CFTR,gene-gene,0.2711464968
PRKAB1,ELAVL1,gene-gene,0.2513573031
PRKAB1,FOXO1,gene-gene,0.2900159672
PRKAB1,FOXO3,gene-gene,0.2092385387999999
PRKAB1,G6PC2,gene-gene,0.200617466
PRKAB1,MTOR,gene-gene,0.5446528039999999
PRKAB1,PCK1,gene-gene,0.273894886
PRKAB1,PFKFB2,gene-gene,0.2182892288
PRKAB1,RPTOR,gene-gene,0.243530729
PRKAB2,ACACB,gene-gene,0.2182065352
PRKAB2,AKT1S1,gene-gene,0.283864242
PRKAB2,CFTR,gene-gene,0.2347389919999999
PRKAB2,FOXO3,gene-gene,0.357640672
PRKAB2,HMGCR,gene-gene,0.207771697
PRKAB2,LIPE,gene-gene,0.21849715
PRKAB2,MTOR,gene-gene,0.433333822
PRKAB2,NPY,gene-gene,0.223191742
PRKAB2,PCK1,gene-gene,0.252286096
PRKAB2,PFKFB2,gene-gene,0.2054714087399999
PRKAB2,RPTOR,gene-gene,0.383153114
PRKAB2,TBC1D1,gene-gene,0.224410342
PRKACA,ATF4,gene-gene,0.269825116
PRKACA,CREB3L1,gene-gene,0.2057296377999999
PRKACA,CREB3L2,gene-gene,0.2250556159999999
PRKACA,GLI1,gene-gene,0.2434995755999999
PRKACA,NFKB1,gene-gene,0.452929018
PRKACA,PPARA,gene-gene,0.261453352
PRKACA,PRKAA1,gene-gene,0.246827276
PRKACA,PRKAA2,gene-gene,0.2258274559999999
PRKACA,PRKAB2,gene-gene,0.254902374
PRKACA,PRKAG1,gene-gene,0.265682054
PRKACA,PRKAG2,gene-gene,0.226226962
PRKACA,RELA,gene-gene,0.323339824
PRKACA,RHOA,gene-gene,0.274007994
PRKACB,CREB3L3,gene-gene,0.214920229
PRKACB,CREBBP,gene-gene,0.2264747437999999
PRKACB,EP300,gene-gene,0.2967939376
PRKACB,GLI1,gene-gene,0.2222905735999999
PRKACB,GLI3,gene-gene,0.2039846867999999
PRKACB,NFATC1,gene-gene,0.2333826279999999
PRKACB,NFKB1,gene-gene,0.456184248
PRKACB,PRKAB1,gene-gene,0.2889719178
PRKACB,PRKAB2,gene-gene,0.218975796
PRKACB,PRKAG1,gene-gene,0.21585124
PRKACB,PRKAG2,gene-gene,0.2600593978
PRKACB,PRKAG3,gene-gene,0.2601664979999999
PRKACB,RELA,gene-gene,0.43001933
PRKACB,RHOA,gene-gene,0.276986552
PRKACG,ATF2,gene-gene,0.3505740702
PRKACG,CREB1,gene-gene,0.229869687
PRKACG,EP300,gene-gene,0.2508713108
PRKACG,NFKB1,gene-gene,0.481307316
PRKACG,PPARA,gene-gene,0.26052175
PRKACG,PRKAB1,gene-gene,0.2154010752
PRKACG,PRKAG2,gene-gene,0.258831908
PRKACG,RELA,gene-gene,0.237427004
PRKACG,RHOA,gene-gene,0.2127179
PRKAG1,AGRP,gene-gene,0.225655944
PRKAG1,AKT1S1,gene-gene,0.2905430796
PRKAG1,CD36,gene-gene,0.2618924046
PRKAG1,FOXO1,gene-gene,0.2434821053999999
PRKAG1,FOXO3,gene-gene,0.250457328
PRKAG1,HMGCR,gene-gene,0.2313048713999999
PRKAG1,MLYCD,gene-gene,0.205721612
PRKAG1,MTOR,gene-gene,0.625121038
PRKAG1,PCK2,gene-gene,0.21818323
PRKAG1,RPTOR,gene-gene,0.350685688
PRKAG1,SPHK1,gene-gene,0.247572972
PRKAG2,ACACB,gene-gene,0.200679542
PRKAG2,AKT1S1,gene-gene,0.335487514
PRKAG2,CD36,gene-gene,0.363488264
PRKAG2,CFTR,gene-gene,0.257504774
PRKAG2,EEF2K,gene-gene,0.266526608
PRKAG2,ELAVL1,gene-gene,0.223521892
PRKAG2,FOXO1,gene-gene,0.2209710079999999
PRKAG2,FOXO3,gene-gene,0.243663218
PRKAG2,G6PC2,gene-gene,0.217388094
PRKAG2,HMGCR,gene-gene,0.24648552
PRKAG2,MLYCD,gene-gene,0.2288926536
PRKAG2,MTOR,gene-gene,0.549705876
PRKAG2,PCK1,gene-gene,0.2788750452
PRKAG2,PCK2,gene-gene,0.2766706
PRKAG2,PFKFB2,gene-gene,0.2384596812
PRKAG2,PFKFB3,gene-gene,0.285357562
PRKAG2,PLIN1,gene-gene,0.29250306
PRKAG2,RPTOR,gene-gene,0.372923798
PRKAG2,SLC2A4,gene-gene,0.262866708
PRKAG2,TSC2,gene-gene,0.225972807
PRKAG3,AKT1S1,gene-gene,0.404995606
PRKAG3,CD36,gene-gene,0.304413744
PRKAG3,G6PC3,gene-gene,0.2241720563999999
PRKAG3,MTOR,gene-gene,0.525315068
PRKAG3,PCK2,gene-gene,0.226440688
PRKAG3,PLIN1,gene-gene,0.2689169122
PRKAG3,RPTOR,gene-gene,0.30430028
PRKAG3,SLC2A4,gene-gene,0.26746805534
PRKCA,CD38,gene-gene,0.238052564
PRKCA,EEF2K,gene-gene,0.2655412179999999
PRKCA,HRAS,gene-gene,0.233537268
PRKCA,JMJD7-PLA2G4B,gene-gene,0.258625658
PRKCA,KRAS,gene-gene,0.3500271279999999
PRKCA,MAP2K4,gene-gene,0.2405577572
PRKCA,MAP2K7,gene-gene,0.2854504399999999
PRKCA,MAP3K1,gene-gene,0.275376228
PRKCA,MAPK1,gene-gene,0.30090313
PRKCA,MAPK10,gene-gene,0.322156312
PRKCA,MAPK11,gene-gene,0.422155186
PRKCA,MAPK12,gene-gene,0.2287929259999999
PRKCA,MAPK13,gene-gene,0.369739764
PRKCA,MAPK14,gene-gene,0.580682648
PRKCA,MAPK3,gene-gene,0.428464414
PRKCA,MAPK7,gene-gene,0.4066026320000001
PRKCA,MAPK8,gene-gene,0.27404312
PRKCA,MAPK9,gene-gene,0.424192154
PRKCA,MMP14,gene-gene,0.2097056818
PRKCA,MTOR,gene-gene,0.619165086
PRKCA,NRAS,gene-gene,0.372501588
PRKCA,PLA2G4C,gene-gene,0.2004387
PRKCA,PLD1,gene-gene,0.2160815187999999
PRKCA,PRKD2,gene-gene,0.2376355419999999
PRKCA,PTK2B,gene-gene,0.211336659
PRKCA,RRAS,gene-gene,0.2575375219999999
PRKCA,RRAS2,gene-gene,0.2224902558
PRKCA,SLC9A1,gene-gene,0.220177932
PRKCA,SPHK1,gene-gene,0.2178986319999999
PRKCA,SRC,gene-gene,0.559903426
PRKCB,CARD11,gene-gene,0.256441016
PRKCB,CD38,gene-gene,0.2188655719999999
PRKCB,EGLN3,gene-gene,0.232029721
PRKCB,HRAS,gene-gene,0.32051995
PRKCB,KRAS,gene-gene,0.2988685714
PRKCB,MAP3K4,gene-gene,0.2103702445
PRKCB,MAPK1,gene-gene,0.3106632299999999
PRKCB,MAPK10,gene-gene,0.38801709
PRKCB,MAPK11,gene-gene,0.4519789859999999
PRKCB,MAPK12,gene-gene,0.396865406
PRKCB,MAPK13,gene-gene,0.333185326
PRKCB,MAPK14,gene-gene,0.7022563319999999
PRKCB,MAPK3,gene-gene,0.532495966
PRKCB,MAPK7,gene-gene,0.463043564
PRKCB,MAPK8,gene-gene,0.3116808566
PRKCB,MAPK9,gene-gene,0.255408818
PRKCB,MMP14,gene-gene,0.359661238
PRKCB,MTOR,gene-gene,0.548504924
PRKCB,NCF1,gene-gene,0.266885824
PRKCB,NRAS,gene-gene,0.2207206
PRKCB,PLA2G4D,gene-gene,0.252144483
PRKCB,PLA2G4E,gene-gene,0.30122258
PRKCB,PTK2B,gene-gene,0.305108912
PRKCB,RAF1,gene-gene,0.308557128
PRKCB,RRAS,gene-gene,0.231765524
PRKCB,SPHK2,gene-gene,0.248748436
PRKCB,SRC,gene-gene,0.4728876299999999
PRKCD,CARD9,gene-gene,0.353793566
PRKCD,MAPK1,gene-gene,0.282790577
PRKCD,MAPK10,gene-gene,0.3868422748
PRKCD,MAPK11,gene-gene,0.2396216334
PRKCD,MAPK12,gene-gene,0.2128303251999999
PRKCD,MAPK14,gene-gene,0.359519126
PRKCD,SRC,gene-gene,0.423985198
PRKCE,MAPK1,gene-gene,0.256511533
PRKCE,MAPK10,gene-gene,0.2459914064
PRKCE,MAPK11,gene-gene,0.2131535463999999
PRKCE,MAPK13,gene-gene,0.2175466039999999
PRKCE,MAPK14,gene-gene,0.58553917
PRKCE,MAPK3,gene-gene,0.260117636
PRKCE,MAPK8,gene-gene,0.2206932989999999
PRKCE,MAPK9,gene-gene,0.2505723564
PRKCG,HRAS,gene-gene,0.294922604
PRKCG,KRAS,gene-gene,0.360361538
PRKCG,MAPK1,gene-gene,0.261338228
PRKCG,MAPK3,gene-gene,0.2344048899999999
PRKCG,MTOR,gene-gene,0.680274096
PRKCG,NRAS,gene-gene,0.2273381406
PRKCG,PRKD3,gene-gene,0.200115086
PRKCG,RAF1,gene-gene,0.303273062
PRKCG,SPHK2,gene-gene,0.2077441514
PRKCI,PRKCZ,gene-gene,0.357278644
PRKCQ,MAPK9,gene-gene,0.204051519
PRKCZ,AKT1,gene-gene,0.3621595412
PRKCZ,AKT2,gene-gene,0.315611654
PRKCZ,AKT3,gene-gene,0.4446528431999999
PRKCZ,MAPK1,gene-gene,0.294295174
PRKCZ,MAPK10,gene-gene,0.363252586
PRKCZ,MAPK12,gene-gene,0.2193205446
PRKCZ,MAPK13,gene-gene,0.458166328
PRKCZ,MAPK14,gene-gene,0.6022442960000001
PRKCZ,MAPK3,gene-gene,0.260450272
PRKCZ,MAPK8,gene-gene,0.278987991
PRKG2,CREB3L2,gene-gene,0.33665023
PRKG2,CREB3L3,gene-gene,0.249599063
PRL,EGFR,gene-gene,0.208117332
PRL,PDGFRA,gene-gene,0.2094910072
PRL,PDGFRB,gene-gene,0.476259586
PRLR,JAK2,gene-gene,0.251874918
PRLR,JAK3,gene-gene,0.28180065
PRLR,OSMR,gene-gene,0.20915699914
PRLR,TYK2,gene-gene,0.265047688
PTGFR,PLCB3,gene-gene,0.2739734194
PTK2,PIK3CA,gene-gene,0.373716806
PTK2,PIK3CB,gene-gene,0.4014859879999999
PTK2,PIK3CD,gene-gene,0.321633336
PTK2,PIK3R1,gene-gene,0.2230441209999999
PTK2,PIK3R2,gene-gene,0.387290129
PTK2,PIK3R3,gene-gene,0.389435824
PTK2B,CRK,gene-gene,0.354375436
PTK2B,PTK2,gene-gene,0.200803986
PTK2B,RHOA,gene-gene,0.3904525279999999
PTPN1,INSR,gene-gene,0.213261077
PTPN1,IRS2,gene-gene,0.2533918662
PTPN11,PIK3CA,gene-gene,0.301439088
PTPN11,PIK3CB,gene-gene,0.357419222
PTPN11,PIK3CD,gene-gene,0.2480590704
PTPN11,PIK3R1,gene-gene,0.31405015
PTPN11,PIK3R2,gene-gene,0.347886188
PTPN2,STAT1,gene-gene,0.2796231571999999
PTPN2,STAT4,gene-gene,0.3077887654
PTPN2,STAT5B,gene-gene,0.44357539
PTPN2,STAT6,gene-gene,0.2236467059999999
PTPN5,MAPK1,gene-gene,0.246126568
PTPN5,MAPK11,gene-gene,0.318020484
PTPN5,MAPK14,gene-gene,0.4319375799999999
PTPN5,MAPK3,gene-gene,0.329688684
PTPN5,MAPK8,gene-gene,0.260209242
PTPN5,MAPK9,gene-gene,0.247847714
PTPN6,ZAP70,gene-gene,0.20317342
PTPN7,MAPK10,gene-gene,0.3755643
PTPN7,MAPK11,gene-gene,0.2522797964
PTPN7,MAPK14,gene-gene,0.461964166
PTPN7,MAPK3,gene-gene,0.2365137886
PTPN7,MAPK8,gene-gene,0.234245734
PTPRC,FYN,gene-gene,0.5466447320000001
PTPRC,LCK,gene-gene,0.38432092
PTPRF,IRS1,gene-gene,0.28105188284
PTPRF,SHC1,gene-gene,0.2036781047999999
PTPRR,MAPK11,gene-gene,0.236690164
PTPRR,MAPK12,gene-gene,0.2500164022
PTPRR,MAPK13,gene-gene,0.213664558
PTPRR,MAPK14,gene-gene,0.534860958
PTPRR,MAPK3,gene-gene,0.244031755
RAC1,MAP3K5,gene-gene,0.2171334107999999
RAC1,MAPK10,gene-gene,0.253584286
RAC1,MAPK12,gene-gene,0.2315736974
RAC1,MAPK13,gene-gene,0.2033932167999999
RAC1,MAPK14,gene-gene,0.3867562679999999
RAC1,MAPK9,gene-gene,0.3121459828
RAC1,PIK3CB,gene-gene,0.2420107
RAC1,PIK3R2,gene-gene,0.2377666999999999
RAC1,PIK3R3,gene-gene,0.361510931
RAC1,PRKCI,gene-gene,0.2422757628
RAC1,RHOA,gene-gene,0.249481238
RAC3,MAPK9,gene-gene,0.283484961
RAC3,PRKCZ,gene-gene,0.233921054
RAF1,PIK3CA,gene-gene,0.25829693
RAF1,PIK3CB,gene-gene,0.37069817
RAF1,PIK3CD,gene-gene,0.2239037866
RAF1,PIK3R1,gene-gene,0.307248224
RAF1,PIK3R2,gene-gene,0.3865319667999999
RAF1,PIK3R3,gene-gene,0.319643912
RAF1,RELA,gene-gene,0.2507920292
RALB,MAPK8,gene-gene,0.2428188152
RAP1A,MAP2K3,gene-gene,0.209093998
RAP1A,PIK3CA,gene-gene,0.2716327248
RAP1A,PIK3CB,gene-gene,0.2658075359999999
RAP1A,PIK3R2,gene-gene,0.215191301
RAP1A,PIK3R3,gene-gene,0.34379075
RAP1A,SRC,gene-gene,0.49722546
RAP1B,PIK3R2,gene-gene,0.384525496
RAP1B,PIK3R3,gene-gene,0.287754342
RAP1B,SRC,gene-gene,0.300521704
RASGRF1,KRAS,gene-gene,0.218966477
RBPJ,HES1,gene-gene,0.22945158034
RBPJ,HES5,gene-gene,0.2389890439999999
RBPJ,HEY1,gene-gene,0.295720685
RBPJL,SNW1,gene-gene,0.2311251127999999
RELA,BCL2,gene-gene,0.4212462739999999
RELA,BCL2A1,gene-gene,0.2313077988
RELA,BIRC2,gene-gene,0.2499582719999999
RELA,CAMP,gene-gene,0.31910826
RELA,CCL11,gene-gene,0.23262463
RELA,CCL17,gene-gene,0.204691772
RELA,CCL20,gene-gene,0.296578302
RELA,CCL3,gene-gene,0.282030262
RELA,CCL3L1,gene-gene,0.324500352
RELA,CCL4,gene-gene,0.241453223
RELA,CCL4L2,gene-gene,0.2077660019999999
RELA,CCL7,gene-gene,0.259672282
RELA,CCND1,gene-gene,0.227835542
RELA,CDK4,gene-gene,0.28563866
RELA,CFLAR,gene-gene,0.2384056668
RELA,CSF2,gene-gene,0.248652432
RELA,CSF3,gene-gene,0.233320574
RELA,CXCL3,gene-gene,0.3930105456
RELA,CXCL8,gene-gene,0.342169874
RELA,DEFB4B,gene-gene,0.3224675
RELA,EDN1,gene-gene,0.237034914
RELA,F3,gene-gene,0.2618076866
RELA,GADD45B,gene-gene,0.212230062
RELA,GADD45G,gene-gene,0.2188678807999999
RELA,HIF1A,gene-gene,0.3201773308
RELA,ICAM1,gene-gene,0.252964186
RELA,IFNA1,gene-gene,0.249583198
RELA,IFNA10,gene-gene,0.367023752
RELA,IFNA13,gene-gene,0.27114993
RELA,IFNA14,gene-gene,0.360230718
RELA,IFNA16,gene-gene,0.31101139
RELA,IFNA17,gene-gene,0.3411820419999999
RELA,IFNA2,gene-gene,0.212686974
RELA,IFNA21,gene-gene,0.249432784
RELA,IFNA4,gene-gene,0.4016051499999999
RELA,IFNA5,gene-gene,0.293063435
RELA,IFNA6,gene-gene,0.39638703
RELA,IFNA7,gene-gene,0.361975442
RELA,IFNA8,gene-gene,0.2148190019999999
RELA,IFNE,gene-gene,0.203053238
RELA,IFNG,gene-gene,0.302365568
RELA,IFNK,gene-gene,0.225780796
RELA,IL10,gene-gene,0.258051562
RELA,IL12A,gene-gene,0.24118798
RELA,IL12B,gene-gene,0.269575444
RELA,IL13,gene-gene,0.252583818
RELA,IL18,gene-gene,0.247320442
RELA,IL2,gene-gene,0.335076228
RELA,IL23A,gene-gene,0.308329718
RELA,IL5,gene-gene,0.236627502
RELA,IL6,gene-gene,0.431955928
RELA,LCN2,gene-gene,0.283099622
RELA,MMP1,gene-gene,0.262005426
RELA,MMP3,gene-gene,0.3270816218
RELA,MMP9,gene-gene,0.2445944228
RELA,MYB,gene-gene,0.239151004
RELA,NFKB1,gene-gene,0.438858128
RELA,NFKB2,gene-gene,0.2464560479999999
RELA,NFKBIE,gene-gene,0.27942191
RELA,PLAU,gene-gene,0.2364893551999999
RELA,PTGS2,gene-gene,0.70694899
RELA,S100A7,gene-gene,0.260607141
RELA,S100A7A,gene-gene,0.4186960940000001
RELA,S100A9,gene-gene,0.2194637988
RELA,SELE,gene-gene,0.2321570191999999
RELA,SERPINE1,gene-gene,0.312812808
RELA,SOCS3,gene-gene,0.2314853493999999
RELA,THBD,gene-gene,0.307148524
RELA,TNF,gene-gene,0.48642759
RELA,TRAF2,gene-gene,0.29313298
RELA,VCAM1,gene-gene,0.3094269619999999
RELA,VEGFC,gene-gene,0.237285017
RET,PLCG1,gene-gene,0.313863546
RET,PLCG2,gene-gene,0.248123658
RHEB,AKT1S1,gene-gene,0.265090972
RHEB,MLST8,gene-gene,0.2677431808
RHEB,MTOR,gene-gene,0.549374574
RHEB,RPTOR,gene-gene,0.403724033
RHOA,ACTB,gene-gene,0.2437742487999999
RHOA,DAAM1,gene-gene,0.2437199179999999
RHOA,MAPK10,gene-gene,0.318352542
RHOA,MAPK8,gene-gene,0.2593400948
RHOA,MAPK9,gene-gene,0.242460296
RHOA,PAK1,gene-gene,0.2182776599999999
RHOA,PKN1,gene-gene,0.2438531639999999
RHOA,PKN2,gene-gene,0.35238734
RHOA,ROCK1,gene-gene,0.25430679
RHOA,ROCK2,gene-gene,0.347561606
RIN1,ABL1,gene-gene,0.4695671600000001
RIN1,ABL2,gene-gene,0.48618939
ROCK1,NFKB1,gene-gene,0.52545197
ROCK2,NFKB1,gene-gene,0.517420144
RPS6KA4,ATF2,gene-gene,0.2500960688
RPS6KA4,ATF6B,gene-gene,0.200486609
RPS6KA4,CREB1,gene-gene,0.283306224
RPS6KA4,CREB3L2,gene-gene,0.3027615959999999
RPS6KA4,CREB3L3,gene-gene,0.205268108
RPS6KA4,CREB3L4,gene-gene,0.305436898
RPS6KA5,ATF2,gene-gene,0.2448973846
RPS6KA5,ATF4,gene-gene,0.2971606674
RPS6KA5,ATF6B,gene-gene,0.207072518
RPS6KA5,CREB3,gene-gene,0.226592698
RPS6KA5,CREB3L2,gene-gene,0.23029697
RPS6KA5,CREB3L3,gene-gene,0.315881158
RPS6KB1,IRS1,gene-gene,0.5334242184000001
RPS6KB2,EIF4B,gene-gene,0.205940802
RPS6KB2,IRS1,gene-gene,0.3577508572
RPS6KB2,RPS6,gene-gene,0.224259992
RPTOR,EIF4EBP1,gene-gene,0.380912072
RPTOR,MLST8,gene-gene,0.48394756
RPTOR,PPARG,gene-gene,0.288248516
RPTOR,RPS6KB1,gene-gene,0.3784714632
RPTOR,RPS6KB2,gene-gene,0.378052464
RPTOR,ULK1,gene-gene,0.34578736
RRAGA,MTOR,gene-gene,0.549865674
RRAGA,RRAGC,gene-gene,0.247302912
RRAGA,RRAGD,gene-gene,0.319699254
RRAGC,MTOR,gene-gene,0.4199070624
RRAGD,MTOR,gene-gene,0.454671378
RRAGD,RRAGC,gene-gene,0.294078932
RRAS,PIK3R1,gene-gene,0.229416508
RRAS,PIK3R3,gene-gene,0.294679633
RRAS,RIN1,gene-gene,0.2744831578
RRAS2,PIK3R1,gene-gene,0.26143346
RXFP3,EGFR,gene-gene,0.260277667
RXFP3,GNAI1,gene-gene,0.205327482
RXRA,ACAA1,gene-gene,0.4011893319999999
RXRA,ACADL,gene-gene,0.285538194
RXRA,ACADM,gene-gene,0.54601676
RXRA,ACOX1,gene-gene,0.523309798
RXRA,ACOX2,gene-gene,0.6380933040000001
RXRA,ACOX3,gene-gene,0.499403828
RXRA,ACSBG1,gene-gene,0.508454678
RXRA,ACSBG2,gene-gene,0.4515835339999999
RXRA,ACSL1,gene-gene,0.4925847
RXRA,ACSL3,gene-gene,0.508858186
RXRA,ACSL5,gene-gene,0.5966304179999999
RXRA,ACSL6,gene-gene,0.394362336
RXRA,ADIPOQ,gene-gene,0.4475153967999999
RXRA,ANGPTL4,gene-gene,0.406854898
RXRA,APOA1,gene-gene,0.626890978
RXRA,APOA2,gene-gene,0.344273556
RXRA,APOA5,gene-gene,0.50980314
RXRA,APOC3,gene-gene,0.56835664
RXRA,AQP7,gene-gene,0.577380562
RXRA,CD36,gene-gene,0.581102972
RXRA,CPT1A,gene-gene,0.503099316
RXRA,CPT1B,gene-gene,0.571502164
RXRA,CPT1C,gene-gene,0.392688134
RXRA,CPT2,gene-gene,0.496869888
RXRA,CYP27A1,gene-gene,0.725204394
RXRA,CYP7A1,gene-gene,0.279764192
RXRA,CYP8B1,gene-gene,0.6090537580000001
RXRA,DBI,gene-gene,0.750131446
RXRA,EHHADH,gene-gene,0.639532246
RXRA,FABP1,gene-gene,0.564016116
RXRA,FABP3,gene-gene,0.5568192959999999
RXRA,FABP4,gene-gene,0.3717905179999999
RXRA,FADS2,gene-gene,0.546762138
RXRA,GK2,gene-gene,0.4697637200000001
RXRA,HMGCS1,gene-gene,0.434782302
RXRA,HMGCS2,gene-gene,0.4058518299999999
RXRA,ILK,gene-gene,0.4765523319999999
RXRA,LPL,gene-gene,0.71309376
RXRA,ME1,gene-gene,0.414455462
RXRA,ME3,gene-gene,0.557001978
RXRA,MMP1,gene-gene,0.543829782
RXRA,NR1H3,gene-gene,0.556815222
RXRA,OLR1,gene-gene,0.525983952
RXRA,PCK1,gene-gene,0.54009587
RXRA,PCK2,gene-gene,0.445004432
RXRA,PDPK1,gene-gene,0.8814484
RXRA,PLIN1,gene-gene,0.7158918040000001
RXRA,PLIN2,gene-gene,0.468821974
RXRA,PLIN4,gene-gene,0.401572002
RXRA,PLIN5,gene-gene,0.35022068
RXRA,PLTP,gene-gene,0.490481802
RXRA,RXRB,gene-gene,0.79198569
RXRA,RXRG,gene-gene,0.77632097
RXRA,SCD,gene-gene,0.4307690899999999
RXRA,SCD5,gene-gene,0.409062862
RXRA,SCP2,gene-gene,0.627094552
RXRA,SLC27A1,gene-gene,0.4739841079999999
RXRA,SLC27A4,gene-gene,0.527903944
RXRA,SORBS1,gene-gene,0.438551966
RXRA,THRA,gene-gene,0.49025204
RXRA,THRB,gene-gene,0.9090349
RXRA,UBC,gene-gene,0.607363522
RXRA,UCP1,gene-gene,0.537937536
RXRB,ACAA1,gene-gene,0.40681309
RXRB,ACADL,gene-gene,0.467939256
RXRB,ACADM,gene-gene,0.383490674
RXRB,ACOX1,gene-gene,0.478139836
RXRB,ACOX2,gene-gene,0.586811142
RXRB,ACOX3,gene-gene,0.457761382
RXRB,ACSBG1,gene-gene,0.404712502
RXRB,ACSBG2,gene-gene,0.5993934000000001
RXRB,ACSL1,gene-gene,0.639791152
RXRB,ACSL3,gene-gene,0.398287614
RXRB,ACSL5,gene-gene,0.638209642
RXRB,ACSL6,gene-gene,0.5662109200000001
RXRB,ADIPOQ,gene-gene,0.54607732
RXRB,ANGPTL4,gene-gene,0.485605584
RXRB,APOA1,gene-gene,0.664801364
RXRB,APOA2,gene-gene,0.7071945399999999
RXRB,APOA5,gene-gene,0.528256924
RXRB,APOC3,gene-gene,0.618307316
RXRB,AQP7,gene-gene,0.408907176
RXRB,CD36,gene-gene,0.521520576
RXRB,CPT1A,gene-gene,0.349026908
RXRB,CPT1B,gene-gene,0.40743573
RXRB,CPT1C,gene-gene,0.404719244
RXRB,CPT2,gene-gene,0.2909951679999999
RXRB,CYP27A1,gene-gene,0.37459747
RXRB,CYP7A1,gene-gene,0.358905348
RXRB,CYP8B1,gene-gene,0.516874442
RXRB,DBI,gene-gene,0.404530332
RXRB,EHHADH,gene-gene,0.377041928
RXRB,FABP1,gene-gene,0.37561091
RXRB,FABP3,gene-gene,0.675214892
RXRB,FABP4,gene-gene,0.6046246
RXRB,FADS2,gene-gene,0.532906474
RXRB,GK2,gene-gene,0.436616218
RXRB,HMGCS1,gene-gene,0.48361346
RXRB,HMGCS2,gene-gene,0.452073576
RXRB,ILK,gene-gene,0.47520786
RXRB,LPL,gene-gene,0.574611816
RXRB,ME1,gene-gene,0.429717904
RXRB,ME3,gene-gene,0.465951098
RXRB,MMP1,gene-gene,0.568271678
RXRB,NR1H3,gene-gene,0.321501968
RXRB,OLR1,gene-gene,0.4844502540000001
RXRB,PCK1,gene-gene,0.44216654
RXRB,PCK2,gene-gene,0.51365846
RXRB,PDPK1,gene-gene,0.7640353839999999
RXRB,PLIN1,gene-gene,0.509155696
RXRB,PLIN2,gene-gene,0.410539592
RXRB,PLIN4,gene-gene,0.5575965700000001
RXRB,PLIN5,gene-gene,0.3877466399999999
RXRB,PLTP,gene-gene,0.307425676
RXRB,RXRG,gene-gene,0.78759048
RXRB,SCD,gene-gene,0.476720536
RXRB,SCD5,gene-gene,0.5751050259999999
RXRB,SCP2,gene-gene,0.530275544
RXRB,SLC27A1,gene-gene,0.561008706
RXRB,SLC27A4,gene-gene,0.540458114
RXRB,SORBS1,gene-gene,0.412338606
RXRB,THRA,gene-gene,0.521098984
RXRB,THRB,gene-gene,0.4558035612
RXRB,UBC,gene-gene,0.59024447
RXRB,UCP1,gene-gene,0.56766484
RXRG,ACAA1,gene-gene,0.37442336
RXRG,ACADL,gene-gene,0.57184085
RXRG,ACADM,gene-gene,0.341598466
RXRG,ACOX1,gene-gene,0.537497232
RXRG,ACOX2,gene-gene,0.484243128
RXRG,ACOX3,gene-gene,0.4385763459999999
RXRG,ACSBG1,gene-gene,0.469055546
RXRG,ACSBG2,gene-gene,0.614214306
RXRG,ACSL1,gene-gene,0.612361604
RXRG,ACSL3,gene-gene,0.505243426
RXRG,ACSL5,gene-gene,0.584520418
RXRG,ACSL6,gene-gene,0.562902864
RXRG,ADIPOQ,gene-gene,0.459816428
RXRG,ANGPTL4,gene-gene,0.449547802
RXRG,APOA1,gene-gene,0.467165522
RXRG,APOA2,gene-gene,0.608234898
RXRG,APOA5,gene-gene,0.609186592
RXRG,APOC3,gene-gene,0.512255052
RXRG,AQP7,gene-gene,0.5124107600000001
RXRG,CD36,gene-gene,0.483578504
RXRG,CPT1A,gene-gene,0.615026942
RXRG,CPT1B,gene-gene,0.625225324
RXRG,CPT1C,gene-gene,0.430373664
RXRG,CPT2,gene-gene,0.555227684
RXRG,CYP27A1,gene-gene,0.529247112
RXRG,CYP7A1,gene-gene,0.450405278
RXRG,CYP8B1,gene-gene,0.450966096
RXRG,DBI,gene-gene,0.560894864
RXRG,EHHADH,gene-gene,0.62576463
RXRG,FABP1,gene-gene,0.4554739
RXRG,FABP3,gene-gene,0.502172108
RXRG,FABP4,gene-gene,0.5297371479999999
RXRG,FADS2,gene-gene,0.558452822
RXRG,GK2,gene-gene,0.6633488919999999
RXRG,HMGCS1,gene-gene,0.40351979
RXRG,HMGCS2,gene-gene,0.478257912
RXRG,ILK,gene-gene,0.594805536
RXRG,LPL,gene-gene,0.523789954
RXRG,ME1,gene-gene,0.52678644
RXRG,ME3,gene-gene,0.4186625879999999
RXRG,MMP1,gene-gene,0.589629486
RXRG,NR1H3,gene-gene,0.54514113
RXRG,OLR1,gene-gene,0.3505926339999999
RXRG,PCK1,gene-gene,0.319311124
RXRG,PCK2,gene-gene,0.5848204885999999
RXRG,PDPK1,gene-gene,0.734008396
RXRG,PLIN1,gene-gene,0.4296865119999999
RXRG,PLIN2,gene-gene,0.484104082
RXRG,PLIN4,gene-gene,0.567331266
RXRG,PLIN5,gene-gene,0.457215082
RXRG,PLTP,gene-gene,0.50019051
RXRG,SCD,gene-gene,0.60339368
RXRG,SCD5,gene-gene,0.435973292
RXRG,SCP2,gene-gene,0.5218242799999999
RXRG,SLC27A1,gene-gene,0.578267026
RXRG,SLC27A4,gene-gene,0.54559888
RXRG,SORBS1,gene-gene,0.532221114
RXRG,THRA,gene-gene,0.58668375
RXRG,THRB,gene-gene,0.7452859760000001
RXRG,UBC,gene-gene,0.550071214
RXRG,UCP1,gene-gene,0.616501862
S1PR1,GNAI2,gene-gene,0.2107255528
SGK1,FOXO1,gene-gene,0.2410872952
SGK1,FOXO3,gene-gene,0.2803162119999999
SGK2,FOXO3,gene-gene,0.2849248268
SGK3,FOXO1,gene-gene,0.25454801
SGK3,FOXO3,gene-gene,0.246988216
SH2B3,GRB2,gene-gene,0.2097131887999999
SHC1,GAB1,gene-gene,0.4578487788
SHC1,GRB2,gene-gene,0.455676408
SHC1,SOS1,gene-gene,0.2439950346
SHC1,SRC,gene-gene,0.437191128
SHC2,GAB1,gene-gene,0.387760628
SHC2,GRB2,gene-gene,0.3138754287999999
SHC2,SOS2,gene-gene,0.227551353
SHC2,SRC,gene-gene,0.526195438
SHC3,GAB1,gene-gene,0.251336882
SHC3,GRB2,gene-gene,0.2362559679999999
SHC3,SOS2,gene-gene,0.277514141
SHC3,SRC,gene-gene,0.391193996
SHC4,GAB1,gene-gene,0.46648182
SHC4,GRB2,gene-gene,0.284216062
SHC4,SOS1,gene-gene,0.364460327
SHC4,SRC,gene-gene,0.488311088
SIN3A,HDAC1,gene-gene,0.5358318019999999
SIN3A,HDAC2,gene-gene,0.692876906
SIN3A,HDAC3,gene-gene,0.6688103780000001
SIN3A,NCOR1,gene-gene,0.3406304559999999
SIN3A,RXRA,gene-gene,0.50715462
SIN3A,RXRB,gene-gene,0.6964574880000001
SIN3A,RXRG,gene-gene,0.602871036
SIN3A,THRA,gene-gene,0.437126312
SIN3A,THRB,gene-gene,0.305760672
SIVA1,BCL2,gene-gene,0.59652847
SIVA1,BCL2L1,gene-gene,0.3139485992
SMAD2,COL1A1,gene-gene,0.20520359
SMAD2,SERPINE1,gene-gene,0.229883126
SMAD2,SMAD7,gene-gene,0.268372948
SMAD3,SERPINE1,gene-gene,0.2034649167999999
SMAD6,SMAD3,gene-gene,0.2116648034
SMAD7,SMAD2,gene-gene,0.25292921
SMAD7,SMAD3,gene-gene,0.2026008848
SMAD7,SMAD5,gene-gene,0.2235459065999999
SOCS1,JAK2,gene-gene,0.271793724
SOCS1,STAT5A,gene-gene,0.333153806
SOCS1,STAT5B,gene-gene,0.461940412
SOCS2,INSR,gene-gene,0.2465251299999999
SOCS2,JAK1,gene-gene,0.225636124
SOCS2,STAT3,gene-gene,0.2594478126
SOCS2,STAT5A,gene-gene,0.2991482829999999
SOCS2,STAT5B,gene-gene,0.55085664
SOCS3,INSR,gene-gene,0.275860026
SOCS3,IRS1,gene-gene,0.277940754
SOCS3,IRS2,gene-gene,0.273492168
SOCS3,STAT1,gene-gene,0.2638351639999999
SOCS3,STAT3,gene-gene,0.291095162
SOCS3,STAT5A,gene-gene,0.4073043588
SOCS3,STAT5B,gene-gene,0.293433888
SOCS3,TYK2,gene-gene,0.2268294671999999
SOCS4,INSR,gene-gene,0.226149676
SOCS4,STAT1,gene-gene,0.279841536
SOCS4,STAT5A,gene-gene,0.265271934
SOCS4,STAT5B,gene-gene,0.683743926
SOCS5,STAT1,gene-gene,0.3525589388
SOCS5,STAT3,gene-gene,0.33175475
SOCS5,STAT5A,gene-gene,0.2807735012
SOCS5,STAT5B,gene-gene,0.604387198
SOCS6,STAT1,gene-gene,0.245232348
SOCS6,STAT3,gene-gene,0.2558466494
SOCS6,STAT5A,gene-gene,0.325281008
SOCS6,STAT5B,gene-gene,0.331010898
SOCS7,STAT1,gene-gene,0.2541059474
SOCS7,STAT3,gene-gene,0.267659446
SOCS7,STAT5A,gene-gene,0.2275636148
SOCS7,STAT5B,gene-gene,0.476629338
SOCS7,TYK2,gene-gene,0.2156246969999999
SP1,CDKN2B,gene-gene,0.2417983932
SPOP,GLI1,gene-gene,0.2745610598
SPOPL,GLI3,gene-gene,0.2467042358
SRC,CDC42,gene-gene,0.402057958
SRC,DOCK2,gene-gene,0.5250171800000001
SRC,EGFR,gene-gene,0.5853716600000001
SRC,ELMO1,gene-gene,0.419295632
SRC,FARP2,gene-gene,0.6658857859999999
SRC,HRAS,gene-gene,0.5955390859999999
SRC,ITK,gene-gene,0.594688004
SRC,KRAS,gene-gene,0.391696446
SRC,MMP2,gene-gene,0.398682594
SRC,MMP9,gene-gene,0.567542344
SRC,NRAS,gene-gene,0.59626655
SRC,PIK3CA,gene-gene,0.324479298
SRC,PIK3CB,gene-gene,0.617144534
SRC,PIK3CD,gene-gene,0.593816642
SRC,PIK3CG,gene-gene,0.434320168
SRC,PIK3R1,gene-gene,0.5384414040000001
SRC,PIK3R2,gene-gene,0.617492358
SRC,PIK3R3,gene-gene,0.5198304260000001
SRC,PIK3R5,gene-gene,0.544803896
SRC,PIK3R6,gene-gene,0.541917696
SRC,PTK2,gene-gene,0.57388797
SRC,PTK2B,gene-gene,0.345133818
SRC,RAF1,gene-gene,0.448254108
SRC,SHC1,gene-gene,0.744362562
SRC,SHC2,gene-gene,0.7181008720000001
SRC,SHC3,gene-gene,0.416556864
SRC,SHC4,gene-gene,0.396592768
STAT1,AOX1,gene-gene,0.386894948
STAT1,BCL2,gene-gene,0.597958526
STAT1,BCL2L1,gene-gene,0.475344516
STAT1,CDKN1A,gene-gene,0.37100366
STAT1,CISH,gene-gene,0.298378706
STAT1,COL1A2,gene-gene,0.2459268
STAT1,CSN2,gene-gene,0.278040192
STAT1,CXCL10,gene-gene,0.323479798
STAT1,ELF5,gene-gene,0.2679460008
STAT1,ESR1,gene-gene,0.431954918
STAT1,ESR2,gene-gene,0.356315654
STAT1,GCK,gene-gene,0.24443246
STAT1,GFAP,gene-gene,0.2433397486
STAT1,IL17D,gene-gene,0.299372652
STAT1,IRF1,gene-gene,0.2157482302
STAT1,IRF9,gene-gene,0.237410974
STAT1,LHCGR,gene-gene,0.31085249
STAT1,MCL1,gene-gene,0.220765618
STAT1,MYC,gene-gene,0.205376126
STAT1,PRLR,gene-gene,0.272141411
STAT1,SLC2A2,gene-gene,0.514582568
STAT1,SOCS1,gene-gene,0.291786614
STAT1,SOCS2,gene-gene,0.204329925
STAT1,SOCS3,gene-gene,0.2927293594
STAT1,SOCS4,gene-gene,0.2877964528
STAT1,SOCS5,gene-gene,0.3487881439999999
STAT1,SOCS6,gene-gene,0.348761592
STAT1,SOCS7,gene-gene,0.227101766
STAT1,STAT2,gene-gene,0.287486886
STAT1,STAT3,gene-gene,0.472357806
STAT1,STAT4,gene-gene,0.39994067
STAT1,STAT5A,gene-gene,0.409889952
STAT1,STAT5B,gene-gene,0.5116694159999999
STAT1,STAT6,gene-gene,0.324484403
STAT1,TNFSF11,gene-gene,0.31753925
STAT2,AOX1,gene-gene,0.317274772
STAT2,BCL2,gene-gene,0.607141666
STAT2,BCL2L1,gene-gene,0.21742904
STAT2,CCND2,gene-gene,0.248099681
STAT2,CISH,gene-gene,0.2532516676
STAT2,GFAP,gene-gene,0.2215603799999999
STAT2,IL17D,gene-gene,0.305150068
STAT2,IRF9,gene-gene,0.2200358368
STAT2,PIM1,gene-gene,0.230809208
STAT2,SOCS2,gene-gene,0.318037626
STAT2,SOCS4,gene-gene,0.201759155
STAT2,SOCS5,gene-gene,0.2509274048
STAT2,SOCS6,gene-gene,0.308230274
STAT2,SOCS7,gene-gene,0.3410638609999999
STAT2,STAT3,gene-gene,0.303660078
STAT2,STAT4,gene-gene,0.3261655559999999
STAT2,STAT5A,gene-gene,0.339886854
STAT2,STAT5B,gene-gene,0.61543051
STAT2,STAT6,gene-gene,0.435674138
STAT3,AOX1,gene-gene,0.224346051
STAT3,BCL2,gene-gene,0.502308434
STAT3,BCL2L1,gene-gene,0.2441421126
STAT3,CCND1,gene-gene,0.341683622
STAT3,CCND2,gene-gene,0.284311808
STAT3,CCND3,gene-gene,0.298675284
STAT3,CDKN1A,gene-gene,0.2103455522
STAT3,CISH,gene-gene,0.3564605
STAT3,COL1A1,gene-gene,0.219189662
STAT3,COL1A2,gene-gene,0.200300828
STAT3,CPT1A,gene-gene,0.340697322
STAT3,CPT1B,gene-gene,0.283338641
STAT3,CSN2,gene-gene,0.322722476
STAT3,ELF5,gene-gene,0.2313567
STAT3,ESR1,gene-gene,0.5531917099999999
STAT3,ESR2,gene-gene,0.297970252
STAT3,FOXO1,gene-gene,0.279519012
STAT3,FOXO3,gene-gene,0.276241088
STAT3,HIF1A,gene-gene,0.384594302
STAT3,INS,gene-gene,0.277827824
STAT3,IRF1,gene-gene,0.249435439
STAT3,IRF9,gene-gene,0.338729852
STAT3,KLF4,gene-gene,0.2350302316
STAT3,LHCGR,gene-gene,0.2345552779999999
STAT3,MCL1,gene-gene,0.2839717904
STAT3,NFATC1,gene-gene,0.38670022
STAT3,PIM1,gene-gene,0.217112336
STAT3,PRKAA1,gene-gene,0.3793021259999999
STAT3,PRKAA2,gene-gene,0.415523106
STAT3,PRKAB1,gene-gene,0.3272539319999999
STAT3,PRKAB2,gene-gene,0.334184292
STAT3,PRKAG1,gene-gene,0.2450728188
STAT3,PRKAG2,gene-gene,0.402739856
STAT3,PRKAG3,gene-gene,0.3658205972
STAT3,PRLR,gene-gene,0.28646579
STAT3,SLC2A2,gene-gene,0.681033828
STAT3,SOCS1,gene-gene,0.2082173728
STAT3,SOCS2,gene-gene,0.270472974
STAT3,SOCS3,gene-gene,0.283463286
STAT3,SOCS4,gene-gene,0.346183164
STAT3,SOCS5,gene-gene,0.254194928
STAT3,STAT4,gene-gene,0.355877504
STAT3,STAT5A,gene-gene,0.427262254
STAT3,STAT5B,gene-gene,0.479156774
STAT3,STAT6,gene-gene,0.402054996
STAT3,TNFSF11,gene-gene,0.57842996
STAT4,BCL2,gene-gene,0.357258508
STAT4,BCL2L1,gene-gene,0.325376462
STAT4,CCND2,gene-gene,0.209527544
STAT4,CCND3,gene-gene,0.224198041
STAT4,CDKN1A,gene-gene,0.32484371
STAT4,CISH,gene-gene,0.305161322
STAT4,IRF9,gene-gene,0.2120665639999999
STAT4,MYC,gene-gene,0.272168004
STAT4,PIM1,gene-gene,0.325236332
STAT4,SOCS1,gene-gene,0.2670274472
STAT4,SOCS2,gene-gene,0.30843322
STAT4,SOCS3,gene-gene,0.271007778
STAT4,SOCS5,gene-gene,0.342226194
STAT4,SOCS6,gene-gene,0.316032162
STAT4,SOCS7,gene-gene,0.255765268
STAT4,STAT5A,gene-gene,0.38201728
STAT4,STAT5B,gene-gene,0.358518792
STAT4,STAT6,gene-gene,0.358129306
STAT5A,AOX1,gene-gene,0.308949152
STAT5A,BCL2,gene-gene,0.53587145
STAT5A,BCL2L1,gene-gene,0.336824328
STAT5A,CCND1,gene-gene,0.2337904214
STAT5A,CCND2,gene-gene,0.2521254684
STAT5A,CCND3,gene-gene,0.2438540688
STAT5A,CDKN1A,gene-gene,0.2759457372
STAT5A,CISH,gene-gene,0.265834806
STAT5A,CSN2,gene-gene,0.2066605316
STAT5A,ELF5,gene-gene,0.395297518
STAT5A,ESR1,gene-gene,0.528885112
STAT5A,ESR2,gene-gene,0.448086216
STAT5A,GCK,gene-gene,0.219786396
STAT5A,GFAP,gene-gene,0.275491054
STAT5A,INS,gene-gene,0.2993931931999999
STAT5A,IRF1,gene-gene,0.2632670548
STAT5A,IRF9,gene-gene,0.2176440168
STAT5A,LHCGR,gene-gene,0.25174451
STAT5A,MCL1,gene-gene,0.3064498679999999
STAT5A,PIM1,gene-gene,0.206739064
STAT5A,PRLR,gene-gene,0.2444684667999999
STAT5A,SLC2A2,gene-gene,0.483121378
STAT5A,SOCS1,gene-gene,0.2460133899999999
STAT5A,SOCS2,gene-gene,0.236653044
STAT5A,SOCS3,gene-gene,0.2512096608
STAT5A,SOCS4,gene-gene,0.3402650132
STAT5A,SOCS5,gene-gene,0.24312846
STAT5A,SOCS6,gene-gene,0.315788156
STAT5A,SOCS7,gene-gene,0.370048828
STAT5A,STAT5B,gene-gene,0.455079936
STAT5A,STAT6,gene-gene,0.270067222
STAT5A,TH,gene-gene,0.276727536
STAT5A,TNFSF11,gene-gene,0.380165196
STAT5B,AOX1,gene-gene,0.431962252
STAT5B,BCL2,gene-gene,0.669915864
STAT5B,BCL2L1,gene-gene,0.4558916899999999
STAT5B,CCND1,gene-gene,0.5848622800000001
STAT5B,CCND2,gene-gene,0.287169688
STAT5B,CCND3,gene-gene,0.619585044
STAT5B,CDKN1A,gene-gene,0.51530566
STAT5B,CISH,gene-gene,0.5088409779999999
STAT5B,CSN2,gene-gene,0.485469804
STAT5B,ELF5,gene-gene,0.519956326
STAT5B,ESR1,gene-gene,0.941165606
STAT5B,ESR2,gene-gene,0.5358385099999999
STAT5B,GCK,gene-gene,0.591788516
STAT5B,GFAP,gene-gene,0.3669031379999999
STAT5B,INS,gene-gene,0.556055326
STAT5B,IRF1,gene-gene,0.494073896
STAT5B,IRF9,gene-gene,0.51391948
STAT5B,LHCGR,gene-gene,0.420522492
STAT5B,MCL1,gene-gene,0.5861386399999999
STAT5B,MYC,gene-gene,0.62262253
STAT5B,PIM1,gene-gene,0.505004398
STAT5B,PRLR,gene-gene,0.5538583260000001
STAT5B,SLC2A2,gene-gene,0.709453022
STAT5B,SOCS1,gene-gene,0.628275256
STAT5B,SOCS2,gene-gene,0.502379166
STAT5B,SOCS3,gene-gene,0.562301112
STAT5B,SOCS4,gene-gene,0.565527338
STAT5B,SOCS5,gene-gene,0.572786138
STAT5B,SOCS6,gene-gene,0.354190872
STAT5B,SOCS7,gene-gene,0.4641007199999999
STAT5B,STAT6,gene-gene,0.66428796
STAT5B,TH,gene-gene,0.39902029
STAT5B,TNFSF11,gene-gene,0.485037814
STAT6,BCL2,gene-gene,0.4300007099999999
STAT6,BCL2L1,gene-gene,0.238218956
STAT6,CCND1,gene-gene,0.2443960144
STAT6,CCND2,gene-gene,0.2080857108
STAT6,CCND3,gene-gene,0.2105740666
STAT6,CDKN1A,gene-gene,0.395134504
STAT6,CISH,gene-gene,0.2383111239999999
STAT6,GFAP,gene-gene,0.2690316604
STAT6,IRF9,gene-gene,0.23968259
STAT6,MCL1,gene-gene,0.304641409
STAT6,MYC,gene-gene,0.30063571
STAT6,SOCS2,gene-gene,0.303245376
STAT6,SOCS3,gene-gene,0.265521584
STAT6,SOCS5,gene-gene,0.331447254
STK11,PRKAB2,gene-gene,0.2304277184
STK11,PRKAG2,gene-gene,0.2378764352599999
STK11,PRKAG3,gene-gene,0.232625949
STRADA,PRKAA2,gene-gene,0.2335786339999999
STRADA,PRKAB1,gene-gene,0.218333917
STRADB,PRKAB2,gene-gene,0.220467624
STRADB,PRKAG1,gene-gene,0.2440061899999999
SYK,GAB2,gene-gene,0.2834141599999999
SYK,PIK3CB,gene-gene,0.25114317
SYK,PIK3R1,gene-gene,0.277658714
SYK,PIK3R2,gene-gene,0.2919337376
SYK,PLCG1,gene-gene,0.2503219156
TAB2,IKBKB,gene-gene,0.2418473569999999
TBK1,NFKB1,gene-gene,0.43174307
TCF7,JUN,gene-gene,0.287766622
TCF7L1,PPARD,gene-gene,0.2486751593999999
TCL1B,AKT1,gene-gene,0.273148312
TCL1B,AKT2,gene-gene,0.2770751939999999
TCL1B,AKT3,gene-gene,0.21805889
TEAD2,GLI2,gene-gene,0.20475509
TEC,PLCG1,gene-gene,0.2232797782
TEK,CRK,gene-gene,0.471011138
TEK,CRKL,gene-gene,0.225805979
TEK,GRB2,gene-gene,0.2756203259999999
TEK,IRS1,gene-gene,0.46215092
TEK,PLCB1,gene-gene,0.3331801399999999
TEK,PLCB2,gene-gene,0.3448510232
TEK,PLCB3,gene-gene,0.453268254
TEK,SHC1,gene-gene,0.342160283
TEK,SHC2,gene-gene,0.245258396
TEK,SHC3,gene-gene,0.258238188
TEK,SHC4,gene-gene,0.2555982394
TELO2,TTI1,gene-gene,0.2259951673999999
TGFA,CSF1R,gene-gene,0.2741976308
TGFA,EGFR,gene-gene,0.3959114099999999
TGFA,EPHA2,gene-gene,0.46220994
TGFA,ERBB2,gene-gene,0.2423579796
TGFA,ERBB3,gene-gene,0.457070832
TGFA,ERBB4,gene-gene,0.35638213
TGFA,FGFR1,gene-gene,0.329045843
TGFA,FGFR2,gene-gene,0.471344058
TGFA,FGFR3,gene-gene,0.282210005
TGFA,FGFR4,gene-gene,0.324086544
TGFA,FLT3,gene-gene,0.402924503
TGFA,FLT4,gene-gene,0.317074012
TGFA,IGF1R,gene-gene,0.341237354
TGFA,INSR,gene-gene,0.228524659
TGFA,KDR,gene-gene,0.389796173
TGFA,KIT,gene-gene,0.734557058
TGFA,MET,gene-gene,0.312324857
TGFA,NGFR,gene-gene,0.334437612
TGFA,NTRK1,gene-gene,0.520940918
TGFA,NTRK2,gene-gene,0.386252778
TGFA,PDGFRB,gene-gene,0.6681148419999999
TGFA,TEK,gene-gene,0.217169911
TGFBR2,PPP2CB,gene-gene,0.2107002805999999
TGFBR2,PPP2R1A,gene-gene,0.244482231
THPO,EGFR,gene-gene,0.43788574
THPO,PDGFRB,gene-gene,0.5222578452000001
THRA,ACTG1,gene-gene,0.207618144
THRA,ATP2A2,gene-gene,0.203543744
THRA,CTNNB1,gene-gene,0.2473510966
THRA,MYH6,gene-gene,0.2363222814
THRA,MYH7,gene-gene,0.2145633588
THRA,PLN,gene-gene,0.21666321598
THRA,THRB,gene-gene,0.496987322
THRA,WNT4,gene-gene,0.213981338
THRB,ATP2A3,gene-gene,0.2263566898
THRB,CCND1,gene-gene,0.2314667839999999
THRB,HIF1A,gene-gene,0.3202386299999999
THRB,MYH7,gene-gene,0.2150193482
THRB,PIK3CA,gene-gene,0.32972046
THRB,PIK3CB,gene-gene,0.338524606
THRB,PIK3CD,gene-gene,0.283687858
THRB,PIK3R2,gene-gene,0.315066072
THRB,PIK3R3,gene-gene,0.350181796
TLE1,RBPJ,gene-gene,0.256385892
TLE1,RBPJL,gene-gene,0.470619878
TLE1,TLE2,gene-gene,0.2621548134
TLE1,TLE3,gene-gene,0.227025903
TLE1,TLE4,gene-gene,0.28286453
TLE1,TLE6,gene-gene,0.244869967
TLE2,RBPJ,gene-gene,0.209818338
TLE2,RBPJL,gene-gene,0.31586429
TLE2,TLE3,gene-gene,0.2514877692
TLE2,TLE4,gene-gene,0.316809804
TLE2,TLE6,gene-gene,0.329608612
TLE3,RBPJL,gene-gene,0.35217941
TLE3,TCF7L1,gene-gene,0.216009778946
TLE3,TLE4,gene-gene,0.423563372
TLE3,TLE6,gene-gene,0.26049489
TLE4,LEF1,gene-gene,0.2087438138
TLE4,RBPJ,gene-gene,0.308977196
TLE4,RBPJL,gene-gene,0.356311422
TLE4,TCF7,gene-gene,0.264776995
TLE4,TLE6,gene-gene,0.251921956
TLE6,RBPJ,gene-gene,0.300563244
TLE6,TCF7L2,gene-gene,0.246596294
TLR4,NFKB1,gene-gene,0.518198054
TLR4,RELA,gene-gene,0.4276059519999999
TNC,ITGB3,gene-gene,0.2013679946
TNF,SMAD6,gene-gene,0.573353178
TNF,SMAD7,gene-gene,0.544367056
TNF,TNFRSF1A,gene-gene,0.534291568
TNF,TNFRSF1B,gene-gene,0.609956082
TNFRSF11A,NFKB1,gene-gene,0.577336004
TNFRSF11A,RELA,gene-gene,0.335659286
TNFRSF11A,TRAF2,gene-gene,0.3168536
TNFRSF11A,TRAF6,gene-gene,0.264523488
TNFRSF1B,IRF1,gene-gene,0.221805734
TNFRSF1B,TRAF2,gene-gene,0.3022074168
TNFSF11,TNFRSF11A,gene-gene,0.3118035531999999
TP53,ADGRB1,gene-gene,0.241514658
TP53,AIFM2,gene-gene,0.2240328049999999
TP53,BAX,gene-gene,0.362654844
TP53,CCNG2,gene-gene,0.2121792
TP53,CDKN1A,gene-gene,0.378674108
TP53,GADD45B,gene-gene,0.243785216
TP53,GADD45G,gene-gene,0.2426505483999999
TP53,GTSE1,gene-gene,0.2291966559999999
TP53,MDM2,gene-gene,0.309723512
TP53,PERP,gene-gene,0.23120796
TP53,PTEN,gene-gene,0.250293978
TP53,RRM2,gene-gene,0.678101212
TP53,RRM2B,gene-gene,0.662441344
TP53,SERPINE1,gene-gene,0.20229333
TP53,SHISA5,gene-gene,0.2163564255999999
TP53,SIAH1,gene-gene,0.339635394
TP53,SIVA1,gene-gene,0.383072454
TP53,STEAP3,gene-gene,0.320305486
TP53,TP53I3,gene-gene,0.251494062
TRADD,CASP3,gene-gene,0.2011117683999999
TRADD,TRAF2,gene-gene,0.2379283779999999
TRAF2,BIRC2,gene-gene,0.2956520059999999
TRAF2,CHUK,gene-gene,0.38328342
TRAF2,IKBKB,gene-gene,0.300668398
TRAF2,MAP3K1,gene-gene,0.2034705071999999
TRAF2,MAP3K5,gene-gene,0.2859460764
TRAF2,MAP3K7,gene-gene,0.347564214
TRAF2,MAPK10,gene-gene,0.3789077608
TRAF2,MAPK8,gene-gene,0.27398008
TRAF2,MAPK9,gene-gene,0.257951912
TRAF2,MTOR,gene-gene,0.587384604
TRAF2,PIK3CA,gene-gene,0.204317028
TRAF2,PIK3CB,gene-gene,0.461927374
TRAF2,PIK3CD,gene-gene,0.42349426
TRAF2,PIK3R1,gene-gene,0.280277502
TRAF2,PIK3R2,gene-gene,0.298374352
TRAF2,PIK3R3,gene-gene,0.281006812
TRAF2,RIPK1,gene-gene,0.20491003722
TRAF2,SPHK2,gene-gene,0.33122832
TRAF2,SRSF1,gene-gene,0.2550716474
TRAF2,TRADD,gene-gene,0.2599307608
TRAF2,TRAF6,gene-gene,0.269422032
TRAF3IP2,FOS,gene-gene,0.3350655939999999
TRAF3IP2,FOSL1,gene-gene,0.241515006
TRAF3IP2,NFKB1,gene-gene,0.458432012
TRAF3IP2,TRAF2,gene-gene,0.247965246
TRAF3IP2,TRAF6,gene-gene,0.2273892516
TRAF6,CEBPB,gene-gene,0.222035378
TRAF6,FOSB,gene-gene,0.2489231691999999
TRAF6,FOSL1,gene-gene,0.204320898
TRAF6,JUN,gene-gene,0.281412268
TRAF6,JUND,gene-gene,0.277161272
TRAF6,MAPK1,gene-gene,0.239094646
TRAF6,MAPK10,gene-gene,0.287250174
TRAF6,MAPK11,gene-gene,0.2249279759999999
TRAF6,MAPK13,gene-gene,0.248708752
TRAF6,MAPK14,gene-gene,0.4293940659999999
TRAF6,MAPK3,gene-gene,0.3343598592
TRAF6,MAPK7,gene-gene,0.330097194
TRAF6,NFKB1,gene-gene,0.392149056
TRAF6,RELA,gene-gene,0.3728255066
TSLP,EGFR,gene-gene,0.276401806
TSLP,PDGFRB,gene-gene,0.401773118
TYK2,PIK3CA,gene-gene,0.363501994
TYK2,PIK3CB,gene-gene,0.3196612159999999
TYK2,PIK3CD,gene-gene,0.3090936199999999
TYK2,PIK3R2,gene-gene,0.200163366
TYK2,PIK3R3,gene-gene,0.377092204
TYK2,PTPN11,gene-gene,0.223759996
TYK2,STAT1,gene-gene,0.31723436
TYK2,STAT2,gene-gene,0.282136264
TYK2,STAT3,gene-gene,0.36236191
TYK2,STAT4,gene-gene,0.2165317
TYK2,STAT5A,gene-gene,0.366274716
TYK2,STAT5B,gene-gene,0.38011373
TYK2,STAT6,gene-gene,0.300246851
USP25,TRAF2,gene-gene,0.2560313836
VEGFA,CSF1R,gene-gene,0.27540188
VEGFA,EGFR,gene-gene,0.46912026
VEGFA,EPHA2,gene-gene,0.488210152
VEGFA,ERBB2,gene-gene,0.2206438815999999
VEGFA,ERBB3,gene-gene,0.2684369279999999
VEGFA,ERBB4,gene-gene,0.205790204
VEGFA,FGFR1,gene-gene,0.2373246378
VEGFA,FGFR2,gene-gene,0.432704238
VEGFA,FLT1,gene-gene,0.2531915886
VEGFA,FLT3,gene-gene,0.2833345712
VEGFA,FLT4,gene-gene,0.2930200472
VEGFA,IGF1R,gene-gene,0.418776714
VEGFA,INSR,gene-gene,0.241460218
VEGFA,KDR,gene-gene,0.246673393
VEGFA,KIT,gene-gene,0.552163066
VEGFA,MET,gene-gene,0.31770643
VEGFA,MST1R,gene-gene,0.23931307
VEGFA,NGFR,gene-gene,0.223548662
VEGFA,NTRK1,gene-gene,0.398094712
VEGFA,NTRK3,gene-gene,0.332238874
VEGFA,PDGFRB,gene-gene,0.434717592
VEGFA,RET,gene-gene,0.28092103
VEGFA,TEK,gene-gene,0.228610568
VEGFB,CSF1R,gene-gene,0.270808956
VEGFB,EGFR,gene-gene,0.220341896
VEGFB,EPHA2,gene-gene,0.526282422
VEGFB,ERBB2,gene-gene,0.323811264
VEGFB,ERBB3,gene-gene,0.2127749179999999
VEGFB,FGFR2,gene-gene,0.396610592
VEGFB,FGFR3,gene-gene,0.2209085912
VEGFB,FLT1,gene-gene,0.248364514
VEGFB,FLT3,gene-gene,0.236233199
VEGFB,FLT4,gene-gene,0.2521076012
VEGFB,IGF1R,gene-gene,0.2504393226
VEGFB,INSR,gene-gene,0.2917038939999999
VEGFB,KIT,gene-gene,0.275975956
VEGFB,MET,gene-gene,0.2140697926
VEGFB,MST1R,gene-gene,0.228721466
VEGFB,NGFR,gene-gene,0.299083524
VEGFB,NTRK2,gene-gene,0.251701816
VEGFB,PDGFRB,gene-gene,0.4974276019999999
VEGFB,RET,gene-gene,0.339743706
VEGFC,CSF1R,gene-gene,0.2388190508
VEGFC,EGFR,gene-gene,0.422350502
VEGFC,EPHA2,gene-gene,0.477281888
VEGFC,ERBB2,gene-gene,0.250803763
VEGFC,ERBB3,gene-gene,0.257907958
VEGFC,ERBB4,gene-gene,0.322129172
VEGFC,FGFR2,gene-gene,0.46007059
VEGFC,FLT1,gene-gene,0.3492488407999999
VEGFC,FLT3,gene-gene,0.355641302
VEGFC,FLT4,gene-gene,0.347758544
VEGFC,IGF1R,gene-gene,0.250235018
VEGFC,INSR,gene-gene,0.284682542
VEGFC,KDR,gene-gene,0.2624352775999999
VEGFC,KIT,gene-gene,0.6896393
VEGFC,MET,gene-gene,0.3288653499999999
VEGFC,MST1R,gene-gene,0.402026891
VEGFC,NGFR,gene-gene,0.2736024488
VEGFC,NTRK1,gene-gene,0.2462945667999999
VEGFC,NTRK2,gene-gene,0.2760258379999999
VEGFC,NTRK3,gene-gene,0.405399418
VEGFC,PDGFRA,gene-gene,0.227532322
VEGFC,PDGFRB,gene-gene,0.49715377
VEGFC,RET,gene-gene,0.4030981839999999
VEGFC,TEK,gene-gene,0.2562946312
YAP1,AREG,gene-gene,0.225516995
YWHAB,BAD,gene-gene,0.20360032
YWHAQ,BAD,gene-gene,0.2328759839
ZAP70,DLG1,gene-gene,0.2501826399999999
ZAP70,LAT,gene-gene,0.237706075
ZAP70,MAPK11,gene-gene,0.2765990699999999
ZAP70,MAPK12,gene-gene,0.2521600271999999
ZAP70,MAPK13,gene-gene,0.328500198
ZAP70,MAPK14,gene-gene,0.458283442
Celecoxib,PDPK1,drug-gene,1.0
Celecoxib,PTGS2,drug-gene,1.0
Cladribine,RRM2,drug-gene,1.0
Cladribine,RRM2B,drug-gene,1.0
Dasatinib,ABL1,drug-gene,1.0
Dasatinib,ABL2,drug-gene,1.0
Dasatinib,EPHA2,drug-gene,1.0
Dasatinib,FGR,drug-gene,1.0
Dasatinib,FYN,drug-gene,1.0
Dasatinib,HSPA8,drug-gene,1.0
Dasatinib,KIT,drug-gene,1.0
Dasatinib,LCK,drug-gene,1.0
Dasatinib,LYN,drug-gene,1.0
Dasatinib,MAP3K20,drug-gene,1.0
Dasatinib,MAPK14,drug-gene,1.0
Dasatinib,PDGFRB,drug-gene,1.0
Dasatinib,SRC,drug-gene,1.0
Dasatinib,STAT5B,drug-gene,1.0
Docetaxel,BCL2,drug-gene,1.0
Docetaxel,MAPT,drug-gene,1.0
Everolimus,MTOR,drug-gene,1.0
Fulvestrant,ESR1,drug-gene,1.0
Gefitinib,EGFR,drug-gene,1.0
Lenalidomide,PTGS2,drug-gene,1.0
Lenalidomide,TNFSF11,drug-gene,1.0
Megestrol acetate,PGR,drug-gene,1.0
Mitotane,ESR1,drug-gene,1.0
Mitotane,PGR,drug-gene,1.0
Nilotinib,ABL1,drug-gene,1.0
Nilotinib,KIT,drug-gene,1.0
Paclitaxel,BCL2,drug-gene,1.0
Paclitaxel,MAPT,drug-gene,1.0
Romidepsin,HDAC1,drug-gene,1.0
Romidepsin,HDAC2,drug-gene,1.0
Romidepsin,HDAC4,drug-gene,1.0
Sirolimus,FGF2,drug-gene,1.0
Sirolimus,MTOR,drug-gene,1.0
Streptozocin,SLC2A2,drug-gene,1.0
Thalidomide,FGFR2,drug-gene,1.0
Thalidomide,NFKB1,drug-gene,1.0
Thalidomide,PTGS2,drug-gene,1.0
Thalidomide,TNF,drug-gene,1.0
Tretinoin,RARA,drug-gene,1.0
Tretinoin,RXRA,drug-gene,1.0
Tretinoin,RXRB,drug-gene,1.0
Tretinoin,RXRG,drug-gene,1.0
Vorinostat,HDAC1,drug-gene,1.0
Vorinostat,HDAC2,drug-gene,1.0
Vorinostat,HDAC3,drug-gene,1.0
