source,target,type,weight,source_name,target_name
1,392,gene-gene,0.543496676,ABL1,CRK
1,393,gene-gene,0.559341352,ABL1,CRKL
1,1318,gene-gene,0.581335116,ABL1,NTRK1
1,1319,gene-gene,0.337638332,ABL1,NTRK2
1,1320,gene-gene,0.5015424079999999,ABL1,NTRK3
1,1646,gene-gene,0.4695671600000001,ABL1,RIN1
1,2019,drug-gene,1.0,ABL1,Dasatinib
1,2027,drug-gene,1.0,ABL1,Nilotinib
2,392,gene-gene,0.401362146,ABL2,CRK
2,393,gene-gene,0.539584944,ABL2,CRKL
2,1646,gene-gene,0.48618939,ABL2,RIN1
2,2019,drug-gene,1.0,ABL2,Dasatinib
3,1687,gene-gene,0.4011893319999999,ACAA1,RXRA
3,1688,gene-gene,0.40681309,ACAA1,RXRB
3,1689,gene-gene,0.37442336,ACAA1,RXRG
4,1512,gene-gene,0.2052839698,ACACA,PRKAA1
5,1515,gene-gene,0.2182065352,ACACB,PRKAB2
5,1520,gene-gene,0.200679542,ACACB,PRKAG2
6,1463,gene-gene,0.33381066,ACADL,PPARD
6,1687,gene-gene,0.285538194,ACADL,RXRA
6,1688,gene-gene,0.467939256,ACADL,RXRB
6,1689,gene-gene,0.57184085,ACADL,RXRG
7,1462,gene-gene,0.266845359,ACADM,PPARA
7,1687,gene-gene,0.54601676,ACADM,RXRA
7,1688,gene-gene,0.383490674,ACADM,RXRB
7,1689,gene-gene,0.341598466,ACADM,RXRG
8,1462,gene-gene,0.356334632,ACOX1,PPARA
8,1463,gene-gene,0.387081786,ACOX1,PPARD
8,1687,gene-gene,0.523309798,ACOX1,RXRA
8,1688,gene-gene,0.478139836,ACOX1,RXRB
8,1689,gene-gene,0.537497232,ACOX1,RXRG
9,1462,gene-gene,0.2539259399999999,ACOX2,PPARA
9,1463,gene-gene,0.455331274,ACOX2,PPARD
9,1687,gene-gene,0.6380933040000001,ACOX2,RXRA
9,1688,gene-gene,0.586811142,ACOX2,RXRB
9,1689,gene-gene,0.484243128,ACOX2,RXRG
10,1462,gene-gene,0.2834572119999999,ACOX3,PPARA
10,1687,gene-gene,0.499403828,ACOX3,RXRA
10,1688,gene-gene,0.457761382,ACOX3,RXRB
10,1689,gene-gene,0.4385763459999999,ACOX3,RXRG
11,1464,gene-gene,0.2139412259999999,ACSBG1,PPARG
11,1687,gene-gene,0.508454678,ACSBG1,RXRA
11,1688,gene-gene,0.404712502,ACSBG1,RXRB
11,1689,gene-gene,0.469055546,ACSBG1,RXRG
12,1462,gene-gene,0.2214302759999999,ACSBG2,PPARA
12,1464,gene-gene,0.350483016,ACSBG2,PPARG
12,1687,gene-gene,0.4515835339999999,ACSBG2,RXRA
12,1688,gene-gene,0.5993934000000001,ACSBG2,RXRB
12,1689,gene-gene,0.614214306,ACSBG2,RXRG
13,1462,gene-gene,0.367868137,ACSL1,PPARA
13,1687,gene-gene,0.4925847,ACSL1,RXRA
13,1688,gene-gene,0.639791152,ACSL1,RXRB
13,1689,gene-gene,0.612361604,ACSL1,RXRG
14,1462,gene-gene,0.4253860956,ACSL3,PPARA
14,1687,gene-gene,0.508858186,ACSL3,RXRA
14,1688,gene-gene,0.398287614,ACSL3,RXRB
14,1689,gene-gene,0.505243426,ACSL3,RXRG
15,1462,gene-gene,0.20651921,ACSL5,PPARA
15,1464,gene-gene,0.27041175406,ACSL5,PPARG
15,1687,gene-gene,0.5966304179999999,ACSL5,RXRA
15,1688,gene-gene,0.638209642,ACSL5,RXRB
15,1689,gene-gene,0.584520418,ACSL5,RXRG
16,1462,gene-gene,0.293722522,ACSL6,PPARA
16,1464,gene-gene,0.207637762,ACSL6,PPARG
16,1687,gene-gene,0.394362336,ACSL6,RXRA
16,1688,gene-gene,0.5662109200000001,ACSL6,RXRB
16,1689,gene-gene,0.562902864,ACSL6,RXRG
18,323,gene-gene,0.215725728,ACTB,CDC42
18,1643,gene-gene,0.2437742487999999,ACTB,RHOA
19,1883,gene-gene,0.207618144,ACTG1,THRA
20,1160,gene-gene,0.203710966,ACVR1,MAPK11
20,1162,gene-gene,0.208021378,ACVR1,MAPK13
20,1163,gene-gene,0.38229657,ACVR1,MAPK14
20,1165,gene-gene,0.2042675759999999,ACVR1,MAPK3
26,222,gene-gene,0.229835288,ADCY1,CAMK4
38,1922,gene-gene,0.241514658,ADGRB1,TP53
39,1464,gene-gene,0.268101274,ADIPOQ,PPARG
39,1687,gene-gene,0.4475153967999999,ADIPOQ,RXRA
39,1688,gene-gene,0.54607732,ADIPOQ,RXRB
39,1689,gene-gene,0.459816428,ADIPOQ,RXRG
46,1519,gene-gene,0.2356134959999999,ADRA1A,PRKAG1
57,1397,gene-gene,0.256235604,AGAP2,PIK3CB
57,1400,gene-gene,0.31138803,AGAP2,PIK3R1
57,1402,gene-gene,0.3145221676,AGAP2,PIK3R3
58,1397,gene-gene,0.2705096588,AGER,PIK3CB
58,1398,gene-gene,0.283594849,AGER,PIK3CD
58,1400,gene-gene,0.205527051,AGER,PIK3R1
58,1435,gene-gene,0.2106427759999999,AGER,PLCB1
58,1436,gene-gene,0.272174344,AGER,PLCB2
58,990,gene-gene,0.221356421,AGER,JUN
58,1268,gene-gene,0.5046211740000001,AGER,NFKB1
59,1519,gene-gene,0.225655944,AGRP,PRKAG1
62,1922,gene-gene,0.2240328049999999,AIFM2,TP53
65,66,gene-gene,0.416099582,AKT1,AKT1S1
65,104,gene-gene,0.503267542,AKT1,ATF2
65,105,gene-gene,0.323667786,AKT1,ATF4
65,106,gene-gene,0.337602354,AKT1,ATF6B
65,153,gene-gene,0.463971772,AKT1,BCL2
65,329,gene-gene,0.326515306,AKT1,CDKN1A
65,349,gene-gene,0.398109506,AKT1,CHUK
65,385,gene-gene,0.292714824,AKT1,CREB3
65,386,gene-gene,0.354652684,AKT1,CREB3L1
65,387,gene-gene,0.3399762679999999,AKT1,CREB3L2
65,388,gene-gene,0.374929242,AKT1,CREB3L3
65,389,gene-gene,0.518600874,AKT1,CREB3L4
65,390,gene-gene,0.4019062639999999,AKT1,CREB5
65,643,gene-gene,0.3731317779999999,AKT1,FOXO1
65,644,gene-gene,0.23218291,AKT1,FOXO3
65,876,gene-gene,0.265499088,AKT1,IKBKB
65,1137,gene-gene,0.2883053268,AKT1,MAP2K4
65,1150,gene-gene,0.244972446,AKT1,MAP3K5
65,1158,gene-gene,0.3033241,AKT1,MAPK1
65,1165,gene-gene,0.255216976,AKT1,MAPK3
65,1184,gene-gene,0.265939248,AKT1,MDM2
65,1231,gene-gene,0.4299946979999999,AKT1,MTOR
65,1268,gene-gene,0.484158094,AKT1,NFKB1
65,1270,gene-gene,0.2550345719999999,AKT1,NFKBIA
65,1271,gene-gene,0.2295801334,AKT1,NFKBIB
65,1272,gene-gene,0.251765486,AKT1,NFKBIE
65,1290,gene-gene,0.3474844499999999,AKT1,NOS2
65,1291,gene-gene,0.2475201079999999,AKT1,NOS3
65,1308,gene-gene,0.319735466,AKT1,NR4A1
65,1352,gene-gene,0.254657579,AKT1,PDE3B
65,1471,gene-gene,0.233699182,AKT1,PPP1CA
65,1479,gene-gene,0.2283574481999999,AKT1,PPP1R3B
65,1586,gene-gene,0.286668416,AKT1,RAF1
65,1631,gene-gene,0.358661138,AKT1,RELA
65,1943,gene-gene,0.208998536,AKT1,TSC2
65,322,gene-gene,0.2667232927999999,AKT1,CDC37
65,394,gene-gene,0.282663638,AKT1,CRTC2
65,815,gene-gene,0.26645279528,AKT1,HSP90AA1
65,816,gene-gene,0.308641886,AKT1,HSP90AB1
65,817,gene-gene,0.2097111972,AKT1,HSP90B1
65,1160,gene-gene,0.241535528,AKT1,MAPK11
65,1161,gene-gene,0.273817098,AKT1,MAPK12
65,1162,gene-gene,0.45221038,AKT1,MAPK13
65,1163,gene-gene,0.397408972,AKT1,MAPK14
65,1366,gene-gene,0.3736401071999999,AKT1,PDPK1
65,1396,gene-gene,0.389525682,AKT1,PIK3CA
65,1397,gene-gene,0.3689664836,AKT1,PIK3CB
65,1398,gene-gene,0.356224876,AKT1,PIK3CD
65,1399,gene-gene,0.418102084,AKT1,PIK3CG
65,1400,gene-gene,0.300239202,AKT1,PIK3R1
65,1401,gene-gene,0.2160654759999999,AKT1,PIK3R2
65,1402,gene-gene,0.353173638,AKT1,PIK3R3
65,1404,gene-gene,0.31481137,AKT1,PIK3R5
65,1405,gene-gene,0.360181046,AKT1,PIK3R6
65,1483,gene-gene,0.284684597,AKT1,PPP2CA
65,1484,gene-gene,0.427556234,AKT1,PPP2CB
65,1485,gene-gene,0.345926244,AKT1,PPP2R1A
65,1486,gene-gene,0.3051788444,AKT1,PPP2R1B
65,1487,gene-gene,0.285554922,AKT1,PPP2R2A
65,1488,gene-gene,0.261316859,AKT1,PPP2R2B
65,1489,gene-gene,0.316869268,AKT1,PPP2R2C
65,1490,gene-gene,0.3990379,AKT1,PPP2R2D
65,1491,gene-gene,0.409200198,AKT1,PPP2R3A
65,1492,gene-gene,0.372623634,AKT1,PPP2R3C
65,1494,gene-gene,0.292758364,AKT1,PPP2R5B
65,1495,gene-gene,0.266014592,AKT1,PPP2R5C
65,1496,gene-gene,0.270928302,AKT1,PPP2R5D
65,1497,gene-gene,0.430500756,AKT1,PPP2R5E
65,1533,gene-gene,0.3621595412,AKT1,PRKCZ
65,1854,gene-gene,0.273148312,AKT1,TCL1B
66,551,gene-gene,0.216360076,AKT1S1,EIF4EBP1
66,1231,gene-gene,0.420930756,AKT1S1,MTOR
66,1464,gene-gene,0.276104346,AKT1S1,PPARG
66,1668,gene-gene,0.28492368,AKT1S1,RPS6KB1
66,1669,gene-gene,0.359758946,AKT1S1,RPS6KB2
66,1670,gene-gene,0.347240858,AKT1S1,RPTOR
66,1954,gene-gene,0.346021814,AKT1S1,ULK1
66,67,gene-gene,0.39763004,AKT1S1,AKT2
66,68,gene-gene,0.2648347279999999,AKT1S1,AKT3
66,1512,gene-gene,0.2043704432,AKT1S1,PRKAA1
66,1513,gene-gene,0.415463942,AKT1S1,PRKAA2
66,1514,gene-gene,0.2106722979999999,AKT1S1,PRKAB1
66,1515,gene-gene,0.283864242,AKT1S1,PRKAB2
66,1519,gene-gene,0.2905430796,AKT1S1,PRKAG1
66,1520,gene-gene,0.335487514,AKT1S1,PRKAG2
66,1521,gene-gene,0.404995606,AKT1S1,PRKAG3
66,1642,gene-gene,0.265090972,AKT1S1,RHEB
67,104,gene-gene,0.315931382,AKT2,ATF2
67,105,gene-gene,0.281529828,AKT2,ATF4
67,106,gene-gene,0.3590543419999999,AKT2,ATF6B
67,146,gene-gene,0.2303090099999999,AKT2,BAD
67,153,gene-gene,0.570408912,AKT2,BCL2
67,183,gene-gene,0.2506787698,AKT2,BRCA1
67,329,gene-gene,0.2066225219999999,AKT2,CDKN1A
67,349,gene-gene,0.356258362,AKT2,CHUK
67,384,gene-gene,0.369155372,AKT2,CREB1
67,385,gene-gene,0.232395764,AKT2,CREB3
67,386,gene-gene,0.268484326,AKT2,CREB3L1
67,387,gene-gene,0.380982938,AKT2,CREB3L2
67,388,gene-gene,0.280500266,AKT2,CREB3L3
67,389,gene-gene,0.32668891,AKT2,CREB3L4
67,390,gene-gene,0.461977658,AKT2,CREB5
67,771,gene-gene,0.2432694672,AKT2,GSK3B
67,876,gene-gene,0.2583962979999999,AKT2,IKBKB
67,1150,gene-gene,0.244335482,AKT2,MAP3K5
67,1153,gene-gene,0.253000978,AKT2,MAP3K8
67,1158,gene-gene,0.552776732,AKT2,MAPK1
67,1165,gene-gene,0.229975378,AKT2,MAPK3
67,1184,gene-gene,0.2152999252,AKT2,MDM2
67,1231,gene-gene,0.7031578059999999,AKT2,MTOR
67,1268,gene-gene,0.56410736,AKT2,NFKB1
67,1270,gene-gene,0.2176433847999999,AKT2,NFKBIA
67,1271,gene-gene,0.282564404,AKT2,NFKBIB
67,1272,gene-gene,0.28488327,AKT2,NFKBIE
67,1291,gene-gene,0.2075811825999999,AKT2,NOS3
67,1308,gene-gene,0.2732487448,AKT2,NR4A1
67,1471,gene-gene,0.2139025779999999,AKT2,PPP1CA
67,1472,gene-gene,0.2066980149999999,AKT2,PPP1CB
67,1473,gene-gene,0.2208188267999999,AKT2,PPP1CC
67,1479,gene-gene,0.208845328,AKT2,PPP1R3B
67,1631,gene-gene,0.252244476,AKT2,RELA
67,1843,gene-gene,0.241296496,AKT2,TBC1D7
67,1942,gene-gene,0.2015983079999999,AKT2,TSC1
67,394,gene-gene,0.20277881,AKT2,CRTC2
67,815,gene-gene,0.2009115838,AKT2,HSP90AA1
67,1160,gene-gene,0.254760376,AKT2,MAPK11
67,1161,gene-gene,0.303438022,AKT2,MAPK12
67,1162,gene-gene,0.332774846,AKT2,MAPK13
67,1163,gene-gene,0.467765068,AKT2,MAPK14
67,1366,gene-gene,0.6406511619999999,AKT2,PDPK1
67,1396,gene-gene,0.229125061,AKT2,PIK3CA
67,1397,gene-gene,0.290781754,AKT2,PIK3CB
67,1398,gene-gene,0.364671616,AKT2,PIK3CD
67,1399,gene-gene,0.3625885,AKT2,PIK3CG
67,1400,gene-gene,0.2397423892,AKT2,PIK3R1
67,1401,gene-gene,0.4125601319999999,AKT2,PIK3R2
67,1402,gene-gene,0.3356321,AKT2,PIK3R3
67,1404,gene-gene,0.352646472,AKT2,PIK3R5
67,1405,gene-gene,0.21876939,AKT2,PIK3R6
67,1483,gene-gene,0.428412162,AKT2,PPP2CA
67,1484,gene-gene,0.383860034,AKT2,PPP2CB
67,1485,gene-gene,0.515297313,AKT2,PPP2R1A
67,1486,gene-gene,0.388502774,AKT2,PPP2R1B
67,1487,gene-gene,0.2886201579999999,AKT2,PPP2R2A
67,1488,gene-gene,0.376022814,AKT2,PPP2R2B
67,1490,gene-gene,0.334932362,AKT2,PPP2R2D
67,1491,gene-gene,0.427727954,AKT2,PPP2R3A
67,1492,gene-gene,0.310092348,AKT2,PPP2R3C
67,1493,gene-gene,0.3115954959999999,AKT2,PPP2R5A
67,1495,gene-gene,0.205603553,AKT2,PPP2R5C
67,1496,gene-gene,0.544447624,AKT2,PPP2R5D
67,1497,gene-gene,0.245465162,AKT2,PPP2R5E
67,1533,gene-gene,0.315611654,AKT2,PRKCZ
67,1854,gene-gene,0.2770751939999999,AKT2,TCL1B
68,104,gene-gene,0.242889842,AKT3,ATF2
68,105,gene-gene,0.260950464,AKT3,ATF4
68,106,gene-gene,0.2842655859999999,AKT3,ATF6B
68,146,gene-gene,0.31645871,AKT3,BAD
68,153,gene-gene,0.6080555679999999,AKT3,BCL2
68,329,gene-gene,0.2768327568,AKT3,CDKN1A
68,330,gene-gene,0.2115904778,AKT3,CDKN1B
68,349,gene-gene,0.251002688,AKT3,CHUK
68,384,gene-gene,0.3722593774,AKT3,CREB1
68,385,gene-gene,0.3600563659999999,AKT3,CREB3
68,387,gene-gene,0.2066338532,AKT3,CREB3L2
68,388,gene-gene,0.301753866,AKT3,CREB3L3
68,389,gene-gene,0.290004068,AKT3,CREB3L4
68,390,gene-gene,0.232998964,AKT3,CREB5
68,643,gene-gene,0.258014446,AKT3,FOXO1
68,644,gene-gene,0.244151728,AKT3,FOXO3
68,876,gene-gene,0.356676846,AKT3,IKBKB
68,1137,gene-gene,0.276402628,AKT3,MAP2K4
68,1150,gene-gene,0.2704530212,AKT3,MAP3K5
68,1153,gene-gene,0.2694564151999999,AKT3,MAP3K8
68,1158,gene-gene,0.2980757128,AKT3,MAPK1
68,1165,gene-gene,0.3912044879999999,AKT3,MAPK3
68,1231,gene-gene,0.647370894,AKT3,MTOR
68,1268,gene-gene,0.563206824,AKT3,NFKB1
68,1271,gene-gene,0.2274214918,AKT3,NFKBIB
68,1272,gene-gene,0.2900518019999999,AKT3,NFKBIE
68,1290,gene-gene,0.316474742,AKT3,NOS2
68,1291,gene-gene,0.2484838198,AKT3,NOS3
68,1352,gene-gene,0.212500848,AKT3,PDE3B
68,1586,gene-gene,0.325879888,AKT3,RAF1
68,1631,gene-gene,0.2899861259999999,AKT3,RELA
68,1843,gene-gene,0.2199099,AKT3,TBC1D7
68,322,gene-gene,0.2163856519999999,AKT3,CDC37
68,394,gene-gene,0.233846509,AKT3,CRTC2
68,815,gene-gene,0.2898969597999999,AKT3,HSP90AA1
68,1160,gene-gene,0.2165556252,AKT3,MAPK11
68,1161,gene-gene,0.24553283,AKT3,MAPK12
68,1162,gene-gene,0.390183882,AKT3,MAPK13
68,1163,gene-gene,0.494931436,AKT3,MAPK14
68,1366,gene-gene,0.605225336,AKT3,PDPK1
68,1396,gene-gene,0.3333288159999999,AKT3,PIK3CA
68,1397,gene-gene,0.260418686,AKT3,PIK3CB
68,1398,gene-gene,0.336422914,AKT3,PIK3CD
68,1399,gene-gene,0.337110888,AKT3,PIK3CG
68,1400,gene-gene,0.410499346,AKT3,PIK3R1
68,1401,gene-gene,0.324122448,AKT3,PIK3R2
68,1402,gene-gene,0.203807384,AKT3,PIK3R3
68,1404,gene-gene,0.2033139047999999,AKT3,PIK3R5
68,1483,gene-gene,0.4860723939999999,AKT3,PPP2CA
68,1484,gene-gene,0.3649444288,AKT3,PPP2CB
68,1485,gene-gene,0.499860902,AKT3,PPP2R1A
68,1486,gene-gene,0.3829658219999999,AKT3,PPP2R1B
68,1487,gene-gene,0.3685650219999999,AKT3,PPP2R2A
68,1488,gene-gene,0.29939516,AKT3,PPP2R2B
68,1489,gene-gene,0.386788802,AKT3,PPP2R2C
68,1490,gene-gene,0.4001062239999999,AKT3,PPP2R2D
68,1492,gene-gene,0.31514471,AKT3,PPP2R3C
68,1493,gene-gene,0.233866478,AKT3,PPP2R5A
68,1494,gene-gene,0.347525314,AKT3,PPP2R5B
68,1495,gene-gene,0.34939872,AKT3,PPP2R5C
68,1496,gene-gene,0.324731824,AKT3,PPP2R5D
68,1497,gene-gene,0.366662144,AKT3,PPP2R5E
68,1533,gene-gene,0.4446528431999999,AKT3,PRKCZ
68,1854,gene-gene,0.21805889,AKT3,TCL1B
70,100,gene-gene,0.21447064,ALDOB,ARNT
72,176,gene-gene,0.2125243939999999,AMH,BMPR1B
72,1268,gene-gene,0.450563888,AMH,NFKB1
75,396,gene-gene,0.208765192,ANGPT1,CSF1R
75,538,gene-gene,0.339007874,ANGPT1,EGFR
75,564,gene-gene,0.4985988239999999,ANGPT1,EPHA2
75,567,gene-gene,0.282392934,ANGPT1,ERBB2
75,568,gene-gene,0.2877335682,ANGPT1,ERBB3
75,569,gene-gene,0.338851046,ANGPT1,ERBB4
75,622,gene-gene,0.325516524,ANGPT1,FGFR1
75,623,gene-gene,0.534656404,ANGPT1,FGFR2
75,624,gene-gene,0.2461169088,ANGPT1,FGFR3
75,625,gene-gene,0.323376228,ANGPT1,FGFR4
75,632,gene-gene,0.267861578,ANGPT1,FLT1
75,633,gene-gene,0.3322525859999999,ANGPT1,FLT3
75,635,gene-gene,0.323573976,ANGPT1,FLT4
75,872,gene-gene,0.368276146,ANGPT1,IGF1R
75,942,gene-gene,0.21487356,ANGPT1,INSR
75,1010,gene-gene,0.364151176,ANGPT1,KDR
75,1014,gene-gene,0.384639964,ANGPT1,KIT
75,1205,gene-gene,0.355894638,ANGPT1,MET
75,1274,gene-gene,0.2481078259999999,ANGPT1,NGFR
75,1318,gene-gene,0.23622763,ANGPT1,NTRK1
75,1319,gene-gene,0.263953946,ANGPT1,NTRK2
75,1361,gene-gene,0.267419788,ANGPT1,PDGFRA
75,1362,gene-gene,0.367343912,ANGPT1,PDGFRB
75,1860,gene-gene,0.22638703,ANGPT1,TEK
75,391,gene-gene,0.29677843,ANGPT1,CREBBP
75,563,gene-gene,0.43067786,ANGPT1,EP300
75,797,gene-gene,0.2626877726,ANGPT1,HIF1A
76,396,gene-gene,0.200834632,ANGPT2,CSF1R
76,538,gene-gene,0.230620952,ANGPT2,EGFR
76,564,gene-gene,0.502813514,ANGPT2,EPHA2
76,567,gene-gene,0.393798856,ANGPT2,ERBB2
76,568,gene-gene,0.24522918,ANGPT2,ERBB3
76,569,gene-gene,0.252655422,ANGPT2,ERBB4
76,622,gene-gene,0.257885861,ANGPT2,FGFR1
76,623,gene-gene,0.304828366,ANGPT2,FGFR2
76,624,gene-gene,0.2209754719999999,ANGPT2,FGFR3
76,625,gene-gene,0.323671522,ANGPT2,FGFR4
76,632,gene-gene,0.260702126,ANGPT2,FLT1
76,633,gene-gene,0.220998912,ANGPT2,FLT3
76,635,gene-gene,0.250154361,ANGPT2,FLT4
76,872,gene-gene,0.2410274,ANGPT2,IGF1R
76,942,gene-gene,0.347027202,ANGPT2,INSR
76,1014,gene-gene,0.42310767,ANGPT2,KIT
76,1318,gene-gene,0.2566284032,ANGPT2,NTRK1
76,1319,gene-gene,0.2689322392,ANGPT2,NTRK2
76,1362,gene-gene,0.4878623359999999,ANGPT2,PDGFRB
76,1860,gene-gene,0.2616807352,ANGPT2,TEK
76,100,gene-gene,0.3191036892,ANGPT2,ARNT
76,391,gene-gene,0.2463366439999999,ANGPT2,CREBBP
76,563,gene-gene,0.372813226,ANGPT2,EP300
76,797,gene-gene,0.39825636,ANGPT2,HIF1A
77,538,gene-gene,0.3841545739999999,ANGPT4,EGFR
77,564,gene-gene,0.413573894,ANGPT4,EPHA2
77,567,gene-gene,0.282039404,ANGPT4,ERBB2
77,568,gene-gene,0.240271574,ANGPT4,ERBB3
77,569,gene-gene,0.2049754402,ANGPT4,ERBB4
77,622,gene-gene,0.237617922,ANGPT4,FGFR1
77,623,gene-gene,0.4028632499999999,ANGPT4,FGFR2
77,624,gene-gene,0.235656504,ANGPT4,FGFR3
77,632,gene-gene,0.304786817,ANGPT4,FLT1
77,633,gene-gene,0.2061053942,ANGPT4,FLT3
77,635,gene-gene,0.25910968,ANGPT4,FLT4
77,872,gene-gene,0.2663168132,ANGPT4,IGF1R
77,1010,gene-gene,0.292875826,ANGPT4,KDR
77,1014,gene-gene,0.417909618,ANGPT4,KIT
77,1205,gene-gene,0.2935089979999999,ANGPT4,MET
77,1318,gene-gene,0.242221662,ANGPT4,NTRK1
77,1319,gene-gene,0.279622436,ANGPT4,NTRK2
77,1361,gene-gene,0.3770477324,ANGPT4,PDGFRA
77,1362,gene-gene,0.363944764,ANGPT4,PDGFRB
77,100,gene-gene,0.2864025328,ANGPT4,ARNT
77,563,gene-gene,0.402158236,ANGPT4,EP300
77,797,gene-gene,0.417900944,ANGPT4,HIF1A
78,1462,gene-gene,0.2422937359999999,ANGPTL4,PPARA
78,1463,gene-gene,0.2819843549999999,ANGPTL4,PPARD
78,1464,gene-gene,0.2463317319999999,ANGPTL4,PPARG
78,1687,gene-gene,0.406854898,ANGPTL4,RXRA
78,1688,gene-gene,0.485605584,ANGPTL4,RXRB
78,1689,gene-gene,0.449547802,ANGPTL4,RXRG
79,1811,gene-gene,0.386894948,AOX1,STAT1
79,1812,gene-gene,0.317274772,AOX1,STAT2
79,1813,gene-gene,0.224346051,AOX1,STAT3
79,1815,gene-gene,0.308949152,AOX1,STAT5A
79,1816,gene-gene,0.431962252,AOX1,STAT5B
87,1462,gene-gene,0.2770403899999999,APOA1,PPARA
87,1687,gene-gene,0.626890978,APOA1,RXRA
87,1688,gene-gene,0.664801364,APOA1,RXRB
87,1689,gene-gene,0.467165522,APOA1,RXRG
88,1462,gene-gene,0.340656326,APOA2,PPARA
88,1687,gene-gene,0.344273556,APOA2,RXRA
88,1688,gene-gene,0.7071945399999999,APOA2,RXRB
88,1689,gene-gene,0.608234898,APOA2,RXRG
89,1462,gene-gene,0.2654420528,APOA5,PPARA
89,1687,gene-gene,0.50980314,APOA5,RXRA
89,1688,gene-gene,0.528256924,APOA5,RXRB
89,1689,gene-gene,0.609186592,APOA5,RXRG
90,1687,gene-gene,0.56835664,APOC3,RXRA
90,1688,gene-gene,0.618307316,APOC3,RXRB
90,1689,gene-gene,0.512255052,APOC3,RXRG
91,1687,gene-gene,0.577380562,AQP7,RXRA
91,1688,gene-gene,0.408907176,AQP7,RXRB
91,1689,gene-gene,0.5124107600000001,AQP7,RXRG
93,396,gene-gene,0.274355287,AREG,CSF1R
93,538,gene-gene,0.329795682,AREG,EGFR
93,564,gene-gene,0.48501423,AREG,EPHA2
93,567,gene-gene,0.3072291159999999,AREG,ERBB2
93,568,gene-gene,0.2259654905999999,AREG,ERBB3
93,622,gene-gene,0.296879638,AREG,FGFR1
93,623,gene-gene,0.684996234,AREG,FGFR2
93,624,gene-gene,0.331087116,AREG,FGFR3
93,625,gene-gene,0.314655226,AREG,FGFR4
93,632,gene-gene,0.315632502,AREG,FLT1
93,633,gene-gene,0.303746818,AREG,FLT3
93,635,gene-gene,0.270546566,AREG,FLT4
93,872,gene-gene,0.3048133768,AREG,IGF1R
93,1010,gene-gene,0.259677716,AREG,KDR
93,1014,gene-gene,0.4710435659999999,AREG,KIT
93,1205,gene-gene,0.209907145,AREG,MET
93,1274,gene-gene,0.34571783,AREG,NGFR
93,1318,gene-gene,0.3420849099999999,AREG,NTRK1
93,1319,gene-gene,0.367801866,AREG,NTRK2
93,1361,gene-gene,0.2489473554,AREG,PDGFRA
93,1362,gene-gene,0.387995674,AREG,PDGFRB
93,1860,gene-gene,0.280815838,AREG,TEK
93,2004,gene-gene,0.225516995,AREG,YAP1
100,153,gene-gene,0.3720037539999999,ARNT,BCL2
100,329,gene-gene,0.278355318,ARNT,CDKN1A
100,330,gene-gene,0.210629088,ARNT,CDKN1B
100,524,gene-gene,0.208013748,ARNT,EDN1
100,537,gene-gene,0.200542009,ARNT,EGF
100,565,gene-gene,0.286630056,ARNT,EPO
100,632,gene-gene,0.2893979,ARNT,FLT1
100,681,gene-gene,0.2194031148,ARNT,GAPDH
100,800,gene-gene,0.2212237598,ARNT,HK2
100,1291,gene-gene,0.2306791976,ARNT,NOS3
100,1365,gene-gene,0.323925606,ARNT,PDK1
100,1374,gene-gene,0.200320814772,ARNT,PFKM
100,1713,gene-gene,0.214414412,ARNT,SERPINE1
100,1755,gene-gene,0.2148396914,ARNT,SLC2A1
100,1860,gene-gene,0.2240300949999999,ARNT,TEK
100,1862,gene-gene,0.208879242,ARNT,TF
100,1968,gene-gene,0.266434318,ARNT,VEGFA
100,391,gene-gene,0.366479096,ARNT,CREBBP
100,563,gene-gene,0.314785936,ARNT,EP300
100,797,gene-gene,0.251953085,ARNT,HIF1A
102,700,gene-gene,0.211435986,ARRB2,GLI1
104,105,gene-gene,0.278689034,ATF2,ATF4
104,153,gene-gene,0.5055552480000001,ATF2,BCL2
104,380,gene-gene,0.334676818,ATF2,CPT1A
104,381,gene-gene,0.274672792,ATF2,CPT1B
104,382,gene-gene,0.204429292,ATF2,CPT1C
104,386,gene-gene,0.310912652,ATF2,CREB3L1
104,387,gene-gene,0.24941024,ATF2,CREB3L2
104,388,gene-gene,0.3757421911999999,ATF2,CREB3L3
104,389,gene-gene,0.362918337,ATF2,CREB3L4
104,390,gene-gene,0.338455586,ATF2,CREB5
104,391,gene-gene,0.3972395019999999,ATF2,CREBBP
104,394,gene-gene,0.26281917,ATF2,CRTC2
104,563,gene-gene,0.46375147,ATF2,EP300
104,1183,gene-gene,0.264216312,ATF2,MCL1
104,1344,gene-gene,0.22596281,ATF2,PCK1
104,1968,gene-gene,0.369054634,ATF2,VEGFA
104,1969,gene-gene,0.278014592,ATF2,VEGFB
104,1970,gene-gene,0.299622182,ATF2,VEGFC
104,384,gene-gene,0.32831296,ATF2,CREB1
104,385,gene-gene,0.313045156,ATF2,CREB3
104,1158,gene-gene,0.2382504339999999,ATF2,MAPK1
104,1160,gene-gene,0.2713243606,ATF2,MAPK11
104,1161,gene-gene,0.232191042,ATF2,MAPK12
104,1162,gene-gene,0.293644012,ATF2,MAPK13
104,1163,gene-gene,0.5527896,ATF2,MAPK14
104,1165,gene-gene,0.371244602,ATF2,MAPK3
104,1518,gene-gene,0.3505740702,ATF2,PRKACG
104,1666,gene-gene,0.2500960688,ATF2,RPS6KA4
104,1667,gene-gene,0.2448973846,ATF2,RPS6KA5
105,153,gene-gene,0.4601739459999999,ATF4,BCL2
105,380,gene-gene,0.2346426632,ATF4,CPT1A
105,381,gene-gene,0.423641138,ATF4,CPT1B
105,382,gene-gene,0.2770383092,ATF4,CPT1C
105,386,gene-gene,0.382865636,ATF4,CREB3L1
105,388,gene-gene,0.2582385754,ATF4,CREB3L3
105,390,gene-gene,0.22587448,ATF4,CREB5
105,1344,gene-gene,0.267361102,ATF4,PCK1
105,1968,gene-gene,0.2511564479,ATF4,VEGFA
105,1969,gene-gene,0.3431184172,ATF4,VEGFB
105,385,gene-gene,0.3044738939999999,ATF4,CREB3
105,389,gene-gene,0.279950784,ATF4,CREB3L4
105,391,gene-gene,0.23909262,ATF4,CREBBP
105,1158,gene-gene,0.303940498,ATF4,MAPK1
105,1165,gene-gene,0.2305716762,ATF4,MAPK3
105,1176,gene-gene,0.2935452406,ATF4,MAPKAPK3
105,1516,gene-gene,0.269825116,ATF4,PRKACA
105,1667,gene-gene,0.2971606674,ATF4,RPS6KA5
106,153,gene-gene,0.401868262,ATF6B,BCL2
106,1183,gene-gene,0.26853305,ATF6B,MCL1
106,1968,gene-gene,0.358048286,ATF6B,VEGFA
106,1969,gene-gene,0.224922408,ATF6B,VEGFB
106,1970,gene-gene,0.273420042,ATF6B,VEGFC
106,1158,gene-gene,0.3463014812,ATF6B,MAPK1
106,1165,gene-gene,0.383302356,ATF6B,MAPK3
106,1666,gene-gene,0.200486609,ATF6B,RPS6KA4
106,1667,gene-gene,0.207072518,ATF6B,RPS6KA5
111,1158,gene-gene,0.271899846,ATP1A1,MAPK1
111,1400,gene-gene,0.241130792,ATP1A1,PIK3R1
111,1401,gene-gene,0.2432240164,ATP1A1,PIK3R2
111,1402,gene-gene,0.2285866449999999,ATP1A1,PIK3R3
112,1398,gene-gene,0.255145608,ATP1A2,PIK3CD
112,1401,gene-gene,0.277789586,ATP1A2,PIK3R2
112,1402,gene-gene,0.225040886,ATP1A2,PIK3R3
113,1401,gene-gene,0.207536296,ATP1A3,PIK3R2
113,1402,gene-gene,0.256685898,ATP1A3,PIK3R3
114,1398,gene-gene,0.21894293,ATP1A4,PIK3CD
114,1401,gene-gene,0.235827292,ATP1A4,PIK3R2
115,1165,gene-gene,0.2958024308,ATP1B1,MAPK3
115,1396,gene-gene,0.291139028,ATP1B1,PIK3CA
115,1397,gene-gene,0.2000174926,ATP1B1,PIK3CB
115,1401,gene-gene,0.22845836,ATP1B1,PIK3R2
116,1158,gene-gene,0.2764390828,ATP1B2,MAPK1
116,1396,gene-gene,0.2695518512,ATP1B2,PIK3CA
116,1398,gene-gene,0.2832723906,ATP1B2,PIK3CD
116,1401,gene-gene,0.289508366,ATP1B2,PIK3R2
117,1397,gene-gene,0.272902082,ATP1B3,PIK3CB
117,1400,gene-gene,0.2411386598,ATP1B3,PIK3R1
117,1401,gene-gene,0.302188894,ATP1B3,PIK3R2
117,1402,gene-gene,0.212224958,ATP1B3,PIK3R3
119,1883,gene-gene,0.203543744,ATP2A2,THRA
120,1884,gene-gene,0.2263566898,ATP2A3,THRB
137,1922,gene-gene,0.2079458174,ATR,TP53
141,1438,gene-gene,0.288621592,AVPR1A,PLCB4
142,1437,gene-gene,0.2349983572,AVPR1B,PLCB3
146,153,gene-gene,0.672153918,BAD,BCL2
146,155,gene-gene,0.200202372,BAD,BCL2L1
146,2005,gene-gene,0.20360032,BAD,YWHAB
146,2009,gene-gene,0.2328759839,BAD,YWHAQ
149,237,gene-gene,0.290671658,BAX,CASP3
149,153,gene-gene,0.496244806,BAX,BCL2
149,155,gene-gene,0.302183512,BAX,BCL2L1
149,1159,gene-gene,0.356804378,BAX,MAPK10
149,1160,gene-gene,0.369306804,BAX,MAPK11
149,1161,gene-gene,0.320929098,BAX,MAPK12
149,1163,gene-gene,0.456190854,BAX,MAPK14
149,1169,gene-gene,0.2329127139999999,BAX,MAPK8
149,1173,gene-gene,0.4430431419999999,BAX,MAPK9
149,1922,gene-gene,0.362654844,BAX,TP53
150,1922,gene-gene,0.227253204,BBC3,TP53
151,393,gene-gene,0.256994668,BCAR1,CRKL
152,349,gene-gene,0.3059730619999999,BCL10,CHUK
152,876,gene-gene,0.283437476,BCL10,IKBKB
152,1160,gene-gene,0.2232042639999999,BCL10,MAPK11
152,1162,gene-gene,0.255353968,BCL10,MAPK13
152,1163,gene-gene,0.476722222,BCL10,MAPK14
152,1165,gene-gene,0.221522746,BCL10,MAPK3
152,1169,gene-gene,0.208729855,BCL10,MAPK8
152,1396,gene-gene,0.227052062,BCL10,PIK3CA
152,1397,gene-gene,0.308213392,BCL10,PIK3CB
152,1402,gene-gene,0.273583884,BCL10,PIK3R3
153,237,gene-gene,0.661985792,BCL2,CASP3
153,1279,gene-gene,0.475333758,BCL2,NLRP1
153,1922,gene-gene,0.53686379,BCL2,TP53
153,384,gene-gene,0.427697662,BCL2,CREB1
153,385,gene-gene,0.5488570279999999,BCL2,CREB3
153,386,gene-gene,0.621413188,BCL2,CREB3L1
153,387,gene-gene,0.4964684199999999,BCL2,CREB3L2
153,388,gene-gene,0.405070248,BCL2,CREB3L3
153,389,gene-gene,0.753145568,BCL2,CREB3L4
153,390,gene-gene,0.477998438,BCL2,CREB5
153,391,gene-gene,0.336146596,BCL2,CREBBP
153,563,gene-gene,0.586089724,BCL2,EP300
153,572,gene-gene,0.739685528,BCL2,ESR1
153,573,gene-gene,0.810427284,BCL2,ESR2
153,700,gene-gene,0.620462702,BCL2,GLI1
153,701,gene-gene,0.697675706,BCL2,GLI2
153,702,gene-gene,0.5816589719999999,BCL2,GLI3
153,797,gene-gene,0.559027062,BCL2,HIF1A
153,1159,gene-gene,0.5445162139999999,BCL2,MAPK10
153,1160,gene-gene,0.5262519259999999,BCL2,MAPK11
153,1161,gene-gene,0.5355451099999999,BCL2,MAPK12
153,1162,gene-gene,0.4952160679999999,BCL2,MAPK13
153,1163,gene-gene,0.690043954,BCL2,MAPK14
153,1169,gene-gene,0.462285198,BCL2,MAPK8
153,1173,gene-gene,0.4610089159999999,BCL2,MAPK9
153,1254,gene-gene,0.40764926,BCL2,NCOA1
153,1255,gene-gene,0.565080634,BCL2,NCOA2
153,1256,gene-gene,0.647228374,BCL2,NCOA3
153,1268,gene-gene,1.00074071,BCL2,NFKB1
153,1308,gene-gene,0.637379318,BCL2,NR4A1
153,1483,gene-gene,0.58772868,BCL2,PPP2CA
153,1484,gene-gene,0.51052657,BCL2,PPP2CB
153,1485,gene-gene,0.331475906,BCL2,PPP2R1A
153,1486,gene-gene,0.42923551,BCL2,PPP2R1B
153,1487,gene-gene,0.554261644,BCL2,PPP2R2A
153,1488,gene-gene,0.601502668,BCL2,PPP2R2B
153,1489,gene-gene,0.434721906,BCL2,PPP2R2C
153,1490,gene-gene,0.40235702,BCL2,PPP2R2D
153,1491,gene-gene,0.78386119,BCL2,PPP2R3A
153,1492,gene-gene,0.592674768,BCL2,PPP2R3C
153,1493,gene-gene,0.4697329,BCL2,PPP2R5A
153,1494,gene-gene,0.66778437,BCL2,PPP2R5B
153,1495,gene-gene,0.619611522,BCL2,PPP2R5C
153,1496,gene-gene,0.526956224,BCL2,PPP2R5D
153,1497,gene-gene,0.495842641,BCL2,PPP2R5E
153,1631,gene-gene,0.4212462739999999,BCL2,RELA
153,1747,gene-gene,0.59652847,BCL2,SIVA1
153,1811,gene-gene,0.597958526,BCL2,STAT1
153,1812,gene-gene,0.607141666,BCL2,STAT2
153,1813,gene-gene,0.502308434,BCL2,STAT3
153,1814,gene-gene,0.357258508,BCL2,STAT4
153,1815,gene-gene,0.53587145,BCL2,STAT5A
153,1816,gene-gene,0.669915864,BCL2,STAT5B
153,1817,gene-gene,0.4300007099999999,BCL2,STAT6
153,2020,drug-gene,1.0,BCL2,Docetaxel
153,2028,drug-gene,1.0,BCL2,Paclitaxel
154,1268,gene-gene,0.44436693,BCL2A1,NFKB1
154,1631,gene-gene,0.2313077988,BCL2A1,RELA
155,1279,gene-gene,0.328633128,BCL2L1,NLRP1
155,1268,gene-gene,0.648760848,BCL2L1,NFKB1
155,1747,gene-gene,0.3139485992,BCL2L1,SIVA1
155,1811,gene-gene,0.475344516,BCL2L1,STAT1
155,1812,gene-gene,0.21742904,BCL2L1,STAT2
155,1813,gene-gene,0.2441421126,BCL2L1,STAT3
155,1814,gene-gene,0.325376462,BCL2L1,STAT4
155,1815,gene-gene,0.336824328,BCL2L1,STAT5A
155,1816,gene-gene,0.4558916899999999,BCL2L1,STAT5B
155,1817,gene-gene,0.238218956,BCL2L1,STAT6
157,1268,gene-gene,0.315347464,BCL3,NFKB1
161,396,gene-gene,0.2173780308,BDNF,CSF1R
161,538,gene-gene,0.368107534,BDNF,EGFR
161,564,gene-gene,0.4234457319999999,BDNF,EPHA2
161,567,gene-gene,0.228360292,BDNF,ERBB2
161,622,gene-gene,0.2362084911999999,BDNF,FGFR1
161,623,gene-gene,0.506206268,BDNF,FGFR2
161,624,gene-gene,0.249797694,BDNF,FGFR3
161,632,gene-gene,0.464162572,BDNF,FLT1
161,633,gene-gene,0.235772652,BDNF,FLT3
161,635,gene-gene,0.285127132,BDNF,FLT4
161,872,gene-gene,0.263108976,BDNF,IGF1R
161,942,gene-gene,0.336742051,BDNF,INSR
161,1010,gene-gene,0.275417979,BDNF,KDR
161,1014,gene-gene,0.503398546,BDNF,KIT
161,1205,gene-gene,0.24756202,BDNF,MET
161,1274,gene-gene,0.3078886503999999,BDNF,NGFR
161,1318,gene-gene,0.260565432,BDNF,NTRK1
161,1319,gene-gene,0.338413268,BDNF,NTRK2
161,1361,gene-gene,0.2447103487999999,BDNF,PDGFRA
161,1362,gene-gene,0.4971118419999999,BDNF,PDGFRB
161,1860,gene-gene,0.23468352,BDNF,TEK
161,384,gene-gene,0.387505128,BDNF,CREB1
161,385,gene-gene,0.43355602,BDNF,CREB3
161,386,gene-gene,0.451738946,BDNF,CREB3L1
161,387,gene-gene,0.38854179,BDNF,CREB3L2
161,388,gene-gene,0.4716919759999999,BDNF,CREB3L3
161,389,gene-gene,0.4181293339999999,BDNF,CREB3L4
161,390,gene-gene,0.306414922,BDNF,CREB5
163,427,gene-gene,0.245231566,BID,CTSD
164,1268,gene-gene,0.319751412,BIRC2,NFKB1
164,1631,gene-gene,0.2499582719999999,BIRC2,RELA
164,1930,gene-gene,0.2956520059999999,BIRC2,TRAF2
165,1268,gene-gene,0.541159656,BIRC3,NFKB1
175,1158,gene-gene,0.3346580796,BMPR1A,MAPK1
175,1163,gene-gene,0.597290028,BMPR1A,MAPK14
175,1165,gene-gene,0.2920286179999999,BMPR1A,MAPK3
176,1158,gene-gene,0.345294546,BMPR1B,MAPK1
176,1160,gene-gene,0.262252298,BMPR1B,MAPK11
176,1161,gene-gene,0.2012830709999999,BMPR1B,MAPK12
176,1163,gene-gene,0.34706683,BMPR1B,MAPK14
176,1165,gene-gene,0.2637876484,BMPR1B,MAPK3
177,1163,gene-gene,0.4051371599999999,BMPR2,MAPK14
177,1165,gene-gene,0.22904881,BMPR2,MAPK3
180,786,gene-gene,0.5387131000000001,BORCS8-MEF2B,HDAC4
180,1264,gene-gene,0.256224974,BORCS8-MEF2B,NFATC1
180,1265,gene-gene,0.417479726,BORCS8-MEF2B,NFATC2
180,1266,gene-gene,0.254684226,BORCS8-MEF2B,NFATC3
180,1267,gene-gene,0.326402754,BORCS8-MEF2B,NFATC4
184,538,gene-gene,0.2549516236,BTC,EGFR
184,569,gene-gene,0.2473911359999999,BTC,ERBB4
186,1515,gene-gene,0.259430898,CAB39,PRKAB2
187,1513,gene-gene,0.228829492,CAB39L,PRKAA2
210,222,gene-gene,0.287549681,CALM3,CAMK4
212,1444,gene-gene,0.284204238,CALML4,PLCG2
218,391,gene-gene,0.2219015754,CAMK2A,CREBBP
219,391,gene-gene,0.233051932,CAMK2B,CREBBP
219,563,gene-gene,0.2058160878,CAMK2B,EP300
220,563,gene-gene,0.24730449,CAMK2D,EP300
221,563,gene-gene,0.3486566576,CAMK2G,EP300
222,786,gene-gene,0.345009294,CAMK4,HDAC4
222,1353,gene-gene,0.2109384534,CAMK4,PDE4A
222,725,gene-gene,0.22276903249,CAMK4,GNG2
222,731,gene-gene,0.243441965,CAMK4,GNGT1
223,1520,gene-gene,0.2117205082,CAMKK2,PRKAG2
224,990,gene-gene,0.2073424959999999,CAMP,JUN
224,1268,gene-gene,0.651472156,CAMP,NFKB1
224,1631,gene-gene,0.31910826,CAMP,RELA
226,1527,gene-gene,0.256441016,CARD11,PRKCB
233,1158,gene-gene,0.2077388788,CARD9,MAPK1
233,1161,gene-gene,0.2061104585399999,CARD9,MAPK12
233,1162,gene-gene,0.2937936667999999,CARD9,MAPK13
233,1163,gene-gene,0.411262028,CARD9,MAPK14
233,1165,gene-gene,0.219289366,CARD9,MAPK3
233,1169,gene-gene,0.2226308399999999,CARD9,MAPK8
233,1397,gene-gene,0.296357738,CARD9,PIK3CB
233,1398,gene-gene,0.3151063086,CARD9,PIK3CD
233,1401,gene-gene,0.2474828654,CARD9,PIK3R2
233,1528,gene-gene,0.353793566,CARD9,PRKCD
237,1141,gene-gene,0.383180614,CASP3,MAP3K1
237,1336,gene-gene,0.242828258,CASP3,PAK2
237,1822,gene-gene,0.3304995028,CASP3,STK3
237,1823,gene-gene,0.227466002,CASP3,STK4
237,241,gene-gene,0.214080998,CASP3,CASP8
237,589,gene-gene,0.2600961039999999,CASP3,FADD
237,1396,gene-gene,0.328959516,CASP3,PIK3CA
237,1397,gene-gene,0.516239954,CASP3,PIK3CB
237,1398,gene-gene,0.32745156,CASP3,PIK3CD
237,1400,gene-gene,0.3734530219999999,CASP3,PIK3R1
237,1401,gene-gene,0.51417466,CASP3,PIK3R2
237,1402,gene-gene,0.36565682,CASP3,PIK3R3
237,1928,gene-gene,0.2011117683999999,CASP3,TRADD
241,349,gene-gene,0.245326482,CASP8,CHUK
241,876,gene-gene,0.238295446,CASP8,IKBKB
249,538,gene-gene,0.2854057,CBL,EGFR
250,657,gene-gene,0.4232969279999999,CBLB,FYN
250,1071,gene-gene,0.418248102,CBLB,LCK
250,2011,gene-gene,0.301678474,CBLB,ZAP70
250,538,gene-gene,0.391872218,CBLB,EGFR
250,942,gene-gene,0.2538489914,CBLB,INSR
254,640,gene-gene,0.2475802212,CCL11,FOS
254,641,gene-gene,0.296902136,CCL11,FOSB
254,642,gene-gene,0.2222996408,CCL11,FOSL1
254,990,gene-gene,0.259346382,CCL11,JUN
254,991,gene-gene,0.2163863248,CCL11,JUND
254,1268,gene-gene,0.435189688,CCL11,NFKB1
254,1631,gene-gene,0.23262463,CCL11,RELA
259,642,gene-gene,0.2323402788,CCL17,FOSL1
259,991,gene-gene,0.2421311059999999,CCL17,JUND
259,1268,gene-gene,0.4903622399999999,CCL17,NFKB1
259,1631,gene-gene,0.204691772,CCL17,RELA
262,641,gene-gene,0.29027018,CCL2,FOSB
262,642,gene-gene,0.237340278,CCL2,FOSL1
262,991,gene-gene,0.28707519,CCL2,JUND
262,1268,gene-gene,0.467301162,CCL2,NFKB1
263,640,gene-gene,0.2092281349999999,CCL20,FOS
263,642,gene-gene,0.2683776439999999,CCL20,FOSL1
263,991,gene-gene,0.2224430299999999,CCL20,JUND
263,1268,gene-gene,0.4116711999999999,CCL20,NFKB1
263,1631,gene-gene,0.296578302,CCL20,RELA
265,1268,gene-gene,0.455120842,CCL22,NFKB1
272,640,gene-gene,0.2165909423999999,CCL3,FOS
272,950,gene-gene,0.219436502,CCL3,IRF5
272,990,gene-gene,0.2617903119999999,CCL3,JUN
272,1268,gene-gene,0.395679366,CCL3,NFKB1
272,1631,gene-gene,0.282030262,CCL3,RELA
273,640,gene-gene,0.246151462,CCL3L1,FOS
273,990,gene-gene,0.2266623106,CCL3L1,JUN
273,1268,gene-gene,0.458141096,CCL3L1,NFKB1
273,1631,gene-gene,0.324500352,CCL3L1,RELA
274,640,gene-gene,0.2245740571999999,CCL3L3,FOS
274,950,gene-gene,0.2365944741399999,CCL3L3,IRF5
274,1268,gene-gene,0.4078461779999999,CCL3L3,NFKB1
275,640,gene-gene,0.273261302,CCL4,FOS
275,950,gene-gene,0.2155479598,CCL4,IRF5
275,990,gene-gene,0.2323953408,CCL4,JUN
275,1268,gene-gene,0.5133852400000001,CCL4,NFKB1
275,1631,gene-gene,0.241453223,CCL4,RELA
276,1268,gene-gene,0.30213792,CCL4L1,NFKB1
277,1268,gene-gene,0.4441700039999999,CCL4L2,NFKB1
277,1631,gene-gene,0.2077660019999999,CCL4L2,RELA
278,990,gene-gene,0.285854764,CCL5,JUN
278,1268,gene-gene,0.507024766,CCL5,NFKB1
279,641,gene-gene,0.259669408,CCL7,FOSB
279,642,gene-gene,0.290526592,CCL7,FOSL1
279,990,gene-gene,0.2402551114,CCL7,JUN
279,991,gene-gene,0.2424195902,CCL7,JUND
279,1268,gene-gene,0.55490927,CCL7,NFKB1
279,1631,gene-gene,0.259672282,CCL7,RELA
285,286,gene-gene,0.310245136,CCND1,CCND2
285,287,gene-gene,0.2489720329999999,CCND1,CCND3
285,327,gene-gene,0.206859802,CCND1,CDK4
285,643,gene-gene,0.22882365,CCND1,FOXO1
285,700,gene-gene,0.222675864,CCND1,GLI1
285,701,gene-gene,0.325247548,CCND1,GLI2
285,702,gene-gene,0.234218306,CCND1,GLI3
285,1158,gene-gene,0.3742581399999999,CCND1,MAPK1
285,1165,gene-gene,0.2138579968,CCND1,MAPK3
285,1168,gene-gene,0.2670739059999999,CCND1,MAPK7
285,1268,gene-gene,0.491534646,CCND1,NFKB1
285,1631,gene-gene,0.227835542,CCND1,RELA
285,1813,gene-gene,0.341683622,CCND1,STAT3
285,1815,gene-gene,0.2337904214,CCND1,STAT5A
285,1816,gene-gene,0.5848622800000001,CCND1,STAT5B
285,1817,gene-gene,0.2443960144,CCND1,STAT6
285,1884,gene-gene,0.2314667839999999,CCND1,THRB
286,700,gene-gene,0.206986202,CCND2,GLI1
286,701,gene-gene,0.2207931154,CCND2,GLI2
286,702,gene-gene,0.3173837579999999,CCND2,GLI3
286,1812,gene-gene,0.248099681,CCND2,STAT2
286,1813,gene-gene,0.284311808,CCND2,STAT3
286,1814,gene-gene,0.209527544,CCND2,STAT4
286,1815,gene-gene,0.2521254684,CCND2,STAT5A
286,1816,gene-gene,0.287169688,CCND2,STAT5B
286,1817,gene-gene,0.2080857108,CCND2,STAT6
287,289,gene-gene,0.2019682608,CCND3,CCNE2
287,1813,gene-gene,0.298675284,CCND3,STAT3
287,1814,gene-gene,0.224198041,CCND3,STAT4
287,1815,gene-gene,0.2438540688,CCND3,STAT5A
287,1816,gene-gene,0.619585044,CCND3,STAT5B
287,1817,gene-gene,0.2105740666,CCND3,STAT6
288,329,gene-gene,0.2146369791999999,CCNE1,CDKN1A
291,1922,gene-gene,0.2121792,CCNG2,TP53
295,710,gene-gene,0.201600092,CCR3,GNAI2
303,1396,gene-gene,0.23753899,CD19,PIK3CA
303,1398,gene-gene,0.3119773972,CD19,PIK3CD
303,1402,gene-gene,0.2450193876,CD19,PIK3R3
303,1126,gene-gene,0.3811136292,CD19,LYN
307,1397,gene-gene,0.2388757319999999,CD28,PIK3CB
307,1398,gene-gene,0.2962567014,CD28,PIK3CD
307,1400,gene-gene,0.227694558,CD28,PIK3R1
308,1464,gene-gene,0.443433668,CD36,PPARG
308,1512,gene-gene,0.406087226,CD36,PRKAA1
308,1513,gene-gene,0.235694046,CD36,PRKAA2
308,1514,gene-gene,0.3301334299999999,CD36,PRKAB1
308,1519,gene-gene,0.2618924046,CD36,PRKAG1
308,1520,gene-gene,0.363488264,CD36,PRKAG2
308,1521,gene-gene,0.304413744,CD36,PRKAG3
308,1687,gene-gene,0.581102972,CD36,RXRA
308,1688,gene-gene,0.521520576,CD36,RXRB
308,1689,gene-gene,0.483578504,CD36,RXRG
309,1526,gene-gene,0.238052564,CD38,PRKCA
309,1527,gene-gene,0.2188655719999999,CD38,PRKCB
310,657,gene-gene,0.40084374,CD3E,FYN
311,1071,gene-gene,0.482371468,CD4,LCK
314,1126,gene-gene,0.270812458,CD79A,LYN
315,1126,gene-gene,0.302031208,CD79B,LYN
319,1071,gene-gene,0.464712084,CD8A,LCK
320,1071,gene-gene,0.300340712,CD8B,LCK
321,1162,gene-gene,0.224961632,CDC25B,MAPK13
321,1163,gene-gene,0.5508359159999999,CDC25B,MAPK14
323,1159,gene-gene,0.2126845296,CDC42,MAPK10
323,1160,gene-gene,0.281727954,CDC42,MAPK11
323,1163,gene-gene,0.51379611,CDC42,MAPK14
323,1274,gene-gene,0.3394691796,CDC42,NGFR
323,1801,gene-gene,0.402057958,CDC42,SRC
327,1266,gene-gene,0.21274667,CDK4,NFATC3
327,1268,gene-gene,0.448828722,CDK4,NFKB1
327,1631,gene-gene,0.28563866,CDK4,RELA
329,391,gene-gene,0.343664286,CDKN1A,CREBBP
329,563,gene-gene,0.2655467032,CDKN1A,EP300
329,797,gene-gene,0.29175019,CDKN1A,HIF1A
329,1158,gene-gene,0.331005314,CDKN1A,MAPK1
329,1811,gene-gene,0.37100366,CDKN1A,STAT1
329,1813,gene-gene,0.2103455522,CDKN1A,STAT3
329,1814,gene-gene,0.32484371,CDKN1A,STAT4
329,1815,gene-gene,0.2759457372,CDKN1A,STAT5A
329,1816,gene-gene,0.51530566,CDKN1A,STAT5B
329,1817,gene-gene,0.395134504,CDKN1A,STAT6
329,1922,gene-gene,0.378674108,CDKN1A,TP53
332,1795,gene-gene,0.2417983932,CDKN2B,SP1
335,397,gene-gene,0.267045217,CEBPB,CSF2
335,399,gene-gene,0.302625652,CEBPB,CSF3
335,432,gene-gene,0.2481530968,CEBPB,CXCL1
335,439,gene-gene,0.284899938,CEBPB,CXCL2
335,442,gene-gene,0.2246322448,CEBPB,CXCL6
335,443,gene-gene,0.352581992,CEBPB,CXCL8
335,475,gene-gene,0.2770831649999999,CEBPB,DEFB4A
335,476,gene-gene,0.333163918,CEBPB,DEFB4B
335,926,gene-gene,0.29006077,CEBPB,IL6
335,1216,gene-gene,0.27932587,CEBPB,MMP1
335,1217,gene-gene,0.278336702,CEBPB,MMP13
335,1222,gene-gene,0.28301961,CEBPB,MMP9
335,1232,gene-gene,0.2073878912,CEBPB,MUC5B
335,1556,gene-gene,0.684537492,CEBPB,PTGS2
335,1696,gene-gene,0.233634902,CEBPB,S100A8
335,1697,gene-gene,0.27345326,CEBPB,S100A9
335,1905,gene-gene,0.2916559834,CEBPB,TNF
335,1158,gene-gene,0.3331822619999999,CEBPB,MAPK1
335,1160,gene-gene,0.625694202,CEBPB,MAPK11
335,1161,gene-gene,0.352334102,CEBPB,MAPK12
335,1162,gene-gene,0.514549746,CEBPB,MAPK13
335,1163,gene-gene,0.374816168,CEBPB,MAPK14
335,1165,gene-gene,0.379785884,CEBPB,MAPK3
335,1935,gene-gene,0.222035378,CEBPB,TRAF6
337,1268,gene-gene,0.388151826,CFLAR,NFKB1
337,1631,gene-gene,0.2384056668,CFLAR,RELA
338,1512,gene-gene,0.2486120334,CFTR,PRKAA1
338,1514,gene-gene,0.2711464968,CFTR,PRKAB1
338,1515,gene-gene,0.2347389919999999,CFTR,PRKAB2
338,1520,gene-gene,0.257504774,CFTR,PRKAG2
342,1922,gene-gene,0.2392465932,CHEK1,TP53
343,1922,gene-gene,0.2519593631,CHEK2,TP53
349,643,gene-gene,0.250672086,CHUK,FOXO1
349,644,gene-gene,0.2239540863999999,CHUK,FOXO3
349,953,gene-gene,0.373764662,CHUK,IRS1
349,954,gene-gene,0.294665996,CHUK,IRS2
349,1231,gene-gene,0.549180452,CHUK,MTOR
349,1268,gene-gene,0.547823316,CHUK,NFKB1
349,1269,gene-gene,0.320443676,CHUK,NFKB2
349,1551,gene-gene,0.228837915,CHUK,PTEN
349,1631,gene-gene,0.3334427789999999,CHUK,RELA
349,1141,gene-gene,0.316649433,CHUK,MAP3K1
349,1145,gene-gene,0.231658206,CHUK,MAP3K14
349,1366,gene-gene,0.5441852340000001,CHUK,PDPK1
349,1930,gene-gene,0.38328342,CHUK,TRAF2
350,1258,gene-gene,0.2788563659999999,CIR1,NCOR2
350,1625,gene-gene,0.2917105989999999,CIR1,RBPJL
350,783,gene-gene,0.6249810960000001,CIR1,HDAC1
350,784,gene-gene,0.49953303,CIR1,HDAC2
351,1811,gene-gene,0.298378706,CISH,STAT1
351,1812,gene-gene,0.2532516676,CISH,STAT2
351,1814,gene-gene,0.305161322,CISH,STAT4
351,1815,gene-gene,0.265834806,CISH,STAT5A
351,1816,gene-gene,0.5088409779999999,CISH,STAT5B
351,1817,gene-gene,0.2383111239999999,CISH,STAT6
351,1813,gene-gene,0.3564605,CISH,STAT3
358,1231,gene-gene,0.456232018,CLIP1,MTOR
359,713,gene-gene,0.235113317,CNR1,GNAO1
360,538,gene-gene,0.2104116128,CNTF,EGFR
360,1362,gene-gene,0.405925934,CNTF,PDGFRB
362,1766,gene-gene,0.20520359,COL1A1,SMAD2
362,1813,gene-gene,0.219189662,COL1A1,STAT3
363,1811,gene-gene,0.2459268,COL1A2,STAT1
363,1813,gene-gene,0.200300828,COL1A2,STAT3
380,384,gene-gene,0.24479845,CPT1A,CREB1
380,385,gene-gene,0.311455554,CPT1A,CREB3
380,386,gene-gene,0.27106171,CPT1A,CREB3L1
380,387,gene-gene,0.216696652,CPT1A,CREB3L2
380,388,gene-gene,0.2218000571999999,CPT1A,CREB3L3
380,389,gene-gene,0.36830361,CPT1A,CREB3L4
380,391,gene-gene,0.2691404979999999,CPT1A,CREBBP
380,563,gene-gene,0.2247714014,CPT1A,EP300
380,1462,gene-gene,0.238703918,CPT1A,PPARA
380,1463,gene-gene,0.337925122,CPT1A,PPARD
380,1464,gene-gene,0.2477202948,CPT1A,PPARG
380,1687,gene-gene,0.503099316,CPT1A,RXRA
380,1688,gene-gene,0.349026908,CPT1A,RXRB
380,1689,gene-gene,0.615026942,CPT1A,RXRG
380,1813,gene-gene,0.340697322,CPT1A,STAT3
381,388,gene-gene,0.389765218,CPT1B,CREB3L3
381,389,gene-gene,0.2451689039999999,CPT1B,CREB3L4
381,391,gene-gene,0.2525953812,CPT1B,CREBBP
381,1462,gene-gene,0.266039016,CPT1B,PPARA
381,1463,gene-gene,0.420684206,CPT1B,PPARD
381,1464,gene-gene,0.2259705209999999,CPT1B,PPARG
381,1687,gene-gene,0.571502164,CPT1B,RXRA
381,1688,gene-gene,0.40743573,CPT1B,RXRB
381,1689,gene-gene,0.625225324,CPT1B,RXRG
381,1813,gene-gene,0.283338641,CPT1B,STAT3
382,384,gene-gene,0.21841664,CPT1C,CREB1
382,385,gene-gene,0.272779752,CPT1C,CREB3
382,386,gene-gene,0.213216238,CPT1C,CREB3L1
382,388,gene-gene,0.312060546,CPT1C,CREB3L3
382,391,gene-gene,0.2528659914,CPT1C,CREBBP
382,1462,gene-gene,0.2098131276,CPT1C,PPARA
382,1463,gene-gene,0.276384426,CPT1C,PPARD
382,1687,gene-gene,0.392688134,CPT1C,RXRA
382,1688,gene-gene,0.404719244,CPT1C,RXRB
382,1689,gene-gene,0.430373664,CPT1C,RXRG
383,1462,gene-gene,0.202031036,CPT2,PPARA
383,1687,gene-gene,0.496869888,CPT2,RXRA
383,1688,gene-gene,0.2909951679999999,CPT2,RXRB
383,1689,gene-gene,0.555227684,CPT2,RXRG
384,386,gene-gene,0.329708362,CREB1,CREB3L1
384,387,gene-gene,0.3016936659999999,CREB1,CREB3L2
384,388,gene-gene,0.284464964,CREB1,CREB3L3
384,389,gene-gene,0.327289334,CREB1,CREB3L4
384,390,gene-gene,0.281303344,CREB1,CREB5
384,391,gene-gene,0.300241096,CREB1,CREBBP
384,563,gene-gene,0.358804636,CREB1,EP300
384,640,gene-gene,0.261275598,CREB1,FOS
384,1183,gene-gene,0.2173177248,CREB1,MCL1
384,1968,gene-gene,0.3931552379999999,CREB1,VEGFA
384,1969,gene-gene,0.2194162989999999,CREB1,VEGFB
384,1970,gene-gene,0.2255435972,CREB1,VEGFC
384,385,gene-gene,0.339649859,CREB1,CREB3
384,1158,gene-gene,0.45763021,CREB1,MAPK1
384,1165,gene-gene,0.432341912,CREB1,MAPK3
384,1471,gene-gene,0.2499624933999999,CREB1,PPP1CA
384,1472,gene-gene,0.2472179384,CREB1,PPP1CB
384,1518,gene-gene,0.229869687,CREB1,PRKACG
384,1666,gene-gene,0.283306224,CREB1,RPS6KA4
385,386,gene-gene,0.238335054,CREB3,CREB3L1
385,387,gene-gene,0.24002343,CREB3,CREB3L2
385,388,gene-gene,0.20781204,CREB3,CREB3L3
385,389,gene-gene,0.352811854,CREB3,CREB3L4
385,391,gene-gene,0.2297051071999999,CREB3,CREBBP
385,563,gene-gene,0.413073498,CREB3,EP300
385,640,gene-gene,0.338122008,CREB3,FOS
385,990,gene-gene,0.3096837624,CREB3,JUN
385,1183,gene-gene,0.326541484,CREB3,MCL1
385,1344,gene-gene,0.2198996774,CREB3,PCK1
385,1345,gene-gene,0.2341137594,CREB3,PCK2
385,1968,gene-gene,0.32328599,CREB3,VEGFA
385,1969,gene-gene,0.2721093626,CREB3,VEGFB
385,1158,gene-gene,0.32200224,CREB3,MAPK1
385,1165,gene-gene,0.3062763739999999,CREB3,MAPK3
385,1667,gene-gene,0.226592698,CREB3,RPS6KA5
386,390,gene-gene,0.261240372,CREB3L1,CREB5
386,640,gene-gene,0.274976464,CREB3L1,FOS
386,668,gene-gene,0.2178266355999999,CREB3L1,G6PC2
386,990,gene-gene,0.328649302,CREB3L1,JUN
386,1344,gene-gene,0.24315234,CREB3L1,PCK1
386,1345,gene-gene,0.20823461,CREB3L1,PCK2
386,1968,gene-gene,0.2673164877999999,CREB3L1,VEGFA
386,1969,gene-gene,0.284950484,CREB3L1,VEGFB
386,1970,gene-gene,0.323867794,CREB3L1,VEGFC
386,387,gene-gene,0.33077684,CREB3L1,CREB3L2
386,388,gene-gene,0.299382216,CREB3L1,CREB3L3
386,391,gene-gene,0.381835725,CREB3L1,CREBBP
386,1158,gene-gene,0.3412654445999999,CREB3L1,MAPK1
386,1165,gene-gene,0.352428128,CREB3L1,MAPK3
386,1471,gene-gene,0.292144382,CREB3L1,PPP1CA
386,1516,gene-gene,0.2057296377999999,CREB3L1,PRKACA
387,388,gene-gene,0.4343333219999999,CREB3L2,CREB3L3
387,390,gene-gene,0.36121278,CREB3L2,CREB5
387,640,gene-gene,0.352507798,CREB3L2,FOS
387,668,gene-gene,0.338130486,CREB3L2,G6PC2
387,990,gene-gene,0.32524173,CREB3L2,JUN
387,1183,gene-gene,0.236360338,CREB3L2,MCL1
387,1344,gene-gene,0.3874456599999999,CREB3L2,PCK1
387,1345,gene-gene,0.276487174,CREB3L2,PCK2
387,1968,gene-gene,0.375607942,CREB3L2,VEGFA
387,1969,gene-gene,0.241096174,CREB3L2,VEGFB
387,1970,gene-gene,0.3105166154,CREB3L2,VEGFC
387,389,gene-gene,0.329769528,CREB3L2,CREB3L4
387,391,gene-gene,0.291925478,CREB3L2,CREBBP
387,1158,gene-gene,0.252413006,CREB3L2,MAPK1
387,1165,gene-gene,0.395785432,CREB3L2,MAPK3
387,1471,gene-gene,0.2126231208,CREB3L2,PPP1CA
387,1516,gene-gene,0.2250556159999999,CREB3L2,PRKACA
387,1538,gene-gene,0.33665023,CREB3L2,PRKG2
387,1666,gene-gene,0.3027615959999999,CREB3L2,RPS6KA4
387,1667,gene-gene,0.23029697,CREB3L2,RPS6KA5
388,390,gene-gene,0.275718098,CREB3L3,CREB5
388,394,gene-gene,0.2025875156,CREB3L3,CRTC2
388,640,gene-gene,0.465601892,CREB3L3,FOS
388,668,gene-gene,0.3076142979999999,CREB3L3,G6PC2
388,990,gene-gene,0.4308502019999999,CREB3L3,JUN
388,1183,gene-gene,0.226086194,CREB3L3,MCL1
388,1344,gene-gene,0.286383208,CREB3L3,PCK1
388,1345,gene-gene,0.3089696,CREB3L3,PCK2
388,1740,gene-gene,0.2371955128,CREB3L3,SIK1
388,1968,gene-gene,0.4541221239999999,CREB3L3,VEGFA
388,1969,gene-gene,0.203718298,CREB3L3,VEGFB
388,1970,gene-gene,0.513707976,CREB3L3,VEGFC
388,389,gene-gene,0.33539821,CREB3L3,CREB3L4
388,391,gene-gene,0.2029862528,CREB3L3,CREBBP
388,563,gene-gene,0.25607399,CREB3L3,EP300
388,1158,gene-gene,0.344245922,CREB3L3,MAPK1
388,1165,gene-gene,0.20734854,CREB3L3,MAPK3
388,1517,gene-gene,0.214920229,CREB3L3,PRKACB
388,1538,gene-gene,0.249599063,CREB3L3,PRKG2
388,1666,gene-gene,0.205268108,CREB3L3,RPS6KA4
388,1667,gene-gene,0.315881158,CREB3L3,RPS6KA5
389,390,gene-gene,0.256955898,CREB3L4,CREB5
389,640,gene-gene,0.25859513,CREB3L4,FOS
389,990,gene-gene,0.279686384,CREB3L4,JUN
389,1344,gene-gene,0.2173673228,CREB3L4,PCK1
389,1969,gene-gene,0.2131661863999999,CREB3L4,VEGFB
389,1970,gene-gene,0.332925988,CREB3L4,VEGFC
389,391,gene-gene,0.336446672,CREB3L4,CREBBP
389,1158,gene-gene,0.329749736,CREB3L4,MAPK1
389,1165,gene-gene,0.389662626,CREB3L4,MAPK3
389,1666,gene-gene,0.305436898,CREB3L4,RPS6KA4
390,640,gene-gene,0.2813322798,CREB5,FOS
390,668,gene-gene,0.2082271144,CREB5,G6PC2
390,990,gene-gene,0.31674406,CREB5,JUN
390,1344,gene-gene,0.2190554618,CREB5,PCK1
390,1345,gene-gene,0.240921544,CREB5,PCK2
390,1968,gene-gene,0.362535292,CREB5,VEGFA
390,1970,gene-gene,0.221486989,CREB5,VEGFC
390,391,gene-gene,0.244446408,CREB5,CREBBP
390,563,gene-gene,0.39079362,CREB5,EP300
390,1158,gene-gene,0.2185964467999999,CREB5,MAPK1
390,1165,gene-gene,0.260573755,CREB5,MAPK3
391,524,gene-gene,0.2105748908,CREBBP,EDN1
391,537,gene-gene,0.266599778,CREBBP,EGF
391,559,gene-gene,0.345347648,CREBBP,ENO1
391,563,gene-gene,0.2314126284,CREBBP,EP300
391,565,gene-gene,0.2039380583999999,CREBBP,EPO
391,632,gene-gene,0.2438234899999999,CREBBP,FLT1
391,681,gene-gene,0.2031502211999999,CREBBP,GAPDH
391,797,gene-gene,0.243612768,CREBBP,HIF1A
391,992,gene-gene,0.201811266,CREBBP,KAT2A
391,993,gene-gene,0.2515834732,CREBBP,KAT2B
391,1079,gene-gene,0.261978264,CREBBP,LEF1
391,1254,gene-gene,0.2482792609999999,CREBBP,NCOA1
391,1256,gene-gene,0.271966434,CREBBP,NCOA3
391,1291,gene-gene,0.212580393,CREBBP,NOS3
391,1344,gene-gene,0.2456151059999999,CREBBP,PCK1
391,1345,gene-gene,0.204976882,CREBBP,PCK2
391,1374,gene-gene,0.2171075139999999,CREBBP,PFKM
391,1624,gene-gene,0.3579056,CREBBP,RBPJ
391,1625,gene-gene,0.37263827,CREBBP,RBPJL
391,1687,gene-gene,0.628588438,CREBBP,RXRA
391,1688,gene-gene,0.443858978,CREBBP,RXRB
391,1689,gene-gene,0.493288322,CREBBP,RXRG
391,1713,gene-gene,0.223116699,CREBBP,SERPINE1
391,1811,gene-gene,0.281504164,CREBBP,STAT1
391,1812,gene-gene,0.226853688,CREBBP,STAT2
391,1813,gene-gene,0.453353384,CREBBP,STAT3
391,1814,gene-gene,0.291018292,CREBBP,STAT4
391,1815,gene-gene,0.283743354,CREBBP,STAT5A
391,1816,gene-gene,0.597280678,CREBBP,STAT5B
391,1817,gene-gene,0.2056331984,CREBBP,STAT6
391,1852,gene-gene,0.29948748,CREBBP,TCF7L2
391,1860,gene-gene,0.2176049234,CREBBP,TEK
391,1883,gene-gene,0.2305279186,CREBBP,THRA
391,1968,gene-gene,0.246999102,CREBBP,VEGFA
391,1255,gene-gene,0.420192314,CREBBP,NCOA2
391,1517,gene-gene,0.2264747437999999,CREBBP,PRKACB
392,393,gene-gene,0.4365492319999999,CRK,CRKL
392,538,gene-gene,0.315949836,CRK,EGFR
392,564,gene-gene,0.581502536,CRK,EPHA2
392,622,gene-gene,0.2261860259999999,CRK,FGFR1
392,623,gene-gene,0.4648541619999999,CRK,FGFR2
392,624,gene-gene,0.324205452,CRK,FGFR3
392,632,gene-gene,0.433457388,CRK,FLT1
392,635,gene-gene,0.31594325,CRK,FLT4
392,872,gene-gene,0.330779468,CRK,IGF1R
392,942,gene-gene,0.427462898,CRK,INSR
392,1010,gene-gene,0.299401478,CRK,KDR
392,1014,gene-gene,0.5140581340000001,CRK,KIT
392,1137,gene-gene,0.2003338079999999,CRK,MAP2K4
392,1159,gene-gene,0.373683656,CRK,MAPK10
392,1169,gene-gene,0.2911813079999999,CRK,MAPK8
392,1173,gene-gene,0.2864394179999999,CRK,MAPK9
392,1205,gene-gene,0.24104082,CRK,MET
392,1274,gene-gene,0.358888492,CRK,NGFR
392,1361,gene-gene,0.246781986,CRK,PDGFRA
392,1362,gene-gene,0.486167382,CRK,PDGFRB
392,1558,gene-gene,0.354375436,CRK,PTK2B
392,1860,gene-gene,0.471011138,CRK,TEK
393,1568,gene-gene,0.2319729167999999,CRKL,PXN
393,1596,gene-gene,0.2063620172,CRKL,RAPGEF1
393,1644,gene-gene,0.2168207165999999,CRKL,RHOQ
393,396,gene-gene,0.2016455709999999,CRKL,CSF1R
393,538,gene-gene,0.461806912,CRKL,EGFR
393,564,gene-gene,0.510507236,CRKL,EPHA2
393,622,gene-gene,0.23550108,CRKL,FGFR1
393,623,gene-gene,0.361775636,CRKL,FGFR2
393,625,gene-gene,0.290365318,CRKL,FGFR4
393,632,gene-gene,0.239190498,CRKL,FLT1
393,635,gene-gene,0.296730259,CRKL,FLT4
393,872,gene-gene,0.33562749,CRKL,IGF1R
393,942,gene-gene,0.2963499188,CRKL,INSR
393,1010,gene-gene,0.355939122,CRKL,KDR
393,1014,gene-gene,0.613766652,CRKL,KIT
393,1137,gene-gene,0.2305949648,CRKL,MAP2K4
393,1159,gene-gene,0.295000598,CRKL,MAPK10
393,1169,gene-gene,0.387636922,CRKL,MAPK8
393,1173,gene-gene,0.26033183,CRKL,MAPK9
393,1205,gene-gene,0.257661398,CRKL,MET
393,1274,gene-gene,0.28405649,CRKL,NGFR
393,1361,gene-gene,0.48304621,CRKL,PDGFRA
393,1362,gene-gene,0.612740044,CRKL,PDGFRB
393,1860,gene-gene,0.225805979,CRKL,TEK
395,396,gene-gene,0.275457982,CSF1,CSF1R
395,538,gene-gene,0.29244106,CSF1,EGFR
395,564,gene-gene,0.3197120652,CSF1,EPHA2
395,567,gene-gene,0.212664548,CSF1,ERBB2
395,568,gene-gene,0.2380520739999999,CSF1,ERBB3
395,623,gene-gene,0.28815084,CSF1,FGFR2
395,624,gene-gene,0.4043144608,CSF1,FGFR3
395,625,gene-gene,0.22328498,CSF1,FGFR4
395,872,gene-gene,0.366334044,CSF1,IGF1R
395,942,gene-gene,0.33693322,CSF1,INSR
395,1010,gene-gene,0.221664068,CSF1,KDR
395,1014,gene-gene,0.574484332,CSF1,KIT
395,1205,gene-gene,0.313931512,CSF1,MET
395,1274,gene-gene,0.2077679955999999,CSF1,NGFR
395,1318,gene-gene,0.378994928,CSF1,NTRK1
395,1319,gene-gene,0.2062611498,CSF1,NTRK2
395,1362,gene-gene,0.390880262,CSF1,PDGFRB
395,1860,gene-gene,0.265648342,CSF1,TEK
396,741,gene-gene,0.2425636739999999,CSF1R,GRB2
396,953,gene-gene,0.318711118,CSF1R,IRS1
396,1435,gene-gene,0.3066123739999999,CSF1R,PLCB1
396,1436,gene-gene,0.208164136,CSF1R,PLCB2
396,1437,gene-gene,0.367924194,CSF1R,PLCB3
396,1732,gene-gene,0.302580642,CSF1R,SHC1
396,1733,gene-gene,0.4328567,CSF1R,SHC2
396,1734,gene-gene,0.2275065859999999,CSF1R,SHC3
396,1735,gene-gene,0.296008704,CSF1R,SHC4
396,532,gene-gene,0.2246341046,CSF1R,EFNA1
396,533,gene-gene,0.3165859132,CSF1R,EFNA2
396,534,gene-gene,0.234426591,CSF1R,EFNA3
396,535,gene-gene,0.2429676124,CSF1R,EFNA4
396,536,gene-gene,0.355517376,CSF1R,EFNA5
396,571,gene-gene,0.2173777365999999,CSF1R,EREG
396,605,gene-gene,0.3184787619999999,CSF1R,FGF1
396,606,gene-gene,0.376137536,CSF1R,FGF10
396,607,gene-gene,0.287183744,CSF1R,FGF17
396,609,gene-gene,0.25346048,CSF1R,FGF19
396,610,gene-gene,0.454721852,CSF1R,FGF2
396,611,gene-gene,0.205221264,CSF1R,FGF20
396,614,gene-gene,0.223465526,CSF1R,FGF23
396,615,gene-gene,0.28023568,CSF1R,FGF3
396,617,gene-gene,0.3252243192,CSF1R,FGF5
396,618,gene-gene,0.2553458314,CSF1R,FGF6
396,619,gene-gene,0.200361124,CSF1R,FGF7
396,620,gene-gene,0.202221416,CSF1R,FGF8
396,621,gene-gene,0.36801541,CSF1R,FGF9
396,634,gene-gene,0.405231865,CSF1R,FLT3LG
396,871,gene-gene,0.216718452,CSF1R,IGF1
396,873,gene-gene,0.260077456,CSF1R,IGF2
396,939,gene-gene,0.2115264859999999,CSF1R,INS
396,1015,gene-gene,0.249506104,CSF1R,KITLG
396,1273,gene-gene,0.2294954092,CSF1R,NGF
396,1317,gene-gene,0.212005822,CSF1R,NTF4
396,1357,gene-gene,0.331120482,CSF1R,PDGFA
396,1358,gene-gene,0.249857694,CSF1R,PDGFB
396,1360,gene-gene,0.2735587906,CSF1R,PDGFD
396,1381,gene-gene,0.28785906,CSF1R,PGF
396,1867,gene-gene,0.2741976308,CSF1R,TGFA
396,1968,gene-gene,0.27540188,CSF1R,VEGFA
396,1969,gene-gene,0.270808956,CSF1R,VEGFB
396,1970,gene-gene,0.2388190508,CSF1R,VEGFC
397,538,gene-gene,0.34751413,CSF2,EGFR
397,1361,gene-gene,0.2092566189999999,CSF2,PDGFRA
397,1362,gene-gene,0.370742666,CSF2,PDGFRB
397,641,gene-gene,0.2349212976,CSF2,FOSB
397,642,gene-gene,0.3291572654,CSF2,FOSL1
397,990,gene-gene,0.2532436632,CSF2,JUN
397,991,gene-gene,0.259107594,CSF2,JUND
397,1264,gene-gene,0.256431274,CSF2,NFATC1
397,1265,gene-gene,0.2722358319999999,CSF2,NFATC2
397,1266,gene-gene,0.374011588,CSF2,NFATC3
397,1268,gene-gene,0.5942864400000001,CSF2,NFKB1
397,1631,gene-gene,0.248652432,CSF2,RELA
399,538,gene-gene,0.2230911567999999,CSF3,EGFR
399,1361,gene-gene,0.2142749662,CSF3,PDGFRA
399,1362,gene-gene,0.381974938,CSF3,PDGFRB
399,640,gene-gene,0.25044655,CSF3,FOS
399,641,gene-gene,0.268752846,CSF3,FOSB
399,990,gene-gene,0.2532762739999999,CSF3,JUN
399,991,gene-gene,0.209968568,CSF3,JUND
399,1268,gene-gene,0.508282576,CSF3,NFKB1
399,1631,gene-gene,0.233320574,CSF3,RELA
401,538,gene-gene,0.326623419,CSH1,EGFR
401,1362,gene-gene,0.348459658,CSH1,PDGFRB
402,538,gene-gene,0.251256372,CSH2,EGFR
402,1362,gene-gene,0.373724972,CSH2,PDGFRB
403,1811,gene-gene,0.278040192,CSN2,STAT1
403,1813,gene-gene,0.322722476,CSN2,STAT3
403,1815,gene-gene,0.2066605316,CSN2,STAT5A
403,1816,gene-gene,0.485469804,CSN2,STAT5B
415,416,gene-gene,0.357792128,CTBP1,CTBP2
415,783,gene-gene,0.4894961679999999,CTBP1,HDAC1
415,784,gene-gene,0.636597804,CTBP1,HDAC2
415,1079,gene-gene,0.219970234,CTBP1,LEF1
415,1624,gene-gene,0.22902714,CTBP1,RBPJ
415,1625,gene-gene,0.279578242,CTBP1,RBPJL
416,783,gene-gene,0.521709546,CTBP2,HDAC1
416,784,gene-gene,0.515314772,CTBP2,HDAC2
416,1624,gene-gene,0.2364793888,CTBP2,RBPJ
416,1625,gene-gene,0.3826053619999999,CTBP2,RBPJL
416,1852,gene-gene,0.2661549468,CTBP2,TCF7L2
417,538,gene-gene,0.377793206,CTF1,EGFR
417,1362,gene-gene,0.39812548,CTF1,PDGFRB
422,1883,gene-gene,0.2473510966,CTNNB1,THRA
427,572,gene-gene,0.519499492,CTSD,ESR1
427,573,gene-gene,0.267527278,CTSD,ESR2
427,1254,gene-gene,0.26791844,CTSD,NCOA1
427,1255,gene-gene,0.329607892,CTSD,NCOA2
427,1256,gene-gene,0.410921332,CTSD,NCOA3
431,709,gene-gene,0.208481359,CX3CR1,GNAI1
432,640,gene-gene,0.2390484379999999,CXCL1,FOS
432,990,gene-gene,0.2630187385999999,CXCL1,JUN
432,1268,gene-gene,0.460753768,CXCL1,NFKB1
433,991,gene-gene,0.219822526,CXCL10,JUND
433,1268,gene-gene,0.52503279,CXCL10,NFKB1
433,1811,gene-gene,0.323479798,CXCL10,STAT1
439,640,gene-gene,0.2665863426,CXCL2,FOS
439,1268,gene-gene,0.38166498,CXCL2,NFKB1
440,640,gene-gene,0.425734188,CXCL3,FOS
440,990,gene-gene,0.238871427,CXCL3,JUN
440,991,gene-gene,0.2113100089,CXCL3,JUND
440,1268,gene-gene,0.4074993779999999,CXCL3,NFKB1
440,1631,gene-gene,0.3930105456,CXCL3,RELA
441,640,gene-gene,0.2591936948,CXCL5,FOS
441,641,gene-gene,0.366115824,CXCL5,FOSB
441,642,gene-gene,0.334847268,CXCL5,FOSL1
441,990,gene-gene,0.2401968619999999,CXCL5,JUN
441,991,gene-gene,0.2247427972,CXCL5,JUND
441,1268,gene-gene,0.472473246,CXCL5,NFKB1
442,640,gene-gene,0.255828061,CXCL6,FOS
442,642,gene-gene,0.226475273,CXCL6,FOSL1
442,1268,gene-gene,0.414278994,CXCL6,NFKB1
443,640,gene-gene,0.21824274,CXCL8,FOS
443,642,gene-gene,0.26978775,CXCL8,FOSL1
443,990,gene-gene,0.264062066,CXCL8,JUN
443,1268,gene-gene,0.36156357,CXCL8,NFKB1
443,1631,gene-gene,0.342169874,CXCL8,RELA
446,1438,gene-gene,0.281171228,CXCR2,PLCB4
454,1464,gene-gene,0.2056083571999999,CYP27A1,PPARG
454,1687,gene-gene,0.725204394,CYP27A1,RXRA
454,1688,gene-gene,0.37459747,CYP27A1,RXRB
454,1689,gene-gene,0.529247112,CYP27A1,RXRG
455,1687,gene-gene,0.279764192,CYP7A1,RXRA
455,1688,gene-gene,0.358905348,CYP7A1,RXRB
455,1689,gene-gene,0.450405278,CYP7A1,RXRG
456,1687,gene-gene,0.6090537580000001,CYP8B1,RXRA
456,1688,gene-gene,0.516874442,CYP8B1,RXRB
456,1689,gene-gene,0.450966096,CYP8B1,RXRG
462,1643,gene-gene,0.2437199179999999,DAAM1,RHOA
465,1126,gene-gene,0.505523274,DAPP1,LYN
467,1462,gene-gene,0.2183058628,DBI,PPARA
467,1687,gene-gene,0.750131446,DBI,RXRA
467,1688,gene-gene,0.404530332,DBI,RXRB
467,1689,gene-gene,0.560894864,DBI,RXRG
472,1160,gene-gene,0.236149476,DDIT3,MAPK11
472,1161,gene-gene,0.268657216,DDIT3,MAPK12
472,1162,gene-gene,0.491018368,DDIT3,MAPK13
472,1163,gene-gene,0.556673608,DDIT3,MAPK14
475,640,gene-gene,0.316763932,DEFB4A,FOS
475,641,gene-gene,0.2359046779999999,DEFB4A,FOSB
475,642,gene-gene,0.218539934,DEFB4A,FOSL1
475,991,gene-gene,0.21856798,DEFB4A,JUND
475,1268,gene-gene,0.5201272880000001,DEFB4A,NFKB1
476,641,gene-gene,0.268821342,DEFB4B,FOSB
476,642,gene-gene,0.2214037546,DEFB4B,FOSL1
476,990,gene-gene,0.297490686,DEFB4B,JUN
476,1268,gene-gene,0.434786116,DEFB4B,NFKB1
476,1631,gene-gene,0.3224675,DEFB4B,RELA
478,1231,gene-gene,0.696898942,DEPTOR,MTOR
487,1163,gene-gene,0.514472226,DLG1,MAPK14
487,2011,gene-gene,0.2501826399999999,DLG1,ZAP70
495,555,gene-gene,0.2036171699999999,DOCK2,ELMO1
495,626,gene-gene,0.37060644,DOCK2,FGR
495,1126,gene-gene,0.640719336,DOCK2,LYN
495,1801,gene-gene,0.5250171800000001,DOCK2,SRC
505,1158,gene-gene,0.2559307979999999,DUSP1,MAPK1
505,1165,gene-gene,0.2359249849999999,DUSP1,MAPK3
506,1158,gene-gene,0.2427865554,DUSP10,MAPK1
506,1162,gene-gene,0.231727465,DUSP10,MAPK13
506,1163,gene-gene,0.46850277,DUSP10,MAPK14
506,1165,gene-gene,0.246931256,DUSP10,MAPK3
506,1169,gene-gene,0.261898488,DUSP10,MAPK8
506,1173,gene-gene,0.240083828,DUSP10,MAPK9
507,1159,gene-gene,0.282252464,DUSP16,MAPK10
507,1161,gene-gene,0.233659132,DUSP16,MAPK12
507,1162,gene-gene,0.306381826,DUSP16,MAPK13
507,1163,gene-gene,0.4262345892,DUSP16,MAPK14
507,1165,gene-gene,0.32459674,DUSP16,MAPK3
507,1169,gene-gene,0.203682588,DUSP16,MAPK8
508,1158,gene-gene,0.2253826762,DUSP2,MAPK1
508,1160,gene-gene,0.280971582,DUSP2,MAPK11
508,1162,gene-gene,0.317320516,DUSP2,MAPK13
508,1163,gene-gene,0.4138967919999999,DUSP2,MAPK14
508,1165,gene-gene,0.23691143,DUSP2,MAPK3
508,1169,gene-gene,0.2257263228,DUSP2,MAPK8
509,1158,gene-gene,0.2161373096,DUSP3,MAPK1
509,1163,gene-gene,0.605485352,DUSP3,MAPK14
509,1165,gene-gene,0.227410926,DUSP3,MAPK3
509,1169,gene-gene,0.3115457755999999,DUSP3,MAPK8
510,1158,gene-gene,0.264907936,DUSP4,MAPK1
510,1159,gene-gene,0.2091487788,DUSP4,MAPK10
510,1160,gene-gene,0.273655384,DUSP4,MAPK11
510,1162,gene-gene,0.247056398,DUSP4,MAPK13
510,1163,gene-gene,0.4623861459999999,DUSP4,MAPK14
510,1165,gene-gene,0.2519631634,DUSP4,MAPK3
510,1169,gene-gene,0.3073850139999999,DUSP4,MAPK8
510,1173,gene-gene,0.3705667828,DUSP4,MAPK9
511,1160,gene-gene,0.2306785734,DUSP5,MAPK11
511,1163,gene-gene,0.4119676399999999,DUSP5,MAPK14
511,1165,gene-gene,0.354348672,DUSP5,MAPK3
512,1158,gene-gene,0.284890904,DUSP6,MAPK1
512,1165,gene-gene,0.2625748068,DUSP6,MAPK3
513,1158,gene-gene,0.347088082,DUSP7,MAPK1
513,1159,gene-gene,0.343368212,DUSP7,MAPK10
513,1160,gene-gene,0.2253260334,DUSP7,MAPK11
513,1162,gene-gene,0.227210104,DUSP7,MAPK13
513,1163,gene-gene,0.5419778012,DUSP7,MAPK14
513,1165,gene-gene,0.2421569288,DUSP7,MAPK3
513,1173,gene-gene,0.328277382,DUSP7,MAPK9
514,1158,gene-gene,0.350099334,DUSP8,MAPK1
514,1159,gene-gene,0.2031546628,DUSP8,MAPK10
514,1162,gene-gene,0.2465395228,DUSP8,MAPK13
514,1163,gene-gene,0.52432023,DUSP8,MAPK14
514,1165,gene-gene,0.2472488551999999,DUSP8,MAPK3
514,1169,gene-gene,0.2464665479999999,DUSP8,MAPK8
514,1173,gene-gene,0.236243274,DUSP8,MAPK9
520,572,gene-gene,0.584889506,EBAG9,ESR1
520,573,gene-gene,0.3179435408,EBAG9,ESR2
520,1254,gene-gene,0.252939192,EBAG9,NCOA1
520,1255,gene-gene,0.273674166,EBAG9,NCOA2
520,1256,gene-gene,0.3289953359999999,EBAG9,NCOA3
524,563,gene-gene,0.2041120686,EDN1,EP300
524,990,gene-gene,0.265014716,EDN1,JUN
524,1219,gene-gene,0.316514064,EDN1,MMP2
524,1222,gene-gene,0.288055934,EDN1,MMP9
524,1268,gene-gene,0.374622644,EDN1,NFKB1
524,1631,gene-gene,0.237034914,EDN1,RELA
530,1520,gene-gene,0.266526608,EEF2K,PRKAG2
530,1526,gene-gene,0.2655412179999999,EEF2K,PRKCA
532,538,gene-gene,0.383237712,EFNA1,EGFR
532,564,gene-gene,0.632892148,EFNA1,EPHA2
532,567,gene-gene,0.257802092,EFNA1,ERBB2
532,569,gene-gene,0.377453128,EFNA1,ERBB4
532,623,gene-gene,0.572827596,EFNA1,FGFR2
532,624,gene-gene,0.2885312028,EFNA1,FGFR3
532,632,gene-gene,0.291903648,EFNA1,FLT1
532,633,gene-gene,0.37693629,EFNA1,FLT3
532,635,gene-gene,0.293915224,EFNA1,FLT4
532,1010,gene-gene,0.335813608,EFNA1,KDR
532,1014,gene-gene,0.475263166,EFNA1,KIT
532,1205,gene-gene,0.343166898,EFNA1,MET
532,1319,gene-gene,0.370243742,EFNA1,NTRK2
532,1362,gene-gene,0.337500588,EFNA1,PDGFRB
533,538,gene-gene,0.34251814,EFNA2,EGFR
533,564,gene-gene,0.444234482,EFNA2,EPHA2
533,567,gene-gene,0.261785022,EFNA2,ERBB2
533,568,gene-gene,0.2752005,EFNA2,ERBB3
533,569,gene-gene,0.2303374046,EFNA2,ERBB4
533,623,gene-gene,0.468521516,EFNA2,FGFR2
533,624,gene-gene,0.2344202279999999,EFNA2,FGFR3
533,625,gene-gene,0.296535022,EFNA2,FGFR4
533,633,gene-gene,0.2415295146,EFNA2,FLT3
533,635,gene-gene,0.3057595039999999,EFNA2,FLT4
533,872,gene-gene,0.2680850019999999,EFNA2,IGF1R
533,942,gene-gene,0.3560236639999999,EFNA2,INSR
533,1010,gene-gene,0.221711698,EFNA2,KDR
533,1014,gene-gene,0.4688774708,EFNA2,KIT
533,1318,gene-gene,0.297000312,EFNA2,NTRK1
533,1361,gene-gene,0.2553353708,EFNA2,PDGFRA
533,1362,gene-gene,0.392779356,EFNA2,PDGFRB
533,1860,gene-gene,0.3074448959999999,EFNA2,TEK
534,538,gene-gene,0.316851404,EFNA3,EGFR
534,564,gene-gene,0.546632808,EFNA3,EPHA2
534,567,gene-gene,0.2417211399999999,EFNA3,ERBB2
534,568,gene-gene,0.2660363092,EFNA3,ERBB3
534,569,gene-gene,0.35814239,EFNA3,ERBB4
534,622,gene-gene,0.2461261664,EFNA3,FGFR1
534,623,gene-gene,0.416284512,EFNA3,FGFR2
534,624,gene-gene,0.232340292,EFNA3,FGFR3
534,633,gene-gene,0.232861858,EFNA3,FLT3
534,872,gene-gene,0.3543698148,EFNA3,IGF1R
534,942,gene-gene,0.2445359852,EFNA3,INSR
534,1010,gene-gene,0.34937352,EFNA3,KDR
534,1014,gene-gene,0.4141057352,EFNA3,KIT
534,1205,gene-gene,0.388166708,EFNA3,MET
534,1274,gene-gene,0.30483852,EFNA3,NGFR
534,1361,gene-gene,0.2839829619999999,EFNA3,PDGFRA
534,1362,gene-gene,0.496763316,EFNA3,PDGFRB
534,1860,gene-gene,0.3173852704,EFNA3,TEK
535,538,gene-gene,0.296991332,EFNA4,EGFR
535,564,gene-gene,0.489981652,EFNA4,EPHA2
535,567,gene-gene,0.294345887,EFNA4,ERBB2
535,569,gene-gene,0.204550146,EFNA4,ERBB4
535,623,gene-gene,0.42270135,EFNA4,FGFR2
535,624,gene-gene,0.2344870112,EFNA4,FGFR3
535,632,gene-gene,0.2892166646,EFNA4,FLT1
535,633,gene-gene,0.282255952,EFNA4,FLT3
535,635,gene-gene,0.24505238,EFNA4,FLT4
535,872,gene-gene,0.2815760188,EFNA4,IGF1R
535,942,gene-gene,0.2730655119999999,EFNA4,INSR
535,1010,gene-gene,0.2464342768,EFNA4,KDR
535,1014,gene-gene,0.386013578,EFNA4,KIT
535,1205,gene-gene,0.245969622,EFNA4,MET
535,1274,gene-gene,0.2198843312,EFNA4,NGFR
535,1318,gene-gene,0.26514878,EFNA4,NTRK1
535,1361,gene-gene,0.285160286,EFNA4,PDGFRA
535,1362,gene-gene,0.375828216,EFNA4,PDGFRB
535,1860,gene-gene,0.28416808,EFNA4,TEK
536,538,gene-gene,0.324323584,EFNA5,EGFR
536,564,gene-gene,0.596591982,EFNA5,EPHA2
536,567,gene-gene,0.271328754,EFNA5,ERBB2
536,622,gene-gene,0.238667362,EFNA5,FGFR1
536,623,gene-gene,0.354614022,EFNA5,FGFR2
536,624,gene-gene,0.252744133,EFNA5,FGFR3
536,625,gene-gene,0.2582638986,EFNA5,FGFR4
536,632,gene-gene,0.261370802,EFNA5,FLT1
536,633,gene-gene,0.357106538,EFNA5,FLT3
536,635,gene-gene,0.35613075,EFNA5,FLT4
536,872,gene-gene,0.239611525,EFNA5,IGF1R
536,942,gene-gene,0.29145445,EFNA5,INSR
536,1010,gene-gene,0.2841161829999999,EFNA5,KDR
536,1014,gene-gene,0.6305256220000001,EFNA5,KIT
536,1205,gene-gene,0.3233239099999999,EFNA5,MET
536,1274,gene-gene,0.2119510164,EFNA5,NGFR
536,1318,gene-gene,0.2558041464,EFNA5,NTRK1
536,1319,gene-gene,0.2827232908,EFNA5,NTRK2
536,1361,gene-gene,0.2183496948,EFNA5,PDGFRA
536,1362,gene-gene,0.342753274,EFNA5,PDGFRB
536,1860,gene-gene,0.320542448,EFNA5,TEK
537,538,gene-gene,0.467433908,EGF,EGFR
537,564,gene-gene,0.464453456,EGF,EPHA2
537,567,gene-gene,0.236401806,EGF,ERBB2
537,568,gene-gene,0.2404315194,EGF,ERBB3
537,623,gene-gene,0.43743845,EGF,FGFR2
537,624,gene-gene,0.254844752,EGF,FGFR3
537,625,gene-gene,0.256387178,EGF,FGFR4
537,633,gene-gene,0.286734012,EGF,FLT3
537,635,gene-gene,0.311317352,EGF,FLT4
537,872,gene-gene,0.285696622,EGF,IGF1R
537,908,gene-gene,0.2051018,EGF,IL20RB
537,927,gene-gene,0.2342276102,EGF,IL6R
537,930,gene-gene,0.2082700484,EGF,IL7R
537,942,gene-gene,0.254000782,EGF,INSR
537,1010,gene-gene,0.272559338,EGF,KDR
537,1014,gene-gene,0.580281686,EGF,KIT
537,1205,gene-gene,0.3199798219999999,EGF,MET
537,1230,gene-gene,0.329764898,EGF,MST1R
537,1274,gene-gene,0.3329082628,EGF,NGFR
537,1318,gene-gene,0.2558918659999999,EGF,NTRK1
537,1319,gene-gene,0.24542415,EGF,NTRK2
537,1320,gene-gene,0.252454472,EGF,NTRK3
537,1362,gene-gene,0.50782128,EGF,PDGFRB
537,1634,gene-gene,0.2761393772,EGF,RET
537,563,gene-gene,0.43357861,EGF,EP300
537,797,gene-gene,0.344294822,EGF,HIF1A
538,670,gene-gene,0.39078355,EGFR,GAB1
538,671,gene-gene,0.417318364,EGFR,GAB2
538,741,gene-gene,0.396304908,EGFR,GRB2
538,953,gene-gene,0.4254208119999999,EGFR,IRS1
538,986,gene-gene,0.3400414568,EGFR,JAK1
538,987,gene-gene,0.3640250432,EGFR,JAK2
538,988,gene-gene,0.439745084,EGFR,JAK3
538,1134,gene-gene,0.404073126,EGFR,MAP2K1
538,1135,gene-gene,0.5039634709999999,EGFR,MAP2K2
538,1158,gene-gene,0.37773579,EGFR,MAPK1
538,1165,gene-gene,0.310558118,EGFR,MAPK3
538,1253,gene-gene,0.295151914,EGFR,NCK2
538,1396,gene-gene,0.546823632,EGFR,PIK3CA
538,1397,gene-gene,0.462018814,EGFR,PIK3CB
538,1398,gene-gene,0.3843379759999999,EGFR,PIK3CD
538,1400,gene-gene,0.272838604,EGFR,PIK3R1
538,1401,gene-gene,0.636246002,EGFR,PIK3R2
538,1402,gene-gene,0.4509811239999999,EGFR,PIK3R3
538,1435,gene-gene,0.336921358,EGFR,PLCB1
538,1436,gene-gene,0.4556909859999999,EGFR,PLCB2
538,1437,gene-gene,0.4633392580000001,EGFR,PLCB3
538,1438,gene-gene,0.37027455,EGFR,PLCB4
538,1443,gene-gene,0.541272742,EGFR,PLCG1
538,1444,gene-gene,0.433632364,EGFR,PLCG2
538,1560,gene-gene,0.242088636,EGFR,PTPN11
538,1732,gene-gene,0.370169327,EGFR,SHC1
538,1733,gene-gene,0.562140618,EGFR,SHC2
538,1734,gene-gene,0.50105764,EGFR,SHC3
538,1735,gene-gene,0.343685022,EGFR,SHC4
538,1801,gene-gene,0.5853716600000001,EGFR,SRC
538,1815,gene-gene,0.54562166,EGFR,STAT5A
538,1816,gene-gene,0.609734452,EGFR,STAT5B
538,1951,gene-gene,0.473128536,EGFR,TYK2
538,565,gene-gene,0.277831204,EGFR,EPO
538,571,gene-gene,0.469794066,EGFR,EREG
538,605,gene-gene,0.392569412,EGFR,FGF1
538,606,gene-gene,0.3987732499999999,EGFR,FGF10
538,607,gene-gene,0.343773708,EGFR,FGF17
538,608,gene-gene,0.344119754,EGFR,FGF18
538,609,gene-gene,0.411778576,EGFR,FGF19
538,610,gene-gene,0.611164944,EGFR,FGF2
538,611,gene-gene,0.308601394,EGFR,FGF20
538,612,gene-gene,0.334779618,EGFR,FGF21
538,613,gene-gene,0.461465862,EGFR,FGF22
538,614,gene-gene,0.28228221,EGFR,FGF23
538,615,gene-gene,0.330178308,EGFR,FGF3
538,616,gene-gene,0.406349862,EGFR,FGF4
538,617,gene-gene,0.44671512,EGFR,FGF5
538,618,gene-gene,0.284373252,EGFR,FGF6
538,619,gene-gene,0.4264239359999999,EGFR,FGF7
538,620,gene-gene,0.334847672,EGFR,FGF8
538,621,gene-gene,0.424848674,EGFR,FGF9
538,634,gene-gene,0.313301348,EGFR,FLT3LG
538,690,gene-gene,0.344995822,EGFR,GDNF
538,693,gene-gene,0.325538102,EGFR,GH2
538,793,gene-gene,0.40220026,EGFR,HGF
538,845,gene-gene,0.326322048,EGFR,IFNA1
538,846,gene-gene,0.32632161,EGFR,IFNA10
538,847,gene-gene,0.33746339,EGFR,IFNA13
538,848,gene-gene,0.3040241544,EGFR,IFNA14
538,849,gene-gene,0.393205542,EGFR,IFNA16
538,850,gene-gene,0.422947062,EGFR,IFNA17
538,851,gene-gene,0.2591531567999999,EGFR,IFNA2
538,852,gene-gene,0.222369676,EGFR,IFNA21
538,853,gene-gene,0.427744664,EGFR,IFNA4
538,855,gene-gene,0.2933774108,EGFR,IFNA6
538,856,gene-gene,0.5319555420000001,EGFR,IFNA7
538,857,gene-gene,0.268526488,EGFR,IFNA8
538,860,gene-gene,0.316563312,EGFR,IFNB1
538,861,gene-gene,0.293511268,EGFR,IFNE
538,862,gene-gene,0.36148145,EGFR,IFNG
538,865,gene-gene,0.392977736,EGFR,IFNK
538,866,gene-gene,0.395318638,EGFR,IFNL1
538,867,gene-gene,0.266768098,EGFR,IFNL2
538,868,gene-gene,0.3404528608,EGFR,IFNL3
538,870,gene-gene,0.5023177440000001,EGFR,IFNW1
538,871,gene-gene,0.380334582,EGFR,IGF1
538,873,gene-gene,0.363713614,EGFR,IGF2
538,878,gene-gene,0.391292444,EGFR,IL10
538,881,gene-gene,0.278659287,EGFR,IL11
538,884,gene-gene,0.253454507,EGFR,IL12B
538,887,gene-gene,0.283360967,EGFR,IL13
538,888,gene-gene,0.284486566,EGFR,IL15
538,893,gene-gene,0.313718236,EGFR,IL17D
538,900,gene-gene,0.327836724,EGFR,IL19
538,905,gene-gene,0.305949106,EGFR,IL2
538,906,gene-gene,0.326198618,EGFR,IL20
538,909,gene-gene,0.2193691391999999,EGFR,IL21
538,911,gene-gene,0.245258686,EGFR,IL22
538,914,gene-gene,0.269699254,EGFR,IL23A
538,916,gene-gene,0.252842286,EGFR,IL24
538,921,gene-gene,0.364518516,EGFR,IL3
538,922,gene-gene,0.396072178,EGFR,IL4
538,924,gene-gene,0.3488052592,EGFR,IL5
538,926,gene-gene,0.2585729376,EGFR,IL6
538,931,gene-gene,0.272242994,EGFR,IL9
538,939,gene-gene,0.2200918812,EGFR,INS
538,1015,gene-gene,0.261876716,EGFR,KITLG
538,1082,gene-gene,0.242198146,EGFR,LEP
538,1090,gene-gene,0.296763872,EGFR,LIF
538,1229,gene-gene,0.287628331,EGFR,MST1
538,1273,gene-gene,0.293298034,EGFR,NGF
538,1316,gene-gene,0.400424304,EGFR,NTF3
538,1317,gene-gene,0.360337046,EGFR,NTF4
538,1330,gene-gene,0.2206051492,EGFR,OSM
538,1357,gene-gene,0.29350117,EGFR,PDGFA
538,1358,gene-gene,0.322083404,EGFR,PDGFB
538,1359,gene-gene,0.247083752,EGFR,PDGFC
538,1360,gene-gene,0.360678264,EGFR,PDGFD
538,1381,gene-gene,0.2364352799999999,EGFR,PGF
538,1399,gene-gene,0.4599324219999999,EGFR,PIK3CG
538,1404,gene-gene,0.39991624,EGFR,PIK3R5
538,1405,gene-gene,0.203478214,EGFR,PIK3R6
538,1539,gene-gene,0.208117332,EGFR,PRL
538,1685,gene-gene,0.260277667,EGFR,RXFP3
538,1867,gene-gene,0.3959114099999999,EGFR,TGFA
538,1882,gene-gene,0.43788574,EGFR,THPO
538,1946,gene-gene,0.276401806,EGFR,TSLP
538,1968,gene-gene,0.46912026,EGFR,VEGFA
538,1969,gene-gene,0.220341896,EGFR,VEGFB
538,1970,gene-gene,0.422350502,EGFR,VEGFC
538,2023,drug-gene,1.0,EGFR,Gefitinib
541,1527,gene-gene,0.232029721,EGLN3,PRKCB
543,1265,gene-gene,0.289803306,EGR2,NFATC2
543,1266,gene-gene,0.2168682888,EGR2,NFATC3
545,1462,gene-gene,0.27637213,EHHADH,PPARA
545,1687,gene-gene,0.639532246,EHHADH,RXRA
545,1688,gene-gene,0.377041928,EHHADH,RXRB
545,1689,gene-gene,0.62576463,EHHADH,RXRG
547,1669,gene-gene,0.205940802,EIF4B,RPS6KB2
551,1158,gene-gene,0.412274788,EIF4EBP1,MAPK1
551,1165,gene-gene,0.269538628,EIF4EBP1,MAPK3
551,1214,gene-gene,0.4270749139999999,EIF4EBP1,MLST8
551,1231,gene-gene,0.503637388,EIF4EBP1,MTOR
551,1670,gene-gene,0.380912072,EIF4EBP1,RPTOR
552,1514,gene-gene,0.2513573031,ELAVL1,PRKAB1
552,1520,gene-gene,0.223521892,ELAVL1,PRKAG2
553,1811,gene-gene,0.2679460008,ELF5,STAT1
553,1813,gene-gene,0.2313567,ELF5,STAT3
553,1815,gene-gene,0.395297518,ELF5,STAT5A
553,1816,gene-gene,0.519956326,ELF5,STAT5B
554,640,gene-gene,0.2462398234,ELK4,FOS
554,1160,gene-gene,0.261014562,ELK4,MAPK11
554,1162,gene-gene,0.328865582,ELK4,MAPK13
554,1163,gene-gene,0.336086942,ELK4,MAPK14
554,1165,gene-gene,0.433311402,ELK4,MAPK3
555,626,gene-gene,0.409173608,ELMO1,FGR
555,1126,gene-gene,0.382238894,ELMO1,LYN
555,1801,gene-gene,0.419295632,ELMO1,SRC
559,563,gene-gene,0.21888375,ENO1,EP300
559,797,gene-gene,0.2654814239999999,ENO1,HIF1A
562,797,gene-gene,0.2045909836,ENO4,HIF1A
563,565,gene-gene,0.3496338639999999,EP300,EPO
563,632,gene-gene,0.256946409,EP300,FLT1
563,681,gene-gene,0.3509261613,EP300,GAPDH
563,797,gene-gene,0.3201122879999999,EP300,HIF1A
563,806,gene-gene,0.203691974,EP300,HMOX1
563,992,gene-gene,0.411803412,EP300,KAT2A
563,1074,gene-gene,0.2202270839999999,EP300,LDHA
563,1075,gene-gene,0.2171965612,EP300,LDHAL6A
563,1076,gene-gene,0.2022603929999999,EP300,LDHAL6B
563,1131,gene-gene,0.229997924,EP300,MAML1
563,1254,gene-gene,0.574820452,EP300,NCOA1
563,1256,gene-gene,0.3865056779999999,EP300,NCOA3
563,1344,gene-gene,0.2444296,EP300,PCK1
563,1345,gene-gene,0.2460804632,EP300,PCK2
563,1365,gene-gene,0.214451634,EP300,PDK1
563,1624,gene-gene,0.264095494,EP300,RBPJ
563,1625,gene-gene,0.301657256,EP300,RBPJL
563,1687,gene-gene,0.622935172,EP300,RXRA
563,1688,gene-gene,0.6062627920000001,EP300,RXRB
563,1689,gene-gene,0.612975094,EP300,RXRG
563,1713,gene-gene,0.3286304622,EP300,SERPINE1
563,1740,gene-gene,0.2087906783999999,EP300,SIK1
563,1795,gene-gene,0.321455072,EP300,SP1
563,1811,gene-gene,0.376972468,EP300,STAT1
563,1812,gene-gene,0.452062086,EP300,STAT2
563,1813,gene-gene,0.206393658,EP300,STAT3
563,1814,gene-gene,0.30471817,EP300,STAT4
563,1815,gene-gene,0.2456182269999999,EP300,STAT5A
563,1816,gene-gene,0.287222914,EP300,STAT5B
563,1817,gene-gene,0.235652872,EP300,STAT6
563,1860,gene-gene,0.386707476,EP300,TEK
563,1866,gene-gene,0.2273004165,EP300,TFRC
563,1883,gene-gene,0.23968289,EP300,THRA
563,1884,gene-gene,0.2211664319999999,EP300,THRB
563,1968,gene-gene,0.374394866,EP300,VEGFA
563,1255,gene-gene,0.35049524,EP300,NCOA2
563,1517,gene-gene,0.2967939376,EP300,PRKACB
563,1518,gene-gene,0.2508713108,EP300,PRKACG
564,741,gene-gene,0.570199012,EPHA2,GRB2
564,953,gene-gene,0.5706391319999999,EPHA2,IRS1
564,1435,gene-gene,0.474079844,EPHA2,PLCB1
564,1436,gene-gene,0.579830658,EPHA2,PLCB2
564,1437,gene-gene,0.605188506,EPHA2,PLCB3
564,1438,gene-gene,0.564278962,EPHA2,PLCB4
564,1732,gene-gene,0.635735472,EPHA2,SHC1
564,1733,gene-gene,0.66532353,EPHA2,SHC2
564,1734,gene-gene,0.484088494,EPHA2,SHC3
564,1735,gene-gene,0.45909597,EPHA2,SHC4
564,571,gene-gene,0.551180472,EPHA2,EREG
564,605,gene-gene,0.3954779439999999,EPHA2,FGF1
564,606,gene-gene,0.511068974,EPHA2,FGF10
564,607,gene-gene,0.387174396,EPHA2,FGF17
564,608,gene-gene,0.4708974119999999,EPHA2,FGF18
564,609,gene-gene,0.290364904,EPHA2,FGF19
564,610,gene-gene,0.824149978,EPHA2,FGF2
564,611,gene-gene,0.5930354760000001,EPHA2,FGF20
564,612,gene-gene,0.4547376639999999,EPHA2,FGF21
564,613,gene-gene,0.508393078,EPHA2,FGF22
564,614,gene-gene,0.306598268,EPHA2,FGF23
564,615,gene-gene,0.52718766,EPHA2,FGF3
564,616,gene-gene,0.499399072,EPHA2,FGF4
564,617,gene-gene,0.545195396,EPHA2,FGF5
564,618,gene-gene,0.547039046,EPHA2,FGF6
564,619,gene-gene,0.641066846,EPHA2,FGF7
564,620,gene-gene,0.53827929,EPHA2,FGF8
564,621,gene-gene,0.528203908,EPHA2,FGF9
564,634,gene-gene,0.4260607819999999,EPHA2,FLT3LG
564,793,gene-gene,0.426413654,EPHA2,HGF
564,871,gene-gene,0.567352446,EPHA2,IGF1
564,873,gene-gene,0.634046074,EPHA2,IGF2
564,939,gene-gene,0.585841706,EPHA2,INS
564,1015,gene-gene,0.514690768,EPHA2,KITLG
564,1273,gene-gene,0.50701806,EPHA2,NGF
564,1316,gene-gene,0.586091298,EPHA2,NTF3
564,1317,gene-gene,0.4384498739999999,EPHA2,NTF4
564,1357,gene-gene,0.527389052,EPHA2,PDGFA
564,1358,gene-gene,0.455233908,EPHA2,PDGFB
564,1359,gene-gene,0.344888598,EPHA2,PDGFC
564,1360,gene-gene,0.361559756,EPHA2,PDGFD
564,1381,gene-gene,0.5546713719999999,EPHA2,PGF
564,1867,gene-gene,0.46220994,EPHA2,TGFA
564,1968,gene-gene,0.488210152,EPHA2,VEGFA
564,1969,gene-gene,0.526282422,EPHA2,VEGFB
564,1970,gene-gene,0.477281888,EPHA2,VEGFC
564,2019,drug-gene,1.0,EPHA2,Dasatinib
565,1362,gene-gene,0.408974508,EPO,PDGFRB
565,797,gene-gene,0.287379482,EPO,HIF1A
567,568,gene-gene,0.2635206038,ERBB2,ERBB3
567,569,gene-gene,0.3792934639999999,ERBB2,ERBB4
567,953,gene-gene,0.347836736,ERBB2,IRS1
567,1134,gene-gene,0.251025594,ERBB2,MAP2K1
567,1396,gene-gene,0.219528486,ERBB2,PIK3CA
567,1398,gene-gene,0.5372131259999999,ERBB2,PIK3CD
567,1400,gene-gene,0.382885492,ERBB2,PIK3R1
567,1401,gene-gene,0.214335004,ERBB2,PIK3R2
567,1402,gene-gene,0.369020912,ERBB2,PIK3R3
567,1443,gene-gene,0.486785978,ERBB2,PLCG1
567,1444,gene-gene,0.2839441159999999,ERBB2,PLCG2
567,1732,gene-gene,0.50528492,ERBB2,SHC1
567,1733,gene-gene,0.291657756,ERBB2,SHC2
567,1734,gene-gene,0.267481674,ERBB2,SHC3
567,1735,gene-gene,0.25114239,ERBB2,SHC4
567,571,gene-gene,0.2260148199999999,ERBB2,EREG
567,606,gene-gene,0.263863936,ERBB2,FGF10
567,607,gene-gene,0.36799128,ERBB2,FGF17
567,608,gene-gene,0.2244838805999999,ERBB2,FGF18
567,609,gene-gene,0.216544294,ERBB2,FGF19
567,610,gene-gene,0.595753632,ERBB2,FGF2
567,611,gene-gene,0.2945557079999999,ERBB2,FGF20
567,614,gene-gene,0.306441388,ERBB2,FGF23
567,615,gene-gene,0.343433588,ERBB2,FGF3
567,617,gene-gene,0.22056725634,ERBB2,FGF5
567,618,gene-gene,0.237377368,ERBB2,FGF6
567,619,gene-gene,0.264740424,ERBB2,FGF7
567,620,gene-gene,0.375465762,ERBB2,FGF8
567,621,gene-gene,0.265480778,ERBB2,FGF9
567,634,gene-gene,0.39094734,ERBB2,FLT3LG
567,690,gene-gene,0.2232923872,ERBB2,GDNF
567,741,gene-gene,0.313762076,ERBB2,GRB2
567,871,gene-gene,0.2043050074,ERBB2,IGF1
567,873,gene-gene,0.2577829,ERBB2,IGF2
567,939,gene-gene,0.3459590372,ERBB2,INS
567,1015,gene-gene,0.29727926,ERBB2,KITLG
567,1229,gene-gene,0.251810366,ERBB2,MST1
567,1273,gene-gene,0.309132854,ERBB2,NGF
567,1317,gene-gene,0.300453294,ERBB2,NTF4
567,1358,gene-gene,0.37914185,ERBB2,PDGFB
567,1359,gene-gene,0.3907684839999999,ERBB2,PDGFC
567,1381,gene-gene,0.260701922,ERBB2,PGF
567,1867,gene-gene,0.2423579796,ERBB2,TGFA
567,1968,gene-gene,0.2206438815999999,ERBB2,VEGFA
567,1969,gene-gene,0.323811264,ERBB2,VEGFB
567,1970,gene-gene,0.250803763,ERBB2,VEGFC
568,953,gene-gene,0.422939596,ERBB3,IRS1
568,1396,gene-gene,0.3435290504,ERBB3,PIK3CA
568,1397,gene-gene,0.2322247671999999,ERBB3,PIK3CB
568,1398,gene-gene,0.275238876,ERBB3,PIK3CD
568,1400,gene-gene,0.3713995128,ERBB3,PIK3R1
568,1401,gene-gene,0.359538146,ERBB3,PIK3R2
568,1443,gene-gene,0.226183108,ERBB3,PLCG1
568,1444,gene-gene,0.3267779832,ERBB3,PLCG2
568,1732,gene-gene,0.3842717439999999,ERBB3,SHC1
568,1733,gene-gene,0.320199454,ERBB3,SHC2
568,1734,gene-gene,0.385503778,ERBB3,SHC3
568,1735,gene-gene,0.3242528992,ERBB3,SHC4
568,571,gene-gene,0.338500546,ERBB3,EREG
568,605,gene-gene,0.321164374,ERBB3,FGF1
568,606,gene-gene,0.420565994,ERBB3,FGF10
568,607,gene-gene,0.2352892048,ERBB3,FGF17
568,609,gene-gene,0.212953846,ERBB3,FGF19
568,610,gene-gene,0.487125172,ERBB3,FGF2
568,612,gene-gene,0.2153493779999999,ERBB3,FGF21
568,613,gene-gene,0.2295111369999999,ERBB3,FGF22
568,614,gene-gene,0.2439813756,ERBB3,FGF23
568,615,gene-gene,0.2004089419999999,ERBB3,FGF3
568,618,gene-gene,0.212359308,ERBB3,FGF6
568,619,gene-gene,0.2593910924,ERBB3,FGF7
568,621,gene-gene,0.342513712,ERBB3,FGF9
568,741,gene-gene,0.2484059719999999,ERBB3,GRB2
568,793,gene-gene,0.2809632266,ERBB3,HGF
568,871,gene-gene,0.2923022914,ERBB3,IGF1
568,939,gene-gene,0.318290778,ERBB3,INS
568,1273,gene-gene,0.214135596,ERBB3,NGF
568,1317,gene-gene,0.2158672592,ERBB3,NTF4
568,1358,gene-gene,0.210897544,ERBB3,PDGFB
568,1360,gene-gene,0.210931771,ERBB3,PDGFD
568,1381,gene-gene,0.2091457055999999,ERBB3,PGF
568,1867,gene-gene,0.457070832,ERBB3,TGFA
568,1968,gene-gene,0.2684369279999999,ERBB3,VEGFA
568,1969,gene-gene,0.2127749179999999,ERBB3,VEGFB
568,1970,gene-gene,0.257907958,ERBB3,VEGFC
569,741,gene-gene,0.332999654,ERBB4,GRB2
569,953,gene-gene,0.39123448,ERBB4,IRS1
569,1396,gene-gene,0.374341211,ERBB4,PIK3CA
569,1397,gene-gene,0.425058386,ERBB4,PIK3CB
569,1398,gene-gene,0.208069076,ERBB4,PIK3CD
569,1400,gene-gene,0.382928866,ERBB4,PIK3R1
569,1401,gene-gene,0.40086962,ERBB4,PIK3R2
569,1402,gene-gene,0.3525051999999999,ERBB4,PIK3R3
569,1443,gene-gene,0.315742136,ERBB4,PLCG1
569,1444,gene-gene,0.309145574,ERBB4,PLCG2
569,1732,gene-gene,0.36797019,ERBB4,SHC1
569,1733,gene-gene,0.344974988,ERBB4,SHC2
569,1734,gene-gene,0.299286327,ERBB4,SHC3
569,1735,gene-gene,0.280820632,ERBB4,SHC4
569,1815,gene-gene,0.335610538,ERBB4,STAT5A
569,1816,gene-gene,0.4679122559999999,ERBB4,STAT5B
569,571,gene-gene,0.44121343,ERBB4,EREG
569,605,gene-gene,0.2635445099999999,ERBB4,FGF1
569,606,gene-gene,0.276202504,ERBB4,FGF10
569,607,gene-gene,0.245131004,ERBB4,FGF17
569,608,gene-gene,0.351332014,ERBB4,FGF18
569,609,gene-gene,0.3720495279999999,ERBB4,FGF19
569,610,gene-gene,0.695250834,ERBB4,FGF2
569,611,gene-gene,0.2801997,ERBB4,FGF20
569,612,gene-gene,0.2103970554,ERBB4,FGF21
569,613,gene-gene,0.294361728,ERBB4,FGF22
569,614,gene-gene,0.2864679719999999,ERBB4,FGF23
569,616,gene-gene,0.263419508,ERBB4,FGF4
569,617,gene-gene,0.3517073599999999,ERBB4,FGF5
569,618,gene-gene,0.360990486,ERBB4,FGF6
569,619,gene-gene,0.382147894,ERBB4,FGF7
569,620,gene-gene,0.3072474879999999,ERBB4,FGF8
569,621,gene-gene,0.284525084,ERBB4,FGF9
569,634,gene-gene,0.22834056,ERBB4,FLT3LG
569,690,gene-gene,0.258740262,ERBB4,GDNF
569,793,gene-gene,0.2692194588,ERBB4,HGF
569,871,gene-gene,0.279844354,ERBB4,IGF1
569,873,gene-gene,0.2761869252,ERBB4,IGF2
569,939,gene-gene,0.243299404,ERBB4,INS
569,1229,gene-gene,0.300555098,ERBB4,MST1
569,1273,gene-gene,0.215869592,ERBB4,NGF
569,1313,gene-gene,0.293883317,ERBB4,NRG3
569,1316,gene-gene,0.233580464,ERBB4,NTF3
569,1317,gene-gene,0.202252344,ERBB4,NTF4
569,1357,gene-gene,0.335374104,ERBB4,PDGFA
569,1358,gene-gene,0.3235099928,ERBB4,PDGFB
569,1359,gene-gene,0.327780992,ERBB4,PDGFC
569,1381,gene-gene,0.378200074,ERBB4,PGF
569,1867,gene-gene,0.35638213,ERBB4,TGFA
569,1968,gene-gene,0.205790204,ERBB4,VEGFA
569,1970,gene-gene,0.322129172,ERBB4,VEGFC
571,622,gene-gene,0.321935248,EREG,FGFR1
571,623,gene-gene,0.49612127,EREG,FGFR2
571,624,gene-gene,0.248291188,EREG,FGFR3
571,625,gene-gene,0.2019646072,EREG,FGFR4
571,632,gene-gene,0.223929774,EREG,FLT1
571,635,gene-gene,0.238143238,EREG,FLT4
571,872,gene-gene,0.3543610424,EREG,IGF1R
571,942,gene-gene,0.261676412,EREG,INSR
571,1010,gene-gene,0.273701186,EREG,KDR
571,1014,gene-gene,0.531314838,EREG,KIT
571,1274,gene-gene,0.2234635628,EREG,NGFR
571,1318,gene-gene,0.2503358468,EREG,NTRK1
571,1319,gene-gene,0.3009653412,EREG,NTRK2
571,1362,gene-gene,0.471038574,EREG,PDGFRB
572,573,gene-gene,0.806700846,ESR1,ESR2
572,640,gene-gene,0.582049548,ESR1,FOS
572,990,gene-gene,0.53677603,ESR1,JUN
572,1021,gene-gene,0.438657422,ESR1,KRT10
572,1022,gene-gene,0.6147946839999999,ESR1,KRT12
572,1023,gene-gene,0.71773238,ESR1,KRT13
572,1024,gene-gene,0.590962408,ESR1,KRT14
572,1025,gene-gene,0.503093966,ESR1,KRT15
572,1026,gene-gene,0.38369158,ESR1,KRT16
572,1027,gene-gene,0.5354316960000001,ESR1,KRT17
572,1028,gene-gene,0.7391871799999999,ESR1,KRT18
572,1029,gene-gene,0.598735914,ESR1,KRT19
572,1030,gene-gene,0.610184164,ESR1,KRT20
572,1031,gene-gene,0.608984592,ESR1,KRT23
572,1032,gene-gene,0.565914938,ESR1,KRT24
572,1033,gene-gene,0.488289246,ESR1,KRT25
572,1034,gene-gene,0.500339324,ESR1,KRT26
572,1035,gene-gene,0.467567048,ESR1,KRT27
572,1036,gene-gene,0.497635666,ESR1,KRT28
572,1037,gene-gene,0.477103226,ESR1,KRT31
572,1038,gene-gene,0.367266998,ESR1,KRT32
572,1039,gene-gene,0.53731953,ESR1,KRT33A
572,1040,gene-gene,0.489334744,ESR1,KRT33B
572,1041,gene-gene,0.51532097,ESR1,KRT34
572,1042,gene-gene,0.476240518,ESR1,KRT35
572,1043,gene-gene,0.557237164,ESR1,KRT36
572,1044,gene-gene,0.6919433159999999,ESR1,KRT37
572,1045,gene-gene,0.5231267639999999,ESR1,KRT38
572,1046,gene-gene,0.5233035559999999,ESR1,KRT39
572,1047,gene-gene,0.576856622,ESR1,KRT40
572,1048,gene-gene,0.483760134,ESR1,KRT9
572,1254,gene-gene,0.6526249319999999,ESR1,NCOA1
572,1256,gene-gene,0.591621016,ESR1,NCOA3
572,1383,gene-gene,0.882698388,ESR1,PGR
572,1602,gene-gene,0.725749664,ESR1,RARA
572,1795,gene-gene,0.6696364499999999,ESR1,SP1
572,1801,gene-gene,0.68158011,ESR1,SRC
572,1865,gene-gene,0.502360902,ESR1,TFF1
572,1867,gene-gene,0.450708398,ESR1,TGFA
572,1158,gene-gene,0.3691445439999999,ESR1,MAPK1
572,1165,gene-gene,0.45542341,ESR1,MAPK3
572,1255,gene-gene,0.57721656,ESR1,NCOA2
572,1811,gene-gene,0.431954918,ESR1,STAT1
572,1813,gene-gene,0.5531917099999999,ESR1,STAT3
572,1815,gene-gene,0.528885112,ESR1,STAT5A
572,1816,gene-gene,0.941165606,ESR1,STAT5B
572,2022,drug-gene,1.0,ESR1,Fulvestrant
572,2026,drug-gene,1.0,ESR1,Mitotane
573,640,gene-gene,0.4290519439999999,ESR2,FOS
573,990,gene-gene,0.28288701,ESR2,JUN
573,1021,gene-gene,0.33695881,ESR2,KRT10
573,1022,gene-gene,0.234821447,ESR2,KRT12
573,1023,gene-gene,0.3233252072,ESR2,KRT13
573,1024,gene-gene,0.3263433599999999,ESR2,KRT14
573,1025,gene-gene,0.36493429,ESR2,KRT15
573,1026,gene-gene,0.495099682,ESR2,KRT16
573,1027,gene-gene,0.2723839224,ESR2,KRT17
573,1028,gene-gene,0.434066028,ESR2,KRT18
573,1029,gene-gene,0.297143814,ESR2,KRT19
573,1030,gene-gene,0.28778683,ESR2,KRT20
573,1032,gene-gene,0.26280756,ESR2,KRT24
573,1033,gene-gene,0.386115018,ESR2,KRT25
573,1034,gene-gene,0.2943464212,ESR2,KRT26
573,1035,gene-gene,0.378694608,ESR2,KRT27
573,1036,gene-gene,0.3440221,ESR2,KRT28
573,1037,gene-gene,0.3710094192,ESR2,KRT31
573,1038,gene-gene,0.438958992,ESR2,KRT32
573,1039,gene-gene,0.2889747708,ESR2,KRT33A
573,1041,gene-gene,0.2711430019999999,ESR2,KRT34
573,1042,gene-gene,0.206896714,ESR2,KRT35
573,1043,gene-gene,0.36283527,ESR2,KRT36
573,1044,gene-gene,0.303033216,ESR2,KRT37
573,1045,gene-gene,0.2539715059999999,ESR2,KRT38
573,1046,gene-gene,0.32621507,ESR2,KRT39
573,1047,gene-gene,0.329872778,ESR2,KRT40
573,1048,gene-gene,0.40800783,ESR2,KRT9
573,1254,gene-gene,0.553646364,ESR2,NCOA1
573,1256,gene-gene,0.28456393,ESR2,NCOA3
573,1383,gene-gene,0.483001502,ESR2,PGR
573,1602,gene-gene,0.449315786,ESR2,RARA
573,1795,gene-gene,0.2723009779999999,ESR2,SP1
573,1801,gene-gene,0.4897626039999999,ESR2,SRC
573,1865,gene-gene,0.385405248,ESR2,TFF1
573,1867,gene-gene,0.294123873,ESR2,TGFA
573,1158,gene-gene,0.254070294,ESR2,MAPK1
573,1165,gene-gene,0.331020586,ESR2,MAPK3
573,1255,gene-gene,0.2935730432,ESR2,NCOA2
573,1811,gene-gene,0.356315654,ESR2,STAT1
573,1813,gene-gene,0.297970252,ESR2,STAT3
573,1815,gene-gene,0.448086216,ESR2,STAT5A
573,1816,gene-gene,0.5358385099999999,ESR2,STAT5B
575,1165,gene-gene,0.3490556489999999,ETS1,MAPK3
583,1436,gene-gene,0.213911212,F2R,PLCB2
583,1437,gene-gene,0.417184442,F2R,PLCB3
583,1438,gene-gene,0.2000909246,F2R,PLCB4
585,990,gene-gene,0.3084455308,F3,JUN
585,1268,gene-gene,0.390248344,F3,NFKB1
585,1631,gene-gene,0.2618076866,F3,RELA
586,1687,gene-gene,0.564016116,FABP1,RXRA
586,1688,gene-gene,0.37561091,FABP1,RXRB
586,1689,gene-gene,0.4554739,FABP1,RXRG
587,1463,gene-gene,0.331440456,FABP3,PPARD
587,1687,gene-gene,0.5568192959999999,FABP3,RXRA
587,1688,gene-gene,0.675214892,FABP3,RXRB
587,1689,gene-gene,0.502172108,FABP3,RXRG
588,1464,gene-gene,0.3387203079999999,FABP4,PPARG
588,1687,gene-gene,0.3717905179999999,FABP4,RXRA
588,1688,gene-gene,0.6046246,FABP4,RXRB
588,1689,gene-gene,0.5297371479999999,FABP4,RXRG
590,1462,gene-gene,0.274888906,FADS2,PPARA
590,1687,gene-gene,0.546762138,FADS2,RXRA
590,1688,gene-gene,0.532906474,FADS2,RXRB
590,1689,gene-gene,0.558452822,FADS2,RXRG
591,1801,gene-gene,0.6658857859999999,FARP2,SRC
601,602,gene-gene,0.2385381346,FCER1A,FCER1G
601,657,gene-gene,0.360071032,FCER1A,FYN
601,1228,gene-gene,0.2494050259999999,FCER1A,MS4A2
601,1830,gene-gene,0.2327165739999999,FCER1A,SYK
602,657,gene-gene,0.320878498,FCER1G,FYN
602,1830,gene-gene,0.21195622,FCER1G,SYK
602,1126,gene-gene,0.410569982,FCER1G,LYN
605,622,gene-gene,0.224332742,FGF1,FGFR1
605,623,gene-gene,0.447256688,FGF1,FGFR2
605,625,gene-gene,0.224931886,FGF1,FGFR4
605,632,gene-gene,0.275351204,FGF1,FLT1
605,633,gene-gene,0.291492476,FGF1,FLT3
605,635,gene-gene,0.460752978,FGF1,FLT4
605,872,gene-gene,0.2781418732,FGF1,IGF1R
605,942,gene-gene,0.421591562,FGF1,INSR
605,1010,gene-gene,0.320845246,FGF1,KDR
605,1014,gene-gene,0.471838834,FGF1,KIT
605,1205,gene-gene,0.37039865,FGF1,MET
605,1230,gene-gene,0.251765698,FGF1,MST1R
605,1318,gene-gene,0.29345282,FGF1,NTRK1
605,1361,gene-gene,0.26571595,FGF1,PDGFRA
605,1362,gene-gene,0.553604126,FGF1,PDGFRB
605,1860,gene-gene,0.221611996,FGF1,TEK
606,622,gene-gene,0.3235845,FGF10,FGFR1
606,623,gene-gene,0.684818578,FGF10,FGFR2
606,624,gene-gene,0.315623402,FGF10,FGFR3
606,625,gene-gene,0.249092402,FGF10,FGFR4
606,632,gene-gene,0.240966876,FGF10,FLT1
606,633,gene-gene,0.33687461,FGF10,FLT3
606,635,gene-gene,0.529741224,FGF10,FLT4
606,872,gene-gene,0.200228564,FGF10,IGF1R
606,942,gene-gene,0.336966296,FGF10,INSR
606,1010,gene-gene,0.277985756,FGF10,KDR
606,1014,gene-gene,0.417672298,FGF10,KIT
606,1230,gene-gene,0.478734716,FGF10,MST1R
606,1274,gene-gene,0.209733294,FGF10,NGFR
606,1318,gene-gene,0.309981328,FGF10,NTRK1
606,1319,gene-gene,0.2271431874,FGF10,NTRK2
606,1320,gene-gene,0.224944352,FGF10,NTRK3
606,1361,gene-gene,0.307352242,FGF10,PDGFRA
606,1362,gene-gene,0.588713248,FGF10,PDGFRB
606,1634,gene-gene,0.274161178,FGF10,RET
606,1860,gene-gene,0.220045914,FGF10,TEK
607,623,gene-gene,0.52229231,FGF17,FGFR2
607,624,gene-gene,0.306870398,FGF17,FGFR3
607,625,gene-gene,0.237611746,FGF17,FGFR4
607,632,gene-gene,0.337957028,FGF17,FLT1
607,633,gene-gene,0.356004234,FGF17,FLT3
607,872,gene-gene,0.325291404,FGF17,IGF1R
607,942,gene-gene,0.3823229099999999,FGF17,INSR
607,1010,gene-gene,0.3317777134,FGF17,KDR
607,1014,gene-gene,0.4123294839999999,FGF17,KIT
607,1205,gene-gene,0.296304538,FGF17,MET
607,1230,gene-gene,0.267858353,FGF17,MST1R
607,1274,gene-gene,0.216988973,FGF17,NGFR
607,1318,gene-gene,0.346936966,FGF17,NTRK1
607,1319,gene-gene,0.276884722,FGF17,NTRK2
607,1320,gene-gene,0.353554624,FGF17,NTRK3
607,1361,gene-gene,0.287288084,FGF17,PDGFRA
607,1362,gene-gene,0.414096978,FGF17,PDGFRB
607,1634,gene-gene,0.303015738,FGF17,RET
607,1860,gene-gene,0.2146007771999999,FGF17,TEK
608,622,gene-gene,0.225275588,FGF18,FGFR1
608,623,gene-gene,0.431604886,FGF18,FGFR2
608,625,gene-gene,0.244685038,FGF18,FGFR4
608,633,gene-gene,0.293171026,FGF18,FLT3
608,872,gene-gene,0.2142539959999999,FGF18,IGF1R
608,942,gene-gene,0.2501393892,FGF18,INSR
608,1010,gene-gene,0.2543675604,FGF18,KDR
608,1014,gene-gene,0.37830889,FGF18,KIT
608,1205,gene-gene,0.389989316,FGF18,MET
608,1230,gene-gene,0.247565404,FGF18,MST1R
608,1274,gene-gene,0.321596257,FGF18,NGFR
608,1318,gene-gene,0.274236092,FGF18,NTRK1
608,1319,gene-gene,0.249278968,FGF18,NTRK2
608,1320,gene-gene,0.282529778,FGF18,NTRK3
608,1361,gene-gene,0.288434888,FGF18,PDGFRA
608,1362,gene-gene,0.3984511979999999,FGF18,PDGFRB
608,1860,gene-gene,0.3431660159999999,FGF18,TEK
609,622,gene-gene,0.3006271844,FGF19,FGFR1
609,623,gene-gene,0.36122946,FGF19,FGFR2
609,624,gene-gene,0.230275768,FGF19,FGFR3
609,625,gene-gene,0.4745096999999999,FGF19,FGFR4
609,632,gene-gene,0.312367795,FGF19,FLT1
609,633,gene-gene,0.29805375,FGF19,FLT3
609,635,gene-gene,0.2651958103999999,FGF19,FLT4
609,872,gene-gene,0.2695039959999999,FGF19,IGF1R
609,942,gene-gene,0.298686668,FGF19,INSR
609,1014,gene-gene,0.4361562639999999,FGF19,KIT
609,1205,gene-gene,0.2562383365999999,FGF19,MET
609,1230,gene-gene,0.336347716,FGF19,MST1R
609,1274,gene-gene,0.21084448,FGF19,NGFR
609,1318,gene-gene,0.323672666,FGF19,NTRK1
609,1319,gene-gene,0.23719959,FGF19,NTRK2
609,1361,gene-gene,0.2054620067999999,FGF19,PDGFRA
609,1362,gene-gene,0.493134458,FGF19,PDGFRB
609,1860,gene-gene,0.220981284,FGF19,TEK
610,622,gene-gene,0.314315684,FGF2,FGFR1
610,623,gene-gene,0.748041518,FGF2,FGFR2
610,624,gene-gene,0.43626476,FGF2,FGFR3
610,625,gene-gene,0.449583788,FGF2,FGFR4
610,632,gene-gene,0.768939174,FGF2,FLT1
610,633,gene-gene,0.495717366,FGF2,FLT3
610,635,gene-gene,0.661494728,FGF2,FLT4
610,872,gene-gene,0.4681499859999999,FGF2,IGF1R
610,942,gene-gene,0.5643754980000001,FGF2,INSR
610,1010,gene-gene,0.574366536,FGF2,KDR
610,1014,gene-gene,0.9431241,FGF2,KIT
610,1205,gene-gene,0.5984804840000001,FGF2,MET
610,1230,gene-gene,0.490764194,FGF2,MST1R
610,1274,gene-gene,0.45083048,FGF2,NGFR
610,1318,gene-gene,0.736925238,FGF2,NTRK1
610,1319,gene-gene,0.546991236,FGF2,NTRK2
610,1320,gene-gene,0.477439256,FGF2,NTRK3
610,1361,gene-gene,0.509616818,FGF2,PDGFRA
610,1362,gene-gene,0.7676008299999999,FGF2,PDGFRB
610,1634,gene-gene,0.5280766299999999,FGF2,RET
610,1860,gene-gene,0.613021154,FGF2,TEK
610,2030,drug-gene,1.0,FGF2,Sirolimus
611,623,gene-gene,0.5678373212000001,FGF20,FGFR2
611,624,gene-gene,0.2277178759999999,FGF20,FGFR3
611,632,gene-gene,0.272161512,FGF20,FLT1
611,633,gene-gene,0.300105774,FGF20,FLT3
611,635,gene-gene,0.292719548,FGF20,FLT4
611,872,gene-gene,0.3817427519999999,FGF20,IGF1R
611,942,gene-gene,0.21338777,FGF20,INSR
611,1014,gene-gene,0.67340431,FGF20,KIT
611,1205,gene-gene,0.370840412,FGF20,MET
611,1230,gene-gene,0.333682406,FGF20,MST1R
611,1274,gene-gene,0.4010839579999999,FGF20,NGFR
611,1318,gene-gene,0.242338,FGF20,NTRK1
611,1319,gene-gene,0.280168876,FGF20,NTRK2
611,1320,gene-gene,0.375726748,FGF20,NTRK3
611,1361,gene-gene,0.2433945108,FGF20,PDGFRA
611,1362,gene-gene,0.52733873,FGF20,PDGFRB
611,1634,gene-gene,0.3072583459999999,FGF20,RET
611,1860,gene-gene,0.423593112,FGF20,TEK
612,622,gene-gene,0.2036252623999999,FGF21,FGFR1
612,623,gene-gene,0.45554114,FGF21,FGFR2
612,625,gene-gene,0.25862543,FGF21,FGFR4
612,632,gene-gene,0.383605096,FGF21,FLT1
612,633,gene-gene,0.294655336,FGF21,FLT3
612,635,gene-gene,0.3000847199999999,FGF21,FLT4
612,872,gene-gene,0.315265072,FGF21,IGF1R
612,1010,gene-gene,0.249809464,FGF21,KDR
612,1014,gene-gene,0.755498748,FGF21,KIT
612,1205,gene-gene,0.262888298,FGF21,MET
612,1230,gene-gene,0.2243561849999999,FGF21,MST1R
612,1274,gene-gene,0.3074844008,FGF21,NGFR
612,1318,gene-gene,0.342604722,FGF21,NTRK1
612,1320,gene-gene,0.3165818159999999,FGF21,NTRK3
612,1361,gene-gene,0.354432158,FGF21,PDGFRA
612,1362,gene-gene,0.608734382,FGF21,PDGFRB
612,1634,gene-gene,0.358278302,FGF21,RET
612,1860,gene-gene,0.2700356008,FGF21,TEK
613,622,gene-gene,0.256353392,FGF22,FGFR1
613,623,gene-gene,0.514160238,FGF22,FGFR2
613,624,gene-gene,0.2471547308,FGF22,FGFR3
613,625,gene-gene,0.273824285,FGF22,FGFR4
613,632,gene-gene,0.3422747379999999,FGF22,FLT1
613,633,gene-gene,0.324514626,FGF22,FLT3
613,635,gene-gene,0.3745619999999999,FGF22,FLT4
613,872,gene-gene,0.252251924,FGF22,IGF1R
613,942,gene-gene,0.360739732,FGF22,INSR
613,1010,gene-gene,0.248088788,FGF22,KDR
613,1014,gene-gene,0.465455902,FGF22,KIT
613,1205,gene-gene,0.213992694,FGF22,MET
613,1230,gene-gene,0.3608870899999999,FGF22,MST1R
613,1274,gene-gene,0.2707298492,FGF22,NGFR
613,1318,gene-gene,0.3062960799999999,FGF22,NTRK1
613,1319,gene-gene,0.229400299,FGF22,NTRK2
613,1320,gene-gene,0.243899274,FGF22,NTRK3
613,1361,gene-gene,0.2403709259999999,FGF22,PDGFRA
613,1362,gene-gene,0.6340580960000001,FGF22,PDGFRB
613,1634,gene-gene,0.39705144,FGF22,RET
613,1860,gene-gene,0.33363868,FGF22,TEK
614,623,gene-gene,0.3535036,FGF23,FGFR2
614,624,gene-gene,0.2834802321999999,FGF23,FGFR3
614,633,gene-gene,0.2424106388,FGF23,FLT3
614,635,gene-gene,0.2030367108,FGF23,FLT4
614,872,gene-gene,0.2056659336,FGF23,IGF1R
614,942,gene-gene,0.3099672,FGF23,INSR
614,1010,gene-gene,0.37836463,FGF23,KDR
614,1014,gene-gene,0.61314929,FGF23,KIT
614,1205,gene-gene,0.275312646,FGF23,MET
614,1274,gene-gene,0.2753534412,FGF23,NGFR
614,1318,gene-gene,0.292010208,FGF23,NTRK1
614,1319,gene-gene,0.3162691514,FGF23,NTRK2
614,1320,gene-gene,0.2787040209999999,FGF23,NTRK3
614,1362,gene-gene,0.375061302,FGF23,PDGFRB
614,1860,gene-gene,0.262801878,FGF23,TEK
615,622,gene-gene,0.256026884,FGF3,FGFR1
615,623,gene-gene,0.50172995,FGF3,FGFR2
615,624,gene-gene,0.2341080672,FGF3,FGFR3
615,625,gene-gene,0.325635304,FGF3,FGFR4
615,632,gene-gene,0.27867701,FGF3,FLT1
615,633,gene-gene,0.31465655,FGF3,FLT3
615,635,gene-gene,0.22327862,FGF3,FLT4
615,872,gene-gene,0.285716829,FGF3,IGF1R
615,942,gene-gene,0.2030314482,FGF3,INSR
615,1010,gene-gene,0.310291628,FGF3,KDR
615,1014,gene-gene,0.641083506,FGF3,KIT
615,1205,gene-gene,0.2061881536,FGF3,MET
615,1230,gene-gene,0.2624157766,FGF3,MST1R
615,1274,gene-gene,0.336573714,FGF3,NGFR
615,1319,gene-gene,0.351955491,FGF3,NTRK2
615,1320,gene-gene,0.2460119972,FGF3,NTRK3
615,1361,gene-gene,0.30440724,FGF3,PDGFRA
615,1362,gene-gene,0.461396714,FGF3,PDGFRB
615,1634,gene-gene,0.379279694,FGF3,RET
615,1860,gene-gene,0.31870732,FGF3,TEK
616,622,gene-gene,0.270299308,FGF4,FGFR1
616,623,gene-gene,0.441217723,FGF4,FGFR2
616,624,gene-gene,0.230926788,FGF4,FGFR3
616,625,gene-gene,0.22825426,FGF4,FGFR4
616,633,gene-gene,0.27474602,FGF4,FLT3
616,635,gene-gene,0.3583232699999999,FGF4,FLT4
616,872,gene-gene,0.3944185,FGF4,IGF1R
616,942,gene-gene,0.2079301692,FGF4,INSR
616,1010,gene-gene,0.262495166,FGF4,KDR
616,1014,gene-gene,0.52090295,FGF4,KIT
616,1205,gene-gene,0.2206971519999999,FGF4,MET
616,1230,gene-gene,0.247345724,FGF4,MST1R
616,1274,gene-gene,0.2734570428,FGF4,NGFR
616,1318,gene-gene,0.290696574,FGF4,NTRK1
616,1319,gene-gene,0.239185298,FGF4,NTRK2
616,1320,gene-gene,0.3193736,FGF4,NTRK3
616,1361,gene-gene,0.2298746539999999,FGF4,PDGFRA
616,1362,gene-gene,0.448011094,FGF4,PDGFRB
616,1634,gene-gene,0.238398252,FGF4,RET
616,1860,gene-gene,0.30030668,FGF4,TEK
617,622,gene-gene,0.251455292,FGF5,FGFR1
617,623,gene-gene,0.623507458,FGF5,FGFR2
617,624,gene-gene,0.260331418,FGF5,FGFR3
617,625,gene-gene,0.2634897416,FGF5,FGFR4
617,872,gene-gene,0.31452575,FGF5,IGF1R
617,942,gene-gene,0.2991564188,FGF5,INSR
617,1010,gene-gene,0.269701594,FGF5,KDR
617,1014,gene-gene,0.365090464,FGF5,KIT
617,1205,gene-gene,0.2461004876,FGF5,MET
617,1274,gene-gene,0.276868656,FGF5,NGFR
617,1319,gene-gene,0.2317247714,FGF5,NTRK2
617,1320,gene-gene,0.2999013212,FGF5,NTRK3
617,1361,gene-gene,0.203855444,FGF5,PDGFRA
617,1362,gene-gene,0.45818133,FGF5,PDGFRB
617,1634,gene-gene,0.275385882,FGF5,RET
617,1860,gene-gene,0.3080139986,FGF5,TEK
618,622,gene-gene,0.289191836,FGF6,FGFR1
618,623,gene-gene,0.485925426,FGF6,FGFR2
618,624,gene-gene,0.216355091,FGF6,FGFR3
618,632,gene-gene,0.506356716,FGF6,FLT1
618,633,gene-gene,0.217809272,FGF6,FLT3
618,635,gene-gene,0.273621126,FGF6,FLT4
618,942,gene-gene,0.352170526,FGF6,INSR
618,1010,gene-gene,0.36281417,FGF6,KDR
618,1014,gene-gene,0.5663977960000001,FGF6,KIT
618,1205,gene-gene,0.295418898,FGF6,MET
618,1230,gene-gene,0.278341069,FGF6,MST1R
618,1318,gene-gene,0.363464244,FGF6,NTRK1
618,1319,gene-gene,0.224588194,FGF6,NTRK2
618,1320,gene-gene,0.225218756,FGF6,NTRK3
618,1361,gene-gene,0.29002135,FGF6,PDGFRA
618,1362,gene-gene,0.350203486,FGF6,PDGFRB
618,1634,gene-gene,0.2737419131999999,FGF6,RET
618,1860,gene-gene,0.35303289,FGF6,TEK
619,622,gene-gene,0.3428308,FGF7,FGFR1
619,623,gene-gene,0.577971814,FGF7,FGFR2
619,624,gene-gene,0.2047551379999999,FGF7,FGFR3
619,625,gene-gene,0.3558225172,FGF7,FGFR4
619,633,gene-gene,0.2875722539999999,FGF7,FLT3
619,635,gene-gene,0.369052616,FGF7,FLT4
619,872,gene-gene,0.3670308999999999,FGF7,IGF1R
619,942,gene-gene,0.276875685,FGF7,INSR
619,1014,gene-gene,0.3912277899999999,FGF7,KIT
619,1274,gene-gene,0.3552971698,FGF7,NGFR
619,1318,gene-gene,0.228188474,FGF7,NTRK1
619,1319,gene-gene,0.318463896,FGF7,NTRK2
619,1320,gene-gene,0.418866534,FGF7,NTRK3
619,1362,gene-gene,0.543361438,FGF7,PDGFRB
619,1860,gene-gene,0.2805277652,FGF7,TEK
620,622,gene-gene,0.222304364,FGF8,FGFR1
620,623,gene-gene,0.370486654,FGF8,FGFR2
620,624,gene-gene,0.2453118034,FGF8,FGFR3
620,625,gene-gene,0.34063501,FGF8,FGFR4
620,632,gene-gene,0.399553518,FGF8,FLT1
620,633,gene-gene,0.267995887,FGF8,FLT3
620,635,gene-gene,0.3387517439999999,FGF8,FLT4
620,872,gene-gene,0.3775916948,FGF8,IGF1R
620,942,gene-gene,0.3130699019999999,FGF8,INSR
620,1014,gene-gene,0.545393572,FGF8,KIT
620,1205,gene-gene,0.2322771408,FGF8,MET
620,1230,gene-gene,0.325840692,FGF8,MST1R
620,1274,gene-gene,0.232876618,FGF8,NGFR
620,1318,gene-gene,0.2936387219999999,FGF8,NTRK1
620,1319,gene-gene,0.2221731619999999,FGF8,NTRK2
620,1320,gene-gene,0.3322714089999999,FGF8,NTRK3
620,1361,gene-gene,0.308057716,FGF8,PDGFRA
620,1362,gene-gene,0.481630146,FGF8,PDGFRB
620,1634,gene-gene,0.2442879154,FGF8,RET
620,1860,gene-gene,0.268974218,FGF8,TEK
621,622,gene-gene,0.2626985692,FGF9,FGFR1
621,623,gene-gene,0.5351573220000001,FGF9,FGFR2
621,624,gene-gene,0.271486884,FGF9,FGFR3
621,625,gene-gene,0.301888786,FGF9,FGFR4
621,632,gene-gene,0.2036720792,FGF9,FLT1
621,633,gene-gene,0.275737448,FGF9,FLT3
621,635,gene-gene,0.2182018706,FGF9,FLT4
621,872,gene-gene,0.5105864419999999,FGF9,IGF1R
621,1010,gene-gene,0.228867693,FGF9,KDR
621,1014,gene-gene,0.544013412,FGF9,KIT
621,1205,gene-gene,0.272887844,FGF9,MET
621,1230,gene-gene,0.26583416,FGF9,MST1R
621,1318,gene-gene,0.378714198,FGF9,NTRK1
621,1319,gene-gene,0.372638656,FGF9,NTRK2
621,1320,gene-gene,0.2765596508,FGF9,NTRK3
621,1361,gene-gene,0.2049806644,FGF9,PDGFRA
621,1362,gene-gene,0.366798092,FGF9,PDGFRB
621,1860,gene-gene,0.3356474353999999,FGF9,TEK
622,741,gene-gene,0.255430253,FGFR1,GRB2
622,811,gene-gene,0.2693767487999999,FGFR1,HRAS
622,953,gene-gene,0.36237404,FGFR1,IRS1
622,1019,gene-gene,0.3120823359999999,FGFR1,KRAS
622,1309,gene-gene,0.288128636,FGFR1,NRAS
622,1396,gene-gene,0.320108016,FGFR1,PIK3CA
622,1397,gene-gene,0.344080496,FGFR1,PIK3CB
622,1398,gene-gene,0.353147506,FGFR1,PIK3CD
622,1400,gene-gene,0.424921664,FGFR1,PIK3R1
622,1401,gene-gene,0.2776824491999999,FGFR1,PIK3R2
622,1402,gene-gene,0.294073756,FGFR1,PIK3R3
622,1435,gene-gene,0.2704373439999999,FGFR1,PLCB1
622,1436,gene-gene,0.2670669568,FGFR1,PLCB2
622,1437,gene-gene,0.30129799,FGFR1,PLCB3
622,1438,gene-gene,0.2726480839999999,FGFR1,PLCB4
622,1443,gene-gene,0.308729148,FGFR1,PLCG1
622,1733,gene-gene,0.38228398,FGFR1,SHC2
622,1734,gene-gene,0.31935121,FGFR1,SHC3
622,690,gene-gene,0.2055588132,FGFR1,GDNF
622,793,gene-gene,0.2662508166,FGFR1,HGF
622,871,gene-gene,0.221573938,FGFR1,IGF1
622,939,gene-gene,0.2445387859999999,FGFR1,INS
622,1229,gene-gene,0.3049712699999999,FGFR1,MST1
622,1273,gene-gene,0.292980378,FGFR1,NGF
622,1316,gene-gene,0.26056226,FGFR1,NTF3
622,1317,gene-gene,0.2535248452,FGFR1,NTF4
622,1357,gene-gene,0.2108712559999999,FGFR1,PDGFA
622,1358,gene-gene,0.27690868,FGFR1,PDGFB
622,1359,gene-gene,0.248262334,FGFR1,PDGFC
622,1360,gene-gene,0.2248493309999999,FGFR1,PDGFD
622,1381,gene-gene,0.3134203588,FGFR1,PGF
622,1867,gene-gene,0.329045843,FGFR1,TGFA
622,1968,gene-gene,0.2373246378,FGFR1,VEGFA
623,741,gene-gene,0.632421242,FGFR2,GRB2
623,811,gene-gene,0.47237368,FGFR2,HRAS
623,953,gene-gene,0.54094921,FGFR2,IRS1
623,1019,gene-gene,0.70011782,FGFR2,KRAS
623,1309,gene-gene,0.464938818,FGFR2,NRAS
623,1396,gene-gene,0.82234856,FGFR2,PIK3CA
623,1397,gene-gene,0.38130513,FGFR2,PIK3CB
623,1398,gene-gene,0.427574086,FGFR2,PIK3CD
623,1400,gene-gene,0.373701034,FGFR2,PIK3R1
623,1401,gene-gene,0.644684158,FGFR2,PIK3R2
623,1402,gene-gene,0.480012982,FGFR2,PIK3R3
623,1435,gene-gene,0.517513222,FGFR2,PLCB1
623,1436,gene-gene,0.592514674,FGFR2,PLCB2
623,1437,gene-gene,0.374319716,FGFR2,PLCB3
623,1438,gene-gene,0.51303004,FGFR2,PLCB4
623,1443,gene-gene,0.484765478,FGFR2,PLCG1
623,1444,gene-gene,0.408071278,FGFR2,PLCG2
623,1732,gene-gene,0.396676922,FGFR2,SHC1
623,1733,gene-gene,0.4994706219999999,FGFR2,SHC2
623,1734,gene-gene,0.46497334,FGFR2,SHC3
623,1735,gene-gene,0.5975422499999999,FGFR2,SHC4
623,634,gene-gene,0.4024917139999999,FGFR2,FLT3LG
623,690,gene-gene,0.43174409,FGFR2,GDNF
623,793,gene-gene,0.4051282179999999,FGFR2,HGF
623,871,gene-gene,0.4317604979999999,FGFR2,IGF1
623,873,gene-gene,0.493705508,FGFR2,IGF2
623,939,gene-gene,0.481490256,FGFR2,INS
623,1015,gene-gene,0.320446179,FGFR2,KITLG
623,1229,gene-gene,0.506867872,FGFR2,MST1
623,1273,gene-gene,0.699176858,FGFR2,NGF
623,1316,gene-gene,0.4029849419999999,FGFR2,NTF3
623,1317,gene-gene,0.401672676,FGFR2,NTF4
623,1357,gene-gene,0.6371428100000001,FGFR2,PDGFA
623,1358,gene-gene,0.360615618,FGFR2,PDGFB
623,1359,gene-gene,0.391820507,FGFR2,PDGFC
623,1360,gene-gene,0.600345168,FGFR2,PDGFD
623,1381,gene-gene,0.5131289920000001,FGFR2,PGF
623,1867,gene-gene,0.471344058,FGFR2,TGFA
623,1968,gene-gene,0.432704238,FGFR2,VEGFA
623,1969,gene-gene,0.396610592,FGFR2,VEGFB
623,1970,gene-gene,0.46007059,FGFR2,VEGFC
623,2032,drug-gene,1.0,FGFR2,Thalidomide
624,741,gene-gene,0.2720995234,FGFR3,GRB2
624,811,gene-gene,0.218372198,FGFR3,HRAS
624,953,gene-gene,0.404805456,FGFR3,IRS1
624,1019,gene-gene,0.298477748,FGFR3,KRAS
624,1309,gene-gene,0.2656303279999999,FGFR3,NRAS
624,1396,gene-gene,0.2382196172,FGFR3,PIK3CA
624,1397,gene-gene,0.32561058,FGFR3,PIK3CB
624,1398,gene-gene,0.4141561948,FGFR3,PIK3CD
624,1400,gene-gene,0.352474712,FGFR3,PIK3R1
624,1401,gene-gene,0.2044611639999999,FGFR3,PIK3R2
624,1402,gene-gene,0.347896186,FGFR3,PIK3R3
624,1435,gene-gene,0.317970246,FGFR3,PLCB1
624,1436,gene-gene,0.2870389915999999,FGFR3,PLCB2
624,1437,gene-gene,0.31544621,FGFR3,PLCB3
624,1438,gene-gene,0.270968494,FGFR3,PLCB4
624,1443,gene-gene,0.318971224,FGFR3,PLCG1
624,1444,gene-gene,0.221175564,FGFR3,PLCG2
624,1732,gene-gene,0.21287226,FGFR3,SHC1
624,1733,gene-gene,0.434696628,FGFR3,SHC2
624,1734,gene-gene,0.285645386,FGFR3,SHC3
624,1735,gene-gene,0.339900934,FGFR3,SHC4
624,690,gene-gene,0.206199002,FGFR3,GDNF
624,793,gene-gene,0.2467600191999999,FGFR3,HGF
624,871,gene-gene,0.337314508,FGFR3,IGF1
624,873,gene-gene,0.251507379,FGFR3,IGF2
624,939,gene-gene,0.2258374812,FGFR3,INS
624,1229,gene-gene,0.300797728,FGFR3,MST1
624,1273,gene-gene,0.2137637096,FGFR3,NGF
624,1316,gene-gene,0.33614328,FGFR3,NTF3
624,1317,gene-gene,0.2049908279999999,FGFR3,NTF4
624,1357,gene-gene,0.3707293319999999,FGFR3,PDGFA
624,1358,gene-gene,0.302511392,FGFR3,PDGFB
624,1359,gene-gene,0.2555840219999999,FGFR3,PDGFC
624,1360,gene-gene,0.2262217878,FGFR3,PDGFD
624,1381,gene-gene,0.2511811356,FGFR3,PGF
624,1867,gene-gene,0.282210005,FGFR3,TGFA
624,1969,gene-gene,0.2209085912,FGFR3,VEGFB
625,741,gene-gene,0.293521686,FGFR4,GRB2
625,811,gene-gene,0.2229241906,FGFR4,HRAS
625,953,gene-gene,0.478806696,FGFR4,IRS1
625,1019,gene-gene,0.312678236,FGFR4,KRAS
625,1309,gene-gene,0.290296824,FGFR4,NRAS
625,1396,gene-gene,0.3470948214,FGFR4,PIK3CA
625,1400,gene-gene,0.2112330859999999,FGFR4,PIK3R1
625,1401,gene-gene,0.218906812,FGFR4,PIK3R2
625,1402,gene-gene,0.292328944,FGFR4,PIK3R3
625,1435,gene-gene,0.32927603,FGFR4,PLCB1
625,1436,gene-gene,0.332831134,FGFR4,PLCB2
625,1437,gene-gene,0.355187824,FGFR4,PLCB3
625,1438,gene-gene,0.37434655,FGFR4,PLCB4
625,1444,gene-gene,0.314564736,FGFR4,PLCG2
625,1732,gene-gene,0.331234866,FGFR4,SHC1
625,1733,gene-gene,0.406615428,FGFR4,SHC2
625,1735,gene-gene,0.295377342,FGFR4,SHC4
625,634,gene-gene,0.3221703159999999,FGFR4,FLT3LG
625,793,gene-gene,0.270368846,FGFR4,HGF
625,871,gene-gene,0.252602094,FGFR4,IGF1
625,873,gene-gene,0.300195464,FGFR4,IGF2
625,939,gene-gene,0.2430463759999999,FGFR4,INS
625,1015,gene-gene,0.23225163,FGFR4,KITLG
625,1273,gene-gene,0.266930336,FGFR4,NGF
625,1316,gene-gene,0.2978594979999999,FGFR4,NTF3
625,1317,gene-gene,0.2098412066,FGFR4,NTF4
625,1357,gene-gene,0.2367016549999999,FGFR4,PDGFA
625,1358,gene-gene,0.2463956568,FGFR4,PDGFB
625,1359,gene-gene,0.2837024278,FGFR4,PDGFC
625,1381,gene-gene,0.213260186,FGFR4,PGF
625,1867,gene-gene,0.324086544,FGFR4,TGFA
626,980,gene-gene,0.441875674,FGR,ITK
626,1396,gene-gene,0.4660009580000001,FGR,PIK3CA
626,1397,gene-gene,0.582479678,FGR,PIK3CB
626,1398,gene-gene,0.373645104,FGR,PIK3CD
626,1399,gene-gene,0.447550046,FGR,PIK3CG
626,1400,gene-gene,0.5061732919999999,FGR,PIK3R1
626,1401,gene-gene,0.41397969,FGR,PIK3R2
626,1402,gene-gene,0.3318765959999999,FGR,PIK3R3
626,1404,gene-gene,0.521007106,FGR,PIK3R5
626,1405,gene-gene,0.380434094,FGR,PIK3R6
626,1557,gene-gene,0.4942728019999999,FGR,PTK2
626,1558,gene-gene,0.487103888,FGR,PTK2B
626,1732,gene-gene,0.352331894,FGR,SHC1
626,1733,gene-gene,0.510774622,FGR,SHC2
626,1734,gene-gene,0.51964798,FGR,SHC3
626,1735,gene-gene,0.45833081,FGR,SHC4
626,709,gene-gene,0.4668432919999999,FGR,GNAI1
626,710,gene-gene,0.399830126,FGR,GNAI2
626,711,gene-gene,0.3404141611999999,FGR,GNAI3
626,2019,drug-gene,1.0,FGR,Dasatinib
632,741,gene-gene,0.310311442,FLT1,GRB2
632,953,gene-gene,0.4125855813999999,FLT1,IRS1
632,1435,gene-gene,0.280997761,FLT1,PLCB1
632,1436,gene-gene,0.397988358,FLT1,PLCB2
632,1437,gene-gene,0.256712496,FLT1,PLCB3
632,1443,gene-gene,0.249821352,FLT1,PLCG1
632,1444,gene-gene,0.2184137502,FLT1,PLCG2
632,1732,gene-gene,0.414310768,FLT1,SHC1
632,1733,gene-gene,0.356483514,FLT1,SHC2
632,1734,gene-gene,0.2774635479999999,FLT1,SHC3
632,1735,gene-gene,0.316364254,FLT1,SHC4
632,634,gene-gene,0.30873948,FLT1,FLT3LG
632,690,gene-gene,0.288758278,FLT1,GDNF
632,793,gene-gene,0.2783807219999999,FLT1,HGF
632,797,gene-gene,0.341018144,FLT1,HIF1A
632,871,gene-gene,0.257952712,FLT1,IGF1
632,873,gene-gene,0.2122806011999999,FLT1,IGF2
632,1015,gene-gene,0.3150357179999999,FLT1,KITLG
632,1229,gene-gene,0.246911309,FLT1,MST1
632,1316,gene-gene,0.423583968,FLT1,NTF3
632,1317,gene-gene,0.2419115316,FLT1,NTF4
632,1357,gene-gene,0.2209214639999999,FLT1,PDGFA
632,1358,gene-gene,0.3386248148,FLT1,PDGFB
632,1359,gene-gene,0.2390573848,FLT1,PDGFC
632,1360,gene-gene,0.275476868,FLT1,PDGFD
632,1381,gene-gene,0.3002879779999999,FLT1,PGF
632,1968,gene-gene,0.2531915886,FLT1,VEGFA
632,1969,gene-gene,0.248364514,FLT1,VEGFB
632,1970,gene-gene,0.3492488407999999,FLT1,VEGFC
633,741,gene-gene,0.2486730147999999,FLT3,GRB2
633,953,gene-gene,0.389002166,FLT3,IRS1
633,1732,gene-gene,0.367339513,FLT3,SHC1
633,1733,gene-gene,0.231927849,FLT3,SHC2
633,1734,gene-gene,0.343615746,FLT3,SHC3
633,1735,gene-gene,0.344852236,FLT3,SHC4
633,634,gene-gene,0.36662812,FLT3,FLT3LG
633,793,gene-gene,0.3018458679999999,FLT3,HGF
633,871,gene-gene,0.283764258,FLT3,IGF1
633,873,gene-gene,0.311544868,FLT3,IGF2
633,939,gene-gene,0.283872694,FLT3,INS
633,1015,gene-gene,0.2717076812,FLT3,KITLG
633,1273,gene-gene,0.314061462,FLT3,NGF
633,1316,gene-gene,0.370887354,FLT3,NTF3
633,1317,gene-gene,0.219918292,FLT3,NTF4
633,1358,gene-gene,0.312056138,FLT3,PDGFB
633,1359,gene-gene,0.325151184,FLT3,PDGFC
633,1360,gene-gene,0.449900312,FLT3,PDGFD
633,1381,gene-gene,0.33297289,FLT3,PGF
633,1867,gene-gene,0.402924503,FLT3,TGFA
633,1968,gene-gene,0.2833345712,FLT3,VEGFA
633,1969,gene-gene,0.236233199,FLT3,VEGFB
633,1970,gene-gene,0.355641302,FLT3,VEGFC
634,635,gene-gene,0.359110968,FLT3LG,FLT4
634,872,gene-gene,0.369254268,FLT3LG,IGF1R
634,1010,gene-gene,0.331464724,FLT3LG,KDR
634,1014,gene-gene,0.59601605,FLT3LG,KIT
634,1205,gene-gene,0.213218708,FLT3LG,MET
634,1274,gene-gene,0.277672186,FLT3LG,NGFR
634,1318,gene-gene,0.376190868,FLT3LG,NTRK1
634,1319,gene-gene,0.293796348,FLT3LG,NTRK2
634,1361,gene-gene,0.219553044,FLT3LG,PDGFRA
634,1362,gene-gene,0.4864210439999999,FLT3LG,PDGFRB
634,1860,gene-gene,0.2222226759999999,FLT3LG,TEK
635,741,gene-gene,0.27599393,FLT4,GRB2
635,953,gene-gene,0.428605778,FLT4,IRS1
635,1435,gene-gene,0.274588316,FLT4,PLCB1
635,1436,gene-gene,0.32864792,FLT4,PLCB2
635,1437,gene-gene,0.373880738,FLT4,PLCB3
635,1438,gene-gene,0.336856303,FLT4,PLCB4
635,1443,gene-gene,0.2282154368,FLT4,PLCG1
635,1444,gene-gene,0.3124879,FLT4,PLCG2
635,1732,gene-gene,0.367991204,FLT4,SHC1
635,1733,gene-gene,0.293446918,FLT4,SHC2
635,1734,gene-gene,0.309226955,FLT4,SHC3
635,1735,gene-gene,0.30987069,FLT4,SHC4
635,690,gene-gene,0.219439618,FLT4,GDNF
635,793,gene-gene,0.2787578,FLT4,HGF
635,871,gene-gene,0.453838968,FLT4,IGF1
635,939,gene-gene,0.220800491,FLT4,INS
635,1015,gene-gene,0.3048756971999999,FLT4,KITLG
635,1229,gene-gene,0.330303518,FLT4,MST1
635,1273,gene-gene,0.3687852379999999,FLT4,NGF
635,1316,gene-gene,0.2664465,FLT4,NTF3
635,1317,gene-gene,0.278786418,FLT4,NTF4
635,1357,gene-gene,0.400910082,FLT4,PDGFA
635,1358,gene-gene,0.2263571187999999,FLT4,PDGFB
635,1359,gene-gene,0.361728328,FLT4,PDGFC
635,1360,gene-gene,0.2550631721999999,FLT4,PDGFD
635,1381,gene-gene,0.254207148,FLT4,PGF
635,1867,gene-gene,0.317074012,FLT4,TGFA
635,1968,gene-gene,0.2930200472,FLT4,VEGFA
635,1969,gene-gene,0.2521076012,FLT4,VEGFB
635,1970,gene-gene,0.347758544,FLT4,VEGFC
640,862,gene-gene,0.32213299,FOS,IFNG
640,878,gene-gene,0.363334924,FOS,IL10
640,883,gene-gene,0.211614986,FOS,IL12A
640,884,gene-gene,0.242852828,FOS,IL12B
640,887,gene-gene,0.2179396039999999,FOS,IL13
640,905,gene-gene,0.277179291,FOS,IL2
640,922,gene-gene,0.377380534,FOS,IL4
640,924,gene-gene,0.413355798,FOS,IL5
640,926,gene-gene,0.2147582819999999,FOS,IL6
640,1072,gene-gene,0.283935104,FOS,LCN2
640,1216,gene-gene,0.293535954,FOS,MMP1
640,1217,gene-gene,0.221325414,FOS,MMP13
640,1222,gene-gene,0.228792194,FOS,MMP9
640,1232,gene-gene,0.204021225,FOS,MUC5B
640,1556,gene-gene,0.452361042,FOS,PTGS2
640,1695,gene-gene,0.2399799859999999,FOS,S100A7A
640,1696,gene-gene,0.279118946,FOS,S100A8
640,1905,gene-gene,0.425503918,FOS,TNF
640,811,gene-gene,0.335241158,FOS,HRAS
640,1019,gene-gene,0.2918200119999999,FOS,KRAS
640,1158,gene-gene,0.293666674,FOS,MAPK1
640,1159,gene-gene,0.3286619056,FOS,MAPK10
640,1160,gene-gene,0.331264932,FOS,MAPK11
640,1161,gene-gene,0.309700924,FOS,MAPK12
640,1162,gene-gene,0.387874736,FOS,MAPK13
640,1163,gene-gene,0.5625554100000001,FOS,MAPK14
640,1165,gene-gene,0.460200322,FOS,MAPK3
640,1166,gene-gene,0.2319719434,FOS,MAPK4
640,1168,gene-gene,0.308492796,FOS,MAPK7
640,1169,gene-gene,0.322573392,FOS,MAPK8
640,1173,gene-gene,0.38889335,FOS,MAPK9
640,1309,gene-gene,0.34313573,FOS,NRAS
640,1932,gene-gene,0.3350655939999999,FOS,TRAF3IP2
641,862,gene-gene,0.228326918,FOSB,IFNG
641,887,gene-gene,0.2804505739999999,FOSB,IL13
641,902,gene-gene,0.2099958519999999,FOSB,IL1B
641,922,gene-gene,0.340710194,FOSB,IL4
641,924,gene-gene,0.3263493328,FOSB,IL5
641,926,gene-gene,0.3225298239999999,FOSB,IL6
641,1072,gene-gene,0.2756527568,FOSB,LCN2
641,1216,gene-gene,0.337733848,FOSB,MMP1
641,1217,gene-gene,0.269995906,FOSB,MMP13
641,1222,gene-gene,0.236699476,FOSB,MMP9
641,1232,gene-gene,0.2261726979999999,FOSB,MUC5B
641,1556,gene-gene,0.509779844,FOSB,PTGS2
641,1696,gene-gene,0.221055348,FOSB,S100A8
641,1697,gene-gene,0.2043735059999999,FOSB,S100A9
641,1905,gene-gene,0.6225549260000001,FOSB,TNF
641,1158,gene-gene,0.277472038,FOSB,MAPK1
641,1159,gene-gene,0.320116328,FOSB,MAPK10
641,1160,gene-gene,0.258328918,FOSB,MAPK11
641,1161,gene-gene,0.35597192,FOSB,MAPK12
641,1162,gene-gene,0.475206472,FOSB,MAPK13
641,1163,gene-gene,0.678293764,FOSB,MAPK14
641,1164,gene-gene,0.211573598,FOSB,MAPK15
641,1165,gene-gene,0.337791408,FOSB,MAPK3
641,1166,gene-gene,0.2324403145999999,FOSB,MAPK4
641,1168,gene-gene,0.309087232,FOSB,MAPK7
641,1169,gene-gene,0.342199624,FOSB,MAPK8
641,1173,gene-gene,0.2376945838,FOSB,MAPK9
641,1935,gene-gene,0.2489231691999999,FOSB,TRAF6
642,862,gene-gene,0.364928348,FOSL1,IFNG
642,887,gene-gene,0.40212211,FOSL1,IL13
642,922,gene-gene,0.2278877399999999,FOSL1,IL4
642,924,gene-gene,0.3066513791999999,FOSL1,IL5
642,926,gene-gene,0.296149768,FOSL1,IL6
642,1072,gene-gene,0.3217450208,FOSL1,LCN2
642,1216,gene-gene,0.329628616,FOSL1,MMP1
642,1217,gene-gene,0.261728518,FOSL1,MMP13
642,1220,gene-gene,0.2733695565999999,FOSL1,MMP3
642,1222,gene-gene,0.275517448,FOSL1,MMP9
642,1232,gene-gene,0.312223602,FOSL1,MUC5B
642,1556,gene-gene,0.5595879800000001,FOSL1,PTGS2
642,1696,gene-gene,0.2565556105,FOSL1,S100A8
642,1905,gene-gene,0.6574753959999999,FOSL1,TNF
642,1158,gene-gene,0.348540828,FOSL1,MAPK1
642,1159,gene-gene,0.415902218,FOSL1,MAPK10
642,1160,gene-gene,0.343700792,FOSL1,MAPK11
642,1161,gene-gene,0.2194113256,FOSL1,MAPK12
642,1162,gene-gene,0.473754676,FOSL1,MAPK13
642,1163,gene-gene,0.61761523,FOSL1,MAPK14
642,1165,gene-gene,0.303590934,FOSL1,MAPK3
642,1168,gene-gene,0.316555023,FOSL1,MAPK7
642,1169,gene-gene,0.320753402,FOSL1,MAPK8
642,1173,gene-gene,0.335079438,FOSL1,MAPK9
642,1932,gene-gene,0.241515006,FOSL1,TRAF3IP2
642,1935,gene-gene,0.204320898,FOSL1,TRAF6
643,1158,gene-gene,0.30295363,FOXO1,MAPK1
643,1159,gene-gene,0.230377022,FOXO1,MAPK10
643,1161,gene-gene,0.2486772188,FOXO1,MAPK12
643,1162,gene-gene,0.2363148427999999,FOXO1,MAPK13
643,1163,gene-gene,0.542062008,FOXO1,MAPK14
643,1169,gene-gene,0.3730840037999999,FOXO1,MAPK8
643,1514,gene-gene,0.2900159672,FOXO1,PRKAB1
643,1519,gene-gene,0.2434821053999999,FOXO1,PRKAG1
643,1520,gene-gene,0.2209710079999999,FOXO1,PRKAG2
643,1724,gene-gene,0.2410872952,FOXO1,SGK1
643,1726,gene-gene,0.25454801,FOXO1,SGK3
643,1813,gene-gene,0.279519012,FOXO1,STAT3
644,679,gene-gene,0.2025363191999999,FOXO3,GADD45G
644,1344,gene-gene,0.225462027,FOXO3,PCK1
644,876,gene-gene,0.253870699,FOXO3,IKBKB
644,1158,gene-gene,0.362236919,FOXO3,MAPK1
644,1159,gene-gene,0.229833872,FOXO3,MAPK10
644,1161,gene-gene,0.310648678,FOXO3,MAPK12
644,1162,gene-gene,0.2029319474,FOXO3,MAPK13
644,1163,gene-gene,0.340939186,FOXO3,MAPK14
644,1165,gene-gene,0.2419993759999999,FOXO3,MAPK3
644,1277,gene-gene,0.2265476564,FOXO3,NLK
644,1514,gene-gene,0.2092385387999999,FOXO3,PRKAB1
644,1515,gene-gene,0.357640672,FOXO3,PRKAB2
644,1519,gene-gene,0.250457328,FOXO3,PRKAG1
644,1520,gene-gene,0.243663218,FOXO3,PRKAG2
644,1724,gene-gene,0.2803162119999999,FOXO3,SGK1
644,1725,gene-gene,0.2849248268,FOXO3,SGK2
644,1726,gene-gene,0.246988216,FOXO3,SGK3
644,1813,gene-gene,0.276241088,FOXO3,STAT3
655,1397,gene-gene,0.2740672032,FXYD2,PIK3CB
655,1398,gene-gene,0.246218716,FXYD2,PIK3CD
655,1400,gene-gene,0.281165644,FXYD2,PIK3R1
657,671,gene-gene,0.5641616700000001,FYN,GAB2
657,1071,gene-gene,0.696845272,FYN,LCK
657,2011,gene-gene,0.581365092,FYN,ZAP70
657,1126,gene-gene,0.865417878,FYN,LYN
657,1228,gene-gene,0.248841696,FYN,MS4A2
657,1565,gene-gene,0.5466447320000001,FYN,PTPRC
657,2019,drug-gene,1.0,FYN,Dasatinib
659,1435,gene-gene,0.253142206,FZD10,PLCB1
660,1438,gene-gene,0.287772164,FZD2,PLCB4
662,1435,gene-gene,0.253731384,FZD4,PLCB1
662,1436,gene-gene,0.2415036129999999,FZD4,PLCB2
663,1436,gene-gene,0.2181005439999999,FZD5,PLCB2
663,1437,gene-gene,0.268437442,FZD5,PLCB3
663,1438,gene-gene,0.231942936,FZD5,PLCB4
666,1438,gene-gene,0.2442052579999999,FZD8,PLCB4
667,1438,gene-gene,0.2079943232,FZD9,PLCB4
668,1513,gene-gene,0.2069250222,G6PC2,PRKAA2
668,1514,gene-gene,0.200617466,G6PC2,PRKAB1
668,1520,gene-gene,0.217388094,G6PC2,PRKAG2
669,1521,gene-gene,0.2241720563999999,G6PC3,PRKAG3
670,1396,gene-gene,0.3285973299999999,GAB1,PIK3CA
670,1397,gene-gene,0.2801276553999999,GAB1,PIK3CB
670,1398,gene-gene,0.4048485539999999,GAB1,PIK3CD
670,1400,gene-gene,0.370470106,GAB1,PIK3R1
670,1401,gene-gene,0.3013386919999999,GAB1,PIK3R2
670,1402,gene-gene,0.2619935,GAB1,PIK3R3
670,1789,gene-gene,0.21050502684,GAB1,SOS1
670,741,gene-gene,0.275182734,GAB1,GRB2
670,942,gene-gene,0.30223893,GAB1,INSR
670,1014,gene-gene,0.610723448,GAB1,KIT
670,1362,gene-gene,0.513715092,GAB1,PDGFRB
670,1732,gene-gene,0.4578487788,GAB1,SHC1
670,1733,gene-gene,0.387760628,GAB1,SHC2
670,1734,gene-gene,0.251336882,GAB1,SHC3
670,1735,gene-gene,0.46648182,GAB1,SHC4
671,1396,gene-gene,0.457067288,GAB2,PIK3CA
671,1397,gene-gene,0.34104857,GAB2,PIK3CB
671,1398,gene-gene,0.38655957,GAB2,PIK3CD
671,1400,gene-gene,0.343390924,GAB2,PIK3R1
671,1401,gene-gene,0.436639598,GAB2,PIK3R2
671,1402,gene-gene,0.3841129426,GAB2,PIK3R3
671,1790,gene-gene,0.207213556,GAB2,SOS2
671,741,gene-gene,0.331586808,GAB2,GRB2
671,942,gene-gene,0.2468311708,GAB2,INSR
671,1014,gene-gene,0.6781071599999999,GAB2,KIT
671,1362,gene-gene,0.671175996,GAB2,PDGFRB
671,1830,gene-gene,0.2834141599999999,GAB2,SYK
677,1268,gene-gene,0.360989514,GADD45A,NFKB1
678,1268,gene-gene,0.428781138,GADD45B,NFKB1
678,1631,gene-gene,0.212230062,GADD45B,RELA
678,1922,gene-gene,0.243785216,GADD45B,TP53
679,1268,gene-gene,0.411911936,GADD45G,NFKB1
679,1631,gene-gene,0.2188678807999999,GADD45G,RELA
679,1922,gene-gene,0.2426505483999999,GADD45G,TP53
686,1811,gene-gene,0.24443246,GCK,STAT1
686,1815,gene-gene,0.219786396,GCK,STAT5A
686,1816,gene-gene,0.591788516,GCK,STAT5B
690,1010,gene-gene,0.263958888,GDNF,KDR
690,1230,gene-gene,0.26763975,GDNF,MST1R
690,1318,gene-gene,0.2515243319999999,GDNF,NTRK1
690,1319,gene-gene,0.238442738,GDNF,NTRK2
690,1361,gene-gene,0.2425452659999999,GDNF,PDGFRA
690,1362,gene-gene,0.397103388,GDNF,PDGFRB
690,1634,gene-gene,0.2386545659999999,GDNF,RET
691,1811,gene-gene,0.2433397486,GFAP,STAT1
691,1812,gene-gene,0.2215603799999999,GFAP,STAT2
691,1815,gene-gene,0.275491054,GFAP,STAT5A
691,1816,gene-gene,0.3669031379999999,GFAP,STAT5B
691,1817,gene-gene,0.2690316604,GFAP,STAT6
692,1362,gene-gene,0.401066852,GH1,PDGFRB
693,988,gene-gene,0.2013902956,GH2,JAK3
693,1362,gene-gene,0.537205126,GH2,PDGFRB
699,1464,gene-gene,0.2910879469999999,GK2,PPARG
699,1687,gene-gene,0.4697637200000001,GK2,RXRA
699,1688,gene-gene,0.436616218,GK2,RXRB
699,1689,gene-gene,0.6633488919999999,GK2,RXRG
700,1548,gene-gene,0.2009325259999999,GLI1,PTCH1
700,1549,gene-gene,0.2163924739999999,GLI1,PTCH2
700,1828,gene-gene,0.2050322732,GLI1,SUFU
700,1516,gene-gene,0.2434995755999999,GLI1,PRKACA
700,1517,gene-gene,0.2222905735999999,GLI1,PRKACB
700,1798,gene-gene,0.2745610598,GLI1,SPOP
701,1013,gene-gene,0.36707848,GLI2,KIF7
701,1548,gene-gene,0.208851599,GLI2,PTCH1
701,1856,gene-gene,0.20475509,GLI2,TEAD2
702,1549,gene-gene,0.211574087588,GLI3,PTCH2
702,1517,gene-gene,0.2039846867999999,GLI3,PRKACB
702,1799,gene-gene,0.2467042358,GLI3,SPOPL
704,1438,gene-gene,0.2167666302,GNA11,PLCB4
706,1643,gene-gene,0.230256018,GNA13,RHOA
709,716,gene-gene,0.24871348,GNAI1,GNB1
709,811,gene-gene,0.324704792,GNAI1,HRAS
709,1003,gene-gene,0.2168974622,GNAI1,KCNJ9
709,1126,gene-gene,0.4835387439999999,GNAI1,LYN
709,1291,gene-gene,0.219538835,GNAI1,NOS3
709,1396,gene-gene,0.3762964059999999,GNAI1,PIK3CA
709,1397,gene-gene,0.4091816599999999,GNAI1,PIK3CB
709,1398,gene-gene,0.298195078,GNAI1,PIK3CD
709,1401,gene-gene,0.377881522,GNAI1,PIK3R2
709,1402,gene-gene,0.239030146,GNAI1,PIK3R3
709,1404,gene-gene,0.2235457164,GNAI1,PIK3R5
709,1405,gene-gene,0.2442198572,GNAI1,PIK3R6
709,1435,gene-gene,0.331433184,GNAI1,PLCB1
709,1438,gene-gene,0.289826664,GNAI1,PLCB4
709,1801,gene-gene,0.5442752439999999,GNAI1,SRC
709,1326,gene-gene,0.272494698,GNAI1,OPRM1
709,1685,gene-gene,0.205327482,GNAI1,RXFP3
710,720,gene-gene,0.241321596,GNAI2,GNB5
710,730,gene-gene,0.201347142,GNAI2,GNG8
710,811,gene-gene,0.20202249,GNAI2,HRAS
710,1000,gene-gene,0.243605984,GNAI2,KCNJ5
710,1126,gene-gene,0.336169064,GNAI2,LYN
710,1309,gene-gene,0.291814916,GNAI2,NRAS
710,1396,gene-gene,0.263357556,GNAI2,PIK3CA
710,1397,gene-gene,0.361775198,GNAI2,PIK3CB
710,1398,gene-gene,0.304474108,GNAI2,PIK3CD
710,1400,gene-gene,0.2997655099999999,GNAI2,PIK3R1
710,1401,gene-gene,0.4078595459999999,GNAI2,PIK3R2
710,1402,gene-gene,0.276643174,GNAI2,PIK3R3
710,1405,gene-gene,0.217552464,GNAI2,PIK3R6
710,1435,gene-gene,0.322225976,GNAI2,PLCB1
710,1436,gene-gene,0.357293724,GNAI2,PLCB2
710,1437,gene-gene,0.336301544,GNAI2,PLCB3
710,1438,gene-gene,0.219439452,GNAI2,PLCB4
710,1529,gene-gene,0.2231465899999999,GNAI2,PRKCE
710,1801,gene-gene,0.5660123739999999,GNAI2,SRC
710,828,gene-gene,0.2245923448,GNAI2,HTR1E
710,1698,gene-gene,0.2107255528,GNAI2,S1PR1
711,721,gene-gene,0.2372292599999999,GNAI3,GNG10
711,1019,gene-gene,0.26440384,GNAI3,KRAS
711,1126,gene-gene,0.471092244,GNAI3,LYN
711,1291,gene-gene,0.20623381,GNAI3,NOS3
711,1309,gene-gene,0.211129468,GNAI3,NRAS
711,1396,gene-gene,0.3680424978,GNAI3,PIK3CA
711,1397,gene-gene,0.361865048,GNAI3,PIK3CB
711,1398,gene-gene,0.275509264,GNAI3,PIK3CD
711,1400,gene-gene,0.310934146,GNAI3,PIK3R1
711,1401,gene-gene,0.30468244,GNAI3,PIK3R2
711,1404,gene-gene,0.2397134668,GNAI3,PIK3R5
711,1435,gene-gene,0.297429746,GNAI3,PLCB1
711,1436,gene-gene,0.354511274,GNAI3,PLCB2
711,1437,gene-gene,0.2424380559999999,GNAI3,PLCB3
711,1438,gene-gene,0.289158698,GNAI3,PLCB4
711,1801,gene-gene,0.613687958,GNAI3,SRC
713,1399,gene-gene,0.2272199339999999,GNAO1,PIK3CG
713,1437,gene-gene,0.30041814,GNAO1,PLCB3
713,1801,gene-gene,0.471996832,GNAO1,SRC
714,1514,gene-gene,0.2985090019999999,GNAQ,PRKAB1
715,1801,gene-gene,0.484041212,GNAS,SRC
716,1400,gene-gene,0.225734426,GNB1,PIK3R1
716,1401,gene-gene,0.2221334365999999,GNB1,PIK3R2
716,1437,gene-gene,0.20317607,GNB1,PLCB3
716,1515,gene-gene,0.2174549599999999,GNB1,PRKAB2
717,1398,gene-gene,0.24819337168,GNB2,PIK3CD
717,1400,gene-gene,0.34528785,GNB2,PIK3R1
717,1402,gene-gene,0.3090859112,GNB2,PIK3R3
717,1437,gene-gene,0.214910212,GNB2,PLCB3
717,1520,gene-gene,0.2934834006,GNB2,PRKAG2
718,1396,gene-gene,0.225321724,GNB3,PIK3CA
718,1397,gene-gene,0.2178696695,GNB3,PIK3CB
718,1400,gene-gene,0.21426397,GNB3,PIK3R1
718,1402,gene-gene,0.23539746614,GNB3,PIK3R3
718,1512,gene-gene,0.223782295,GNB3,PRKAA1
719,1397,gene-gene,0.253120927,GNB4,PIK3CB
719,1398,gene-gene,0.2180658472,GNB4,PIK3CD
719,1402,gene-gene,0.2443716252,GNB4,PIK3R3
719,1436,gene-gene,0.2137349168,GNB4,PLCB2
719,1437,gene-gene,0.2238263208,GNB4,PLCB3
719,1513,gene-gene,0.2817733668,GNB4,PRKAA2
719,1514,gene-gene,0.21099245,GNB4,PRKAB1
719,1520,gene-gene,0.2311035032,GNB4,PRKAG2
720,1400,gene-gene,0.2089589504,GNB5,PIK3R1
720,1438,gene-gene,0.20345456,GNB5,PLCB4
720,1443,gene-gene,0.264727166,GNB5,PLCG1
720,1513,gene-gene,0.2255065473999999,GNB5,PRKAA2
720,1519,gene-gene,0.20743957,GNB5,PRKAG1
721,1397,gene-gene,0.2209311249999999,GNG10,PIK3CB
721,1435,gene-gene,0.230148448,GNG10,PLCB1
722,1396,gene-gene,0.2884892812,GNG11,PIK3CA
722,1398,gene-gene,0.2341314302,GNG11,PIK3CD
722,1401,gene-gene,0.2075050332,GNG11,PIK3R2
722,1438,gene-gene,0.219479936,GNG11,PLCB4
722,1515,gene-gene,0.274477014,GNG11,PRKAB2
722,1519,gene-gene,0.230325106,GNG11,PRKAG1
722,1521,gene-gene,0.247691622,GNG11,PRKAG3
723,1397,gene-gene,0.27243186,GNG12,PIK3CB
723,1512,gene-gene,0.2318962392,GNG12,PRKAA1
724,1436,gene-gene,0.211390758,GNG13,PLCB2
724,1438,gene-gene,0.228865178,GNG13,PLCB4
725,1401,gene-gene,0.21716518044,GNG2,PIK3R2
725,1436,gene-gene,0.243879818,GNG2,PLCB2
725,1519,gene-gene,0.2155026669999999,GNG2,PRKAG1
726,1396,gene-gene,0.2092948814,GNG3,PIK3CA
726,1401,gene-gene,0.30355785,GNG3,PIK3R2
726,1436,gene-gene,0.2364545817999999,GNG3,PLCB2
726,1438,gene-gene,0.222615268,GNG3,PLCB4
726,1512,gene-gene,0.236052876,GNG3,PRKAA1
726,1514,gene-gene,0.235882806,GNG3,PRKAB1
726,1520,gene-gene,0.221136189,GNG3,PRKAG2
727,1437,gene-gene,0.264529337,GNG4,PLCB3
728,811,gene-gene,0.2052046469999999,GNG5,HRAS
728,1396,gene-gene,0.2254675719999999,GNG5,PIK3CA
728,1397,gene-gene,0.3101178584,GNG5,PIK3CB
728,1400,gene-gene,0.2066281834,GNG5,PIK3R1
728,1402,gene-gene,0.2075660414799999,GNG5,PIK3R3
728,1437,gene-gene,0.28513508,GNG5,PLCB3
728,1512,gene-gene,0.265329614,GNG5,PRKAA1
728,1515,gene-gene,0.2061038524,GNG5,PRKAB2
728,1521,gene-gene,0.228807587,GNG5,PRKAG3
729,1396,gene-gene,0.22929317814,GNG7,PIK3CA
729,1397,gene-gene,0.2458349005999999,GNG7,PIK3CB
729,1398,gene-gene,0.2272341749999999,GNG7,PIK3CD
729,1400,gene-gene,0.2712556067999999,GNG7,PIK3R1
729,1402,gene-gene,0.2424705572,GNG7,PIK3R3
729,1512,gene-gene,0.2358571646,GNG7,PRKAA1
729,1513,gene-gene,0.2197175039999999,GNG7,PRKAA2
729,1515,gene-gene,0.200179674,GNG7,PRKAB2
729,1519,gene-gene,0.219272998,GNG7,PRKAG1
730,1396,gene-gene,0.235133498,GNG8,PIK3CA
730,1398,gene-gene,0.23779105,GNG8,PIK3CD
730,1402,gene-gene,0.236831454,GNG8,PIK3R3
731,1397,gene-gene,0.205400042,GNGT1,PIK3CB
731,1398,gene-gene,0.236708706,GNGT1,PIK3CD
731,1401,gene-gene,0.26057672,GNGT1,PIK3R2
731,1436,gene-gene,0.27622817,GNGT1,PLCB2
731,1512,gene-gene,0.2091767996,GNGT1,PRKAA1
731,1514,gene-gene,0.2497463847999999,GNGT1,PRKAB1
731,1519,gene-gene,0.2410977,GNGT1,PRKAG1
731,1521,gene-gene,0.2216813924,GNGT1,PRKAG3
732,1400,gene-gene,0.2460584306,GNGT2,PIK3R1
732,1401,gene-gene,0.203324104,GNGT2,PIK3R2
732,1435,gene-gene,0.2004250287999999,GNGT2,PLCB1
732,1444,gene-gene,0.2384736766,GNGT2,PLCG2
732,1513,gene-gene,0.2154699738,GNGT2,PRKAA2
732,1514,gene-gene,0.3178100259999999,GNGT2,PRKAB1
732,1519,gene-gene,0.268678958,GNGT2,PRKAG1
732,1520,gene-gene,0.2442409297999999,GNGT2,PRKAG2
732,1521,gene-gene,0.27862421944,GNGT2,PRKAG3
738,1435,gene-gene,0.2193288219999999,GPRC6A,PLCB1
740,872,gene-gene,0.2331519339999999,GRB10,IGF1R
740,942,gene-gene,0.343607632,GRB10,INSR
740,1231,gene-gene,0.498451692,GRB10,MTOR
741,872,gene-gene,0.276598232,GRB2,IGF1R
741,942,gene-gene,0.262427595,GRB2,INSR
741,1010,gene-gene,0.310251712,GRB2,KDR
741,1014,gene-gene,0.502725148,GRB2,KIT
741,1134,gene-gene,0.2086243072,GRB2,MAP2K1
741,1205,gene-gene,0.3165885268,GRB2,MET
741,1274,gene-gene,0.2407358879999999,GRB2,NGFR
741,1318,gene-gene,0.275363256,GRB2,NTRK1
741,1319,gene-gene,0.33527049,GRB2,NTRK2
741,1361,gene-gene,0.2281423719999999,GRB2,PDGFRA
741,1362,gene-gene,0.534000262,GRB2,PDGFRB
741,1560,gene-gene,0.2473299292,GRB2,PTPN11
741,1732,gene-gene,0.455676408,GRB2,SHC1
741,1733,gene-gene,0.3138754287999999,GRB2,SHC2
741,1734,gene-gene,0.2362559679999999,GRB2,SHC3
741,1735,gene-gene,0.284216062,GRB2,SHC4
741,1789,gene-gene,0.225226706,GRB2,SOS1
741,1860,gene-gene,0.2756203259999999,GRB2,TEK
741,954,gene-gene,0.42281677,GRB2,IRS2
741,1320,gene-gene,0.227859852,GRB2,NTRK3
741,1729,gene-gene,0.2097131887999999,GRB2,SH2B3
762,1438,gene-gene,0.214539554,GRM2,PLCB4
763,1435,gene-gene,0.20865307766,GRM3,PLCB1
768,1437,gene-gene,0.2421066242,GRM8,PLCB3
768,1438,gene-gene,0.2417153356,GRM8,PLCB4
774,1922,gene-gene,0.2291966559999999,GTSE1,TP53
776,1513,gene-gene,0.2164555919999999,GYS2,PRKAA2
778,1219,gene-gene,0.208603232,HBEGF,MMP2
778,1222,gene-gene,0.336774912,HBEGF,MMP9
782,1396,gene-gene,0.240773538,HCK,PIK3CA
782,1402,gene-gene,0.218226106,HCK,PIK3R3
782,1733,gene-gene,0.2093271692,HCK,SHC2
783,784,gene-gene,0.7426153440000001,HDAC1,HDAC2
783,785,gene-gene,0.977023494,HDAC1,HDAC3
783,1257,gene-gene,0.686990542,HDAC1,NCOR1
783,1258,gene-gene,0.438057716,HDAC1,NCOR2
783,1624,gene-gene,0.61413252,HDAC1,RBPJ
783,1625,gene-gene,0.4989395319999999,HDAC1,RBPJL
783,1687,gene-gene,0.82005415,HDAC1,RXRA
783,1688,gene-gene,0.717085352,HDAC1,RXRB
783,1689,gene-gene,0.653808092,HDAC1,RXRG
783,1883,gene-gene,0.622632344,HDAC1,THRA
783,1884,gene-gene,0.6295918800000001,HDAC1,THRB
783,1890,gene-gene,0.540154966,HDAC1,TLE1
783,1891,gene-gene,0.5230141340000001,HDAC1,TLE2
783,1892,gene-gene,0.458107066,HDAC1,TLE3
783,1893,gene-gene,0.492061212,HDAC1,TLE4
783,1894,gene-gene,0.575566804,HDAC1,TLE6
783,1743,gene-gene,0.5358318019999999,HDAC1,SIN3A
783,2029,drug-gene,1.0,HDAC1,Romidepsin
783,2034,drug-gene,1.0,HDAC1,Vorinostat
784,785,gene-gene,0.656810506,HDAC2,HDAC3
784,1257,gene-gene,0.4062685339999999,HDAC2,NCOR1
784,1258,gene-gene,0.477418578,HDAC2,NCOR2
784,1624,gene-gene,0.3493106039999999,HDAC2,RBPJ
784,1625,gene-gene,0.612503366,HDAC2,RBPJL
784,1687,gene-gene,0.825343206,HDAC2,RXRA
784,1688,gene-gene,0.747824344,HDAC2,RXRB
784,1689,gene-gene,0.85529932,HDAC2,RXRG
784,1883,gene-gene,0.510758154,HDAC2,THRA
784,1884,gene-gene,0.639806988,HDAC2,THRB
784,1890,gene-gene,0.5538968959999999,HDAC2,TLE1
784,1891,gene-gene,0.54555273,HDAC2,TLE2
784,1892,gene-gene,0.4520999339999999,HDAC2,TLE3
784,1893,gene-gene,0.546441694,HDAC2,TLE4
784,1894,gene-gene,0.46361511,HDAC2,TLE6
784,1743,gene-gene,0.692876906,HDAC2,SIN3A
784,2029,drug-gene,1.0,HDAC2,Romidepsin
784,2034,drug-gene,1.0,HDAC2,Vorinostat
785,1257,gene-gene,0.521658422,HDAC3,NCOR1
785,1687,gene-gene,0.741880776,HDAC3,RXRA
785,1688,gene-gene,0.71433348,HDAC3,RXRB
785,1689,gene-gene,0.74336181,HDAC3,RXRG
785,1883,gene-gene,0.460968748,HDAC3,THRA
785,1884,gene-gene,0.531200352,HDAC3,THRB
785,1743,gene-gene,0.6688103780000001,HDAC3,SIN3A
785,2034,drug-gene,1.0,HDAC3,Vorinostat
786,1199,gene-gene,0.579057722,HDAC4,MEF2A
786,1200,gene-gene,0.7437997,HDAC4,MEF2B
786,1201,gene-gene,0.4324870759999999,HDAC4,MEF2C
786,1202,gene-gene,0.446848446,HDAC4,MEF2D
786,2029,drug-gene,1.0,HDAC4,Romidepsin
788,1624,gene-gene,0.22945158034,HES1,RBPJ
789,1624,gene-gene,0.2389890439999999,HES5,RBPJ
790,1624,gene-gene,0.295720685,HEY1,RBPJ
793,1010,gene-gene,0.3029746679999999,HGF,KDR
793,1014,gene-gene,0.4187191419999999,HGF,KIT
793,1318,gene-gene,0.2166279072,HGF,NTRK1
793,1319,gene-gene,0.284098756,HGF,NTRK2
793,1320,gene-gene,0.351507696,HGF,NTRK3
793,1361,gene-gene,0.281494322,HGF,PDGFRA
793,1362,gene-gene,0.41245611,HGF,PDGFRB
793,1634,gene-gene,0.2478503388,HGF,RET
793,1860,gene-gene,0.312497496,HGF,TEK
797,800,gene-gene,0.2469071645,HIF1A,HK2
797,801,gene-gene,0.2106534111999999,HIF1A,HK3
797,1075,gene-gene,0.2101160848,HIF1A,LDHAL6A
797,1078,gene-gene,0.2957507664,HIF1A,LDHC
797,1290,gene-gene,0.208816558,HIF1A,NOS2
797,1291,gene-gene,0.287008278,HIF1A,NOS3
797,1298,gene-gene,0.2142269588,HIF1A,NPPA
797,1713,gene-gene,0.275528998,HIF1A,SERPINE1
797,1860,gene-gene,0.39223315,HIF1A,TEK
797,1862,gene-gene,0.24256866,HIF1A,TF
797,1968,gene-gene,0.305226204,HIF1A,VEGFA
797,1268,gene-gene,0.490377752,HIF1A,NFKB1
797,1396,gene-gene,0.408871562,HIF1A,PIK3CA
797,1397,gene-gene,0.306144466,HIF1A,PIK3CB
797,1398,gene-gene,0.417508482,HIF1A,PIK3CD
797,1400,gene-gene,0.2569142206,HIF1A,PIK3R1
797,1401,gene-gene,0.4061109779999999,HIF1A,PIK3R2
797,1402,gene-gene,0.485002634,HIF1A,PIK3R3
797,1631,gene-gene,0.3201773308,HIF1A,RELA
797,1813,gene-gene,0.384594302,HIF1A,STAT3
797,1884,gene-gene,0.3202386299999999,HIF1A,THRB
803,1515,gene-gene,0.207771697,HMGCR,PRKAB2
803,1519,gene-gene,0.2313048713999999,HMGCR,PRKAG1
803,1520,gene-gene,0.24648552,HMGCR,PRKAG2
804,1462,gene-gene,0.262708672,HMGCS1,PPARA
804,1687,gene-gene,0.434782302,HMGCS1,RXRA
804,1688,gene-gene,0.48361346,HMGCS1,RXRB
804,1689,gene-gene,0.40351979,HMGCS1,RXRG
805,1687,gene-gene,0.4058518299999999,HMGCS2,RXRA
805,1688,gene-gene,0.452073576,HMGCS2,RXRB
805,1689,gene-gene,0.478257912,HMGCS2,RXRG
808,1396,gene-gene,0.3121439144,HOMER1,PIK3CA
808,1397,gene-gene,0.275557823,HOMER1,PIK3CB
808,1402,gene-gene,0.266020004,HOMER1,PIK3R3
810,1396,gene-gene,0.2323191329999999,HOMER3,PIK3CA
810,1397,gene-gene,0.239815956,HOMER3,PIK3CB
810,1401,gene-gene,0.205933788,HOMER3,PIK3R2
811,990,gene-gene,0.28528101,HRAS,JUN
811,1141,gene-gene,0.272311092,HRAS,MAP3K1
811,1158,gene-gene,0.28885706,HRAS,MAPK1
811,1159,gene-gene,0.2500277771999999,HRAS,MAPK10
811,1160,gene-gene,0.309537896,HRAS,MAPK11
811,1161,gene-gene,0.2191123956,HRAS,MAPK12
811,1162,gene-gene,0.338111284,HRAS,MAPK13
811,1163,gene-gene,0.476114368,HRAS,MAPK14
811,1165,gene-gene,0.3188497879999999,HRAS,MAPK3
811,1173,gene-gene,0.307688324,HRAS,MAPK9
811,1396,gene-gene,0.343521832,HRAS,PIK3CA
811,1397,gene-gene,0.264680886,HRAS,PIK3CB
811,1398,gene-gene,0.28870426,HRAS,PIK3CD
811,1400,gene-gene,0.29164718,HRAS,PIK3R1
811,1401,gene-gene,0.21707551,HRAS,PIK3R2
811,1402,gene-gene,0.26981263,HRAS,PIK3R3
811,1616,gene-gene,0.2251170784599999,HRAS,RASSF1
811,1637,gene-gene,0.235429959,HRAS,RGL2
811,1399,gene-gene,0.2943969039999999,HRAS,PIK3CG
811,1405,gene-gene,0.287538128,HRAS,PIK3R6
811,1526,gene-gene,0.233537268,HRAS,PRKCA
811,1527,gene-gene,0.32051995,HRAS,PRKCB
811,1530,gene-gene,0.294922604,HRAS,PRKCG
811,1801,gene-gene,0.5955390859999999,HRAS,SRC
818,1159,gene-gene,0.2426115868,HSPA1A,MAPK10
818,1173,gene-gene,0.205236604,HSPA1A,MAPK9
820,1159,gene-gene,0.24146326,HSPA1L,MAPK10
822,1159,gene-gene,0.201614796,HSPA6,MAPK10
823,1159,gene-gene,0.246998488,HSPA8,MAPK10
823,1169,gene-gene,0.519988532,HSPA8,MAPK8
823,1173,gene-gene,0.5060873607999999,HSPA8,MAPK9
823,2019,drug-gene,1.0,HSPA8,Dasatinib
837,1268,gene-gene,0.301974006,ICAM1,NFKB1
837,1631,gene-gene,0.252964186,ICAM1,RELA
838,1402,gene-gene,0.2071869168,ICOS,PIK3R3
845,1362,gene-gene,0.278715006,IFNA1,PDGFRB
845,1268,gene-gene,0.504993608,IFNA1,NFKB1
845,1631,gene-gene,0.249583198,IFNA1,RELA
846,1361,gene-gene,0.224935806,IFNA10,PDGFRA
846,1362,gene-gene,0.4890909219999999,IFNA10,PDGFRB
846,1268,gene-gene,0.38154316,IFNA10,NFKB1
846,1631,gene-gene,0.367023752,IFNA10,RELA
847,986,gene-gene,0.2922815179999999,IFNA13,JAK1
847,1361,gene-gene,0.2589516048,IFNA13,PDGFRA
847,1362,gene-gene,0.434780292,IFNA13,PDGFRB
847,1268,gene-gene,0.613324678,IFNA13,NFKB1
847,1631,gene-gene,0.27114993,IFNA13,RELA
848,1361,gene-gene,0.243817788,IFNA14,PDGFRA
848,1362,gene-gene,0.6370093779999999,IFNA14,PDGFRB
848,949,gene-gene,0.241821968,IFNA14,IRF3
848,951,gene-gene,0.2018408103999999,IFNA14,IRF7
848,1268,gene-gene,0.456858272,IFNA14,NFKB1
848,1631,gene-gene,0.360230718,IFNA14,RELA
849,1362,gene-gene,0.5897075380000001,IFNA16,PDGFRB
849,949,gene-gene,0.239783106,IFNA16,IRF3
849,1268,gene-gene,0.6148549400000001,IFNA16,NFKB1
849,1631,gene-gene,0.31101139,IFNA16,RELA
850,1362,gene-gene,0.470503348,IFNA17,PDGFRB
850,1268,gene-gene,0.4869370039999999,IFNA17,NFKB1
850,1631,gene-gene,0.3411820419999999,IFNA17,RELA
851,988,gene-gene,0.243883456,IFNA2,JAK3
851,1362,gene-gene,0.421675928,IFNA2,PDGFRB
851,951,gene-gene,0.2273289624,IFNA2,IRF7
851,1268,gene-gene,0.5056158820000001,IFNA2,NFKB1
851,1631,gene-gene,0.212686974,IFNA2,RELA
852,1361,gene-gene,0.2317550348,IFNA21,PDGFRA
852,1362,gene-gene,0.4162149279999999,IFNA21,PDGFRB
852,1268,gene-gene,0.5209168820000001,IFNA21,NFKB1
852,1631,gene-gene,0.249432784,IFNA21,RELA
853,1362,gene-gene,0.499367664,IFNA4,PDGFRB
853,951,gene-gene,0.218291,IFNA4,IRF7
853,1268,gene-gene,0.316875164,IFNA4,NFKB1
853,1631,gene-gene,0.4016051499999999,IFNA4,RELA
854,1362,gene-gene,0.435311018,IFNA5,PDGFRB
854,949,gene-gene,0.2308790419999999,IFNA5,IRF3
854,1268,gene-gene,0.434944764,IFNA5,NFKB1
854,1631,gene-gene,0.293063435,IFNA5,RELA
855,1361,gene-gene,0.280399796,IFNA6,PDGFRA
855,1362,gene-gene,0.6271803279999999,IFNA6,PDGFRB
855,1268,gene-gene,0.6680676099999999,IFNA6,NFKB1
855,1631,gene-gene,0.39638703,IFNA6,RELA
856,1362,gene-gene,0.484170078,IFNA7,PDGFRB
856,1268,gene-gene,0.525317348,IFNA7,NFKB1
856,1631,gene-gene,0.361975442,IFNA7,RELA
857,1362,gene-gene,0.371114848,IFNA8,PDGFRB
857,951,gene-gene,0.2348786319999999,IFNA8,IRF7
857,1268,gene-gene,0.637887242,IFNA8,NFKB1
857,1631,gene-gene,0.2148190019999999,IFNA8,RELA
859,1811,gene-gene,0.238718608,IFNAR2,STAT1
860,1362,gene-gene,0.5037214,IFNB1,PDGFRB
860,948,gene-gene,0.2345952468,IFNB1,IRF1
860,1268,gene-gene,0.355445018,IFNB1,NFKB1
861,1361,gene-gene,0.3030056854,IFNE,PDGFRA
861,1362,gene-gene,0.47586018,IFNE,PDGFRB
861,1268,gene-gene,0.58847979,IFNE,NFKB1
861,1631,gene-gene,0.203053238,IFNE,RELA
862,1362,gene-gene,0.4912147639999999,IFNG,PDGFRB
862,1771,gene-gene,0.206727366,IFNG,SMAD7
862,990,gene-gene,0.2094183339999999,IFNG,JUN
862,991,gene-gene,0.3507678999999999,IFNG,JUND
862,1264,gene-gene,0.2535811908,IFNG,NFATC1
862,1265,gene-gene,0.323000342,IFNG,NFATC2
862,1268,gene-gene,0.560778378,IFNG,NFKB1
862,1631,gene-gene,0.302365568,IFNG,RELA
863,1268,gene-gene,0.539726334,IFNGR1,NFKB1
863,1631,gene-gene,0.28322916,IFNGR1,RELA
864,1268,gene-gene,0.401295666,IFNGR2,NFKB1
864,1631,gene-gene,0.2038803408,IFNGR2,RELA
865,1361,gene-gene,0.2176502292,IFNK,PDGFRA
865,1362,gene-gene,0.342327608,IFNK,PDGFRB
865,1268,gene-gene,0.592052346,IFNK,NFKB1
865,1631,gene-gene,0.225780796,IFNK,RELA
866,1361,gene-gene,0.205861683,IFNL1,PDGFRA
866,1362,gene-gene,0.4226251019999999,IFNL1,PDGFRB
867,1361,gene-gene,0.262228376,IFNL2,PDGFRA
867,1362,gene-gene,0.38664906,IFNL2,PDGFRB
868,1361,gene-gene,0.225678022,IFNL3,PDGFRA
868,1362,gene-gene,0.581487768,IFNL3,PDGFRB
870,1362,gene-gene,0.302509024,IFNW1,PDGFRB
870,1268,gene-gene,0.550498298,IFNW1,NFKB1
871,872,gene-gene,0.2684673628,IGF1,IGF1R
871,942,gene-gene,0.460493962,IGF1,INSR
871,1010,gene-gene,0.301213634,IGF1,KDR
871,1014,gene-gene,0.47481234,IGF1,KIT
871,1205,gene-gene,0.256952928,IGF1,MET
871,1274,gene-gene,0.2097587604,IGF1,NGFR
871,1318,gene-gene,0.39642078,IGF1,NTRK1
871,1319,gene-gene,0.2805802631999999,IGF1,NTRK2
871,1361,gene-gene,0.244574334,IGF1,PDGFRA
871,1362,gene-gene,0.4142321799999999,IGF1,PDGFRB
871,1860,gene-gene,0.3844789899999999,IGF1,TEK
871,874,gene-gene,0.210678813,IGF1,IGFBP3
872,953,gene-gene,0.304560392,IGF1R,IRS1
872,954,gene-gene,0.426293998,IGF1R,IRS2
872,1135,gene-gene,0.326324902,IGF1R,MAP2K2
872,1396,gene-gene,0.354375282,IGF1R,PIK3CA
872,1397,gene-gene,0.503640648,IGF1R,PIK3CB
872,1398,gene-gene,0.392875718,IGF1R,PIK3CD
872,1400,gene-gene,0.294984902,IGF1R,PIK3R1
872,1401,gene-gene,0.381455102,IGF1R,PIK3R2
872,1402,gene-gene,0.213091856,IGF1R,PIK3R3
872,1435,gene-gene,0.203930548,IGF1R,PLCB1
872,1436,gene-gene,0.4347831559999999,IGF1R,PLCB2
872,1437,gene-gene,0.388555388,IGF1R,PLCB3
872,1438,gene-gene,0.2549280188,IGF1R,PLCB4
872,1732,gene-gene,0.304057272,IGF1R,SHC1
872,1733,gene-gene,0.452733046,IGF1R,SHC2
872,1734,gene-gene,0.318451048,IGF1R,SHC3
872,1735,gene-gene,0.219529638,IGF1R,SHC4
872,873,gene-gene,0.33176407,IGF1R,IGF2
872,1273,gene-gene,0.2826260712,IGF1R,NGF
872,1316,gene-gene,0.2000181392,IGF1R,NTF3
872,1317,gene-gene,0.2247299132,IGF1R,NTF4
872,1357,gene-gene,0.263986168,IGF1R,PDGFA
872,1358,gene-gene,0.2487673067999999,IGF1R,PDGFB
872,1359,gene-gene,0.2836224026,IGF1R,PDGFC
872,1360,gene-gene,0.284768388,IGF1R,PDGFD
872,1381,gene-gene,0.299522398,IGF1R,PGF
872,1867,gene-gene,0.341237354,IGF1R,TGFA
872,1968,gene-gene,0.418776714,IGF1R,VEGFA
872,1969,gene-gene,0.2504393226,IGF1R,VEGFB
872,1970,gene-gene,0.250235018,IGF1R,VEGFC
873,942,gene-gene,0.2422558352,IGF2,INSR
873,1010,gene-gene,0.28222518,IGF2,KDR
873,1014,gene-gene,0.6235081539999999,IGF2,KIT
873,1274,gene-gene,0.31318123,IGF2,NGFR
873,1318,gene-gene,0.205590108,IGF2,NTRK1
873,1319,gene-gene,0.2456378211999999,IGF2,NTRK2
873,1362,gene-gene,0.609984706,IGF2,PDGFRB
876,953,gene-gene,0.387991882,IKBKB,IRS1
876,954,gene-gene,0.394837908,IKBKB,IRS2
876,1268,gene-gene,0.628205662,IKBKB,NFKB1
876,1269,gene-gene,0.3174319,IKBKB,NFKB2
876,1631,gene-gene,0.3642285939999999,IKBKB,RELA
876,1843,gene-gene,0.2769679392,IKBKB,TBC1D7
876,1942,gene-gene,0.239258058,IKBKB,TSC1
876,945,gene-gene,0.2569951884,IKBKB,IRAK2
876,1130,gene-gene,0.2202440411999999,IKBKB,MALT1
876,1141,gene-gene,0.2261824643999999,IKBKB,MAP3K1
876,1366,gene-gene,0.623199296,IKBKB,PDPK1
876,1833,gene-gene,0.2418473569999999,IKBKB,TAB2
876,1930,gene-gene,0.300668398,IKBKB,TRAF2
878,1362,gene-gene,0.4031675059999999,IL10,PDGFRB
878,1813,gene-gene,0.2171443192,IL10,STAT3
878,1264,gene-gene,0.356185894,IL10,NFATC1
878,1265,gene-gene,0.2440071039999999,IL10,NFATC2
878,1266,gene-gene,0.342322238,IL10,NFATC3
878,1267,gene-gene,0.3527725659999999,IL10,NFATC4
878,1268,gene-gene,0.502805136,IL10,NFKB1
878,1631,gene-gene,0.258051562,IL10,RELA
880,1082,gene-gene,0.2413198278,IL10RB,LEP
881,1362,gene-gene,0.4561604039999999,IL11,PDGFRB
883,1362,gene-gene,0.3504782899999999,IL12A,PDGFRB
883,948,gene-gene,0.229017278,IL12A,IRF1
883,950,gene-gene,0.218850476,IL12A,IRF5
883,990,gene-gene,0.24223624,IL12A,JUN
883,1268,gene-gene,0.4371577519999999,IL12A,NFKB1
883,1631,gene-gene,0.24118798,IL12A,RELA
884,1362,gene-gene,0.266508206,IL12B,PDGFRB
884,990,gene-gene,0.323275188,IL12B,JUN
884,1268,gene-gene,0.5292618499999999,IL12B,NFKB1
884,1631,gene-gene,0.269575444,IL12B,RELA
887,1362,gene-gene,0.338218153,IL13,PDGFRB
887,990,gene-gene,0.292055362,IL13,JUN
887,991,gene-gene,0.2439338428,IL13,JUND
887,1268,gene-gene,0.390041622,IL13,NFKB1
887,1631,gene-gene,0.252583818,IL13,RELA
888,1362,gene-gene,0.3381049379999999,IL15,PDGFRB
893,1362,gene-gene,0.5281606780000001,IL17D,PDGFRB
893,952,gene-gene,0.25127442,IL17D,IRF9
893,1264,gene-gene,0.218925558,IL17D,NFATC1
893,1265,gene-gene,0.455916176,IL17D,NFATC2
893,1266,gene-gene,0.397051825,IL17D,NFATC3
893,1267,gene-gene,0.3317010999999999,IL17D,NFATC4
893,1811,gene-gene,0.299372652,IL17D,STAT1
893,1812,gene-gene,0.305150068,IL17D,STAT2
897,1165,gene-gene,0.2343808839999999,IL17RC,MAPK3
899,1268,gene-gene,0.417560736,IL18,NFKB1
899,1631,gene-gene,0.247320442,IL18,RELA
900,1362,gene-gene,0.4186690552,IL19,PDGFRB
901,990,gene-gene,0.2247602839999999,IL1A,JUN
901,1268,gene-gene,0.351382942,IL1A,NFKB1
902,991,gene-gene,0.2352660216,IL1B,JUND
902,1268,gene-gene,0.45568457,IL1B,NFKB1
905,987,gene-gene,0.2254443772,IL2,JAK2
905,1362,gene-gene,0.4395775979999999,IL2,PDGFRB
905,990,gene-gene,0.272286144,IL2,JUN
905,1264,gene-gene,0.294810802,IL2,NFATC1
905,1266,gene-gene,0.303458422,IL2,NFATC3
905,1267,gene-gene,0.283900104,IL2,NFATC4
905,1268,gene-gene,0.389928346,IL2,NFKB1
905,1631,gene-gene,0.335076228,IL2,RELA
906,1361,gene-gene,0.202067104,IL20,PDGFRA
906,1362,gene-gene,0.380418236,IL20,PDGFRB
906,1540,gene-gene,0.221575084,IL20,PRLR
909,1362,gene-gene,0.543092742,IL21,PDGFRB
911,1362,gene-gene,0.43032927,IL22,PDGFRB
914,1362,gene-gene,0.6085805719999999,IL23A,PDGFRB
914,1268,gene-gene,0.392274218,IL23A,NFKB1
914,1631,gene-gene,0.308329718,IL23A,RELA
916,1362,gene-gene,0.396937636,IL24,PDGFRB
921,1361,gene-gene,0.23943440432,IL3,PDGFRA
921,1362,gene-gene,0.505821116,IL3,PDGFRB
922,1362,gene-gene,0.350921406,IL4,PDGFRB
922,990,gene-gene,0.2024100579999999,IL4,JUN
922,1264,gene-gene,0.2120821539999999,IL4,NFATC1
922,1266,gene-gene,0.321531206,IL4,NFATC3
922,1268,gene-gene,0.393357736,IL4,NFKB1
924,1361,gene-gene,0.2168606146,IL5,PDGFRA
924,1362,gene-gene,0.443582108,IL5,PDGFRB
924,991,gene-gene,0.322369894,IL5,JUND
924,1264,gene-gene,0.260815174,IL5,NFATC1
924,1265,gene-gene,0.248458346,IL5,NFATC2
924,1266,gene-gene,0.287116506,IL5,NFATC3
924,1268,gene-gene,0.509565252,IL5,NFKB1
924,1631,gene-gene,0.236627502,IL5,RELA
926,1362,gene-gene,0.4646401599999999,IL6,PDGFRB
926,1813,gene-gene,0.25975322,IL6,STAT3
926,990,gene-gene,0.2777820143999999,IL6,JUN
926,991,gene-gene,0.25312351,IL6,JUND
926,1268,gene-gene,0.453337388,IL6,NFKB1
926,1631,gene-gene,0.431955928,IL6,RELA
928,1397,gene-gene,0.316933558,IL6ST,PIK3CB
928,1398,gene-gene,0.228679642,IL6ST,PIK3CD
929,1362,gene-gene,0.33474321,IL7,PDGFRB
930,1357,gene-gene,0.219022818,IL7R,PDGFA
931,1361,gene-gene,0.2118230666,IL9,PDGFRA
931,1362,gene-gene,0.4978497819999999,IL9,PDGFRB
932,1463,gene-gene,0.2866192394,ILK,PPARD
932,1687,gene-gene,0.4765523319999999,ILK,RXRA
932,1688,gene-gene,0.47520786,ILK,RXRB
932,1689,gene-gene,0.594805536,ILK,RXRG
939,942,gene-gene,0.3002447339999999,INS,INSR
939,1010,gene-gene,0.2575451874,INS,KDR
939,1014,gene-gene,0.744414474,INS,KIT
939,1205,gene-gene,0.2717249012,INS,MET
939,1274,gene-gene,0.376232639,INS,NGFR
939,1318,gene-gene,0.284015808,INS,NTRK1
939,1361,gene-gene,0.214565225,INS,PDGFRA
939,1362,gene-gene,0.51582932,INS,PDGFRB
939,1860,gene-gene,0.376878828,INS,TEK
939,1813,gene-gene,0.277827824,INS,STAT3
939,1815,gene-gene,0.2993931931999999,INS,STAT5A
939,1816,gene-gene,0.556055326,INS,STAT5B
942,953,gene-gene,0.2984108186,INSR,IRS1
942,954,gene-gene,0.364376808,INSR,IRS2
942,1135,gene-gene,0.284910714,INSR,MAP2K2
942,1396,gene-gene,0.219734505,INSR,PIK3CA
942,1397,gene-gene,0.254585058,INSR,PIK3CB
942,1398,gene-gene,0.201480477,INSR,PIK3CD
942,1400,gene-gene,0.215124816,INSR,PIK3R1
942,1401,gene-gene,0.32809898,INSR,PIK3R2
942,1402,gene-gene,0.3777389379999999,INSR,PIK3R3
942,1435,gene-gene,0.312381358,INSR,PLCB1
942,1436,gene-gene,0.433394496,INSR,PLCB2
942,1437,gene-gene,0.241216032,INSR,PLCB3
942,1438,gene-gene,0.3242185119999999,INSR,PLCB4
942,1560,gene-gene,0.42992184,INSR,PTPN11
942,1728,gene-gene,0.2166138568,INSR,SH2B2
942,1732,gene-gene,0.285552456,INSR,SHC1
942,1733,gene-gene,0.399719758,INSR,SHC2
942,1734,gene-gene,0.4438699,INSR,SHC3
942,1735,gene-gene,0.239759308,INSR,SHC4
942,1015,gene-gene,0.330625928,INSR,KITLG
942,1273,gene-gene,0.213346216,INSR,NGF
942,1316,gene-gene,0.324342794,INSR,NTF3
942,1317,gene-gene,0.3300653748,INSR,NTF4
942,1357,gene-gene,0.277349814,INSR,PDGFA
942,1358,gene-gene,0.254908592,INSR,PDGFB
942,1359,gene-gene,0.269269376,INSR,PDGFC
942,1360,gene-gene,0.3750261774,INSR,PDGFD
942,1381,gene-gene,0.291585322,INSR,PGF
942,1559,gene-gene,0.213261077,INSR,PTPN1
942,1780,gene-gene,0.2465251299999999,INSR,SOCS2
942,1781,gene-gene,0.275860026,INSR,SOCS3
942,1782,gene-gene,0.226149676,INSR,SOCS4
942,1867,gene-gene,0.228524659,INSR,TGFA
942,1968,gene-gene,0.241460218,INSR,VEGFA
942,1969,gene-gene,0.2917038939999999,INSR,VEGFB
942,1970,gene-gene,0.284682542,INSR,VEGFC
948,1811,gene-gene,0.2157482302,IRF1,STAT1
948,1813,gene-gene,0.249435439,IRF1,STAT3
948,1815,gene-gene,0.2632670548,IRF1,STAT5A
948,1816,gene-gene,0.494073896,IRF1,STAT5B
948,1912,gene-gene,0.221805734,IRF1,TNFRSF1B
950,1905,gene-gene,0.459649646,IRF5,TNF
952,1811,gene-gene,0.237410974,IRF9,STAT1
952,1812,gene-gene,0.2200358368,IRF9,STAT2
952,1813,gene-gene,0.338729852,IRF9,STAT3
952,1814,gene-gene,0.2120665639999999,IRF9,STAT4
952,1815,gene-gene,0.2176440168,IRF9,STAT5A
952,1816,gene-gene,0.51391948,IRF9,STAT5B
952,1817,gene-gene,0.23968259,IRF9,STAT6
953,1396,gene-gene,0.317177788,IRS1,PIK3CA
953,1397,gene-gene,0.2867726748,IRS1,PIK3CB
953,1398,gene-gene,0.340121276,IRS1,PIK3CD
953,1399,gene-gene,0.373632048,IRS1,PIK3CG
953,1400,gene-gene,0.347029176,IRS1,PIK3R1
953,1401,gene-gene,0.378305748,IRS1,PIK3R2
953,1402,gene-gene,0.3032580379999999,IRS1,PIK3R3
953,1404,gene-gene,0.2515946308,IRS1,PIK3R5
953,1405,gene-gene,0.388286186,IRS1,PIK3R6
953,1010,gene-gene,0.3084531794,IRS1,KDR
953,1014,gene-gene,0.57996583,IRS1,KIT
953,1159,gene-gene,0.441320486,IRS1,MAPK10
953,1169,gene-gene,0.2719809159999999,IRS1,MAPK8
953,1173,gene-gene,0.380245928,IRS1,MAPK9
953,1205,gene-gene,0.291500406,IRS1,MET
953,1231,gene-gene,0.529904464,IRS1,MTOR
953,1274,gene-gene,0.376126746,IRS1,NGFR
953,1318,gene-gene,0.503157646,IRS1,NTRK1
953,1319,gene-gene,0.336467214,IRS1,NTRK2
953,1320,gene-gene,0.3414870479999999,IRS1,NTRK3
953,1361,gene-gene,0.302083466,IRS1,PDGFRA
953,1362,gene-gene,0.382014132,IRS1,PDGFRB
953,1566,gene-gene,0.28105188284,IRS1,PTPRF
953,1668,gene-gene,0.5334242184000001,IRS1,RPS6KB1
953,1669,gene-gene,0.3577508572,IRS1,RPS6KB2
953,1781,gene-gene,0.277940754,IRS1,SOCS3
953,1860,gene-gene,0.46215092,IRS1,TEK
954,1396,gene-gene,0.32822007,IRS2,PIK3CA
954,1397,gene-gene,0.4677243599999999,IRS2,PIK3CB
954,1398,gene-gene,0.5040520479999999,IRS2,PIK3CD
954,1399,gene-gene,0.31483114,IRS2,PIK3CG
954,1400,gene-gene,0.274813294,IRS2,PIK3R1
954,1401,gene-gene,0.3800648493999999,IRS2,PIK3R2
954,1402,gene-gene,0.30863724,IRS2,PIK3R3
954,1404,gene-gene,0.308745798,IRS2,PIK3R5
954,1405,gene-gene,0.33121765,IRS2,PIK3R6
954,1159,gene-gene,0.31342422,IRS2,MAPK10
954,1169,gene-gene,0.2466509659999999,IRS2,MAPK8
954,1173,gene-gene,0.2199320732,IRS2,MAPK9
954,1231,gene-gene,0.697115208,IRS2,MTOR
954,1559,gene-gene,0.2533918662,IRS2,PTPN1
954,1781,gene-gene,0.273492168,IRS2,SOCS3
956,1159,gene-gene,0.2637902388,ITCH,MAPK10
967,974,gene-gene,0.2564435628,ITGA8,ITGB3
971,974,gene-gene,0.236356814,ITGAV,ITGB3
971,1436,gene-gene,0.2420158374,ITGAV,PLCB2
971,1437,gene-gene,0.308970857,ITGAV,PLCB3
971,1438,gene-gene,0.272144772,ITGAV,PLCB4
971,1443,gene-gene,0.376667684,ITGAV,PLCG1
971,1801,gene-gene,0.414658356,ITGAV,SRC
974,1019,gene-gene,0.259138706,ITGB3,KRAS
974,1309,gene-gene,0.22705907,ITGB3,NRAS
974,1436,gene-gene,0.2558764848,ITGB3,PLCB2
974,1437,gene-gene,0.205943664,ITGB3,PLCB3
974,1438,gene-gene,0.28478561,ITGB3,PLCB4
974,1443,gene-gene,0.2203403432,ITGB3,PLCG1
974,1801,gene-gene,0.5137743539999999,ITGB3,SRC
974,1904,gene-gene,0.2013679946,ITGB3,TNC
980,1443,gene-gene,0.267534034,ITK,PLCG1
980,1126,gene-gene,0.390883562,ITK,LYN
980,1397,gene-gene,0.221968236,ITK,PIK3CB
980,1398,gene-gene,0.36057036,ITK,PIK3CD
980,1399,gene-gene,0.2927100247999999,ITK,PIK3CG
980,1401,gene-gene,0.252237726,ITK,PIK3R2
980,1402,gene-gene,0.37463505,ITK,PIK3R3
980,1404,gene-gene,0.2068839568,ITK,PIK3R5
980,1801,gene-gene,0.594688004,ITK,SRC
984,1158,gene-gene,0.210049096,JAG1,MAPK1
984,1165,gene-gene,0.2736502672,JAG1,MAPK3
986,988,gene-gene,0.2452512536,JAK1,JAK3
986,1396,gene-gene,0.276824634,JAK1,PIK3CA
986,1397,gene-gene,0.3321791682,JAK1,PIK3CB
986,1400,gene-gene,0.233923156,JAK1,PIK3R1
986,1401,gene-gene,0.340146314,JAK1,PIK3R2
986,1402,gene-gene,0.313241162,JAK1,PIK3R3
986,1560,gene-gene,0.345665407,JAK1,PTPN11
986,1811,gene-gene,0.412016574,JAK1,STAT1
986,1812,gene-gene,0.324515468,JAK1,STAT2
986,1813,gene-gene,0.40341275,JAK1,STAT3
986,1814,gene-gene,0.250617324,JAK1,STAT4
986,1816,gene-gene,0.4875865179999999,JAK1,STAT5B
986,1817,gene-gene,0.2466454212,JAK1,STAT6
986,1951,gene-gene,0.260935568,JAK1,TYK2
986,1361,gene-gene,0.2000542642,JAK1,PDGFRA
986,1362,gene-gene,0.442138472,JAK1,PDGFRB
986,1780,gene-gene,0.225636124,JAK1,SOCS2
987,1397,gene-gene,0.246743574,JAK2,PIK3CB
987,1398,gene-gene,0.28777933,JAK2,PIK3CD
987,1400,gene-gene,0.245379858,JAK2,PIK3R1
987,1401,gene-gene,0.401055958,JAK2,PIK3R2
987,1402,gene-gene,0.3129432464,JAK2,PIK3R3
987,1540,gene-gene,0.251874918,JAK2,PRLR
987,1560,gene-gene,0.234337728,JAK2,PTPN11
987,1732,gene-gene,0.2178905096,JAK2,SHC1
987,1733,gene-gene,0.29661177,JAK2,SHC2
987,1734,gene-gene,0.252367548,JAK2,SHC3
987,1735,gene-gene,0.279874708,JAK2,SHC4
987,1811,gene-gene,0.283471922,JAK2,STAT1
987,1812,gene-gene,0.2778724763999999,JAK2,STAT2
987,1813,gene-gene,0.3117091389999999,JAK2,STAT3
987,1814,gene-gene,0.333405134,JAK2,STAT4
987,1815,gene-gene,0.263831102,JAK2,STAT5A
987,1816,gene-gene,0.490068636,JAK2,STAT5B
987,1817,gene-gene,0.2490269554,JAK2,STAT6
987,1362,gene-gene,0.610421678,JAK2,PDGFRB
987,1779,gene-gene,0.271793724,JAK2,SOCS1
988,1396,gene-gene,0.339005322,JAK3,PIK3CA
988,1397,gene-gene,0.3748731624,JAK3,PIK3CB
988,1398,gene-gene,0.356346083,JAK3,PIK3CD
988,1400,gene-gene,0.253570912,JAK3,PIK3R1
988,1401,gene-gene,0.289601002,JAK3,PIK3R2
988,1402,gene-gene,0.351137408,JAK3,PIK3R3
988,1560,gene-gene,0.325137096,JAK3,PTPN11
988,1811,gene-gene,0.351820136,JAK3,STAT1
988,1812,gene-gene,0.2219828479999999,JAK3,STAT2
988,1813,gene-gene,0.421471046,JAK3,STAT3
988,1814,gene-gene,0.292733142,JAK3,STAT4
988,1815,gene-gene,0.2744264101999999,JAK3,STAT5A
988,1816,gene-gene,0.435840862,JAK3,STAT5B
988,1817,gene-gene,0.382691914,JAK3,STAT6
988,1361,gene-gene,0.202254942,JAK3,PDGFRA
988,1362,gene-gene,0.411385188,JAK3,PDGFRB
988,1540,gene-gene,0.28180065,JAK3,PRLR
989,1165,gene-gene,0.287209168,JMJD7-PLA2G4B,MAPK3
989,1526,gene-gene,0.258625658,JMJD7-PLA2G4B,PRKCA
990,1216,gene-gene,0.25938562,JUN,MMP1
990,1217,gene-gene,0.221699722,JUN,MMP13
990,1219,gene-gene,0.272266648,JUN,MMP2
990,1220,gene-gene,0.22270673,JUN,MMP3
990,1222,gene-gene,0.308789584,JUN,MMP9
990,1232,gene-gene,0.2126647088,JUN,MUC5B
990,1556,gene-gene,0.410749374,JUN,PTGS2
990,1694,gene-gene,0.2072453799999999,JUN,S100A7
990,1697,gene-gene,0.2155296914,JUN,S100A9
990,1876,gene-gene,0.31392137,JUN,THBD
990,1905,gene-gene,0.611465402,JUN,TNF
990,1968,gene-gene,0.315532733,JUN,VEGFA
990,1969,gene-gene,0.2333733508,JUN,VEGFB
990,1970,gene-gene,0.442072512,JUN,VEGFC
990,1019,gene-gene,0.25717369,JUN,KRAS
990,1158,gene-gene,0.335246622,JUN,MAPK1
990,1159,gene-gene,0.2751926454,JUN,MAPK10
990,1160,gene-gene,0.3114548024,JUN,MAPK11
990,1161,gene-gene,0.234510616,JUN,MAPK12
990,1162,gene-gene,0.3171786159999999,JUN,MAPK13
990,1163,gene-gene,0.505496166,JUN,MAPK14
990,1165,gene-gene,0.44305023,JUN,MAPK3
990,1168,gene-gene,0.4159836959999999,JUN,MAPK7
990,1169,gene-gene,0.2186197636,JUN,MAPK8
990,1173,gene-gene,0.214112062,JUN,MAPK9
990,1309,gene-gene,0.34409386,JUN,NRAS
990,1850,gene-gene,0.287766622,JUN,TCF7
990,1935,gene-gene,0.281412268,JUN,TRAF6
991,1072,gene-gene,0.212130544,JUND,LCN2
991,1216,gene-gene,0.245870946,JUND,MMP1
991,1217,gene-gene,0.2024535236,JUND,MMP13
991,1220,gene-gene,0.2626257859999999,JUND,MMP3
991,1222,gene-gene,0.269750142,JUND,MMP9
991,1232,gene-gene,0.2568372399999999,JUND,MUC5B
991,1556,gene-gene,0.6755954980000001,JUND,PTGS2
991,1694,gene-gene,0.2064391248,JUND,S100A7
991,1695,gene-gene,0.2311606664,JUND,S100A7A
991,1697,gene-gene,0.2120354551999999,JUND,S100A9
991,1905,gene-gene,0.499389898,JUND,TNF
991,1158,gene-gene,0.2486931499999999,JUND,MAPK1
991,1159,gene-gene,0.245333478,JUND,MAPK10
991,1160,gene-gene,0.462855884,JUND,MAPK11
991,1161,gene-gene,0.3106928411999999,JUND,MAPK12
991,1162,gene-gene,0.4601820679999999,JUND,MAPK13
991,1163,gene-gene,0.450388846,JUND,MAPK14
991,1164,gene-gene,0.2247988352,JUND,MAPK15
991,1165,gene-gene,0.467512802,JUND,MAPK3
991,1167,gene-gene,0.21601439,JUND,MAPK6
991,1168,gene-gene,0.242653116,JUND,MAPK7
991,1169,gene-gene,0.31520178,JUND,MAPK8
991,1173,gene-gene,0.379536,JUND,MAPK9
991,1935,gene-gene,0.277161272,JUND,TRAF6
992,1254,gene-gene,0.236606177,KAT2A,NCOA1
992,1256,gene-gene,0.2324602419999999,KAT2A,NCOA3
992,1624,gene-gene,0.2057937728,KAT2A,RBPJ
992,1625,gene-gene,0.33578335,KAT2A,RBPJL
992,1687,gene-gene,0.361277042,KAT2A,RXRA
992,1688,gene-gene,0.505595616,KAT2A,RXRB
992,1689,gene-gene,0.419825724,KAT2A,RXRG
992,1884,gene-gene,0.29748527,KAT2A,THRB
992,1255,gene-gene,0.2795607626,KAT2A,NCOA2
993,1625,gene-gene,0.317035446,KAT2B,RBPJL
993,1687,gene-gene,0.409503182,KAT2B,RXRA
993,1688,gene-gene,0.6151723199999999,KAT2B,RXRB
993,1689,gene-gene,0.654912022,KAT2B,RXRG
993,1883,gene-gene,0.2563270199999999,KAT2B,THRA
993,1132,gene-gene,0.2159576423999999,KAT2B,MAML2
993,1254,gene-gene,0.2021926348,KAT2B,NCOA1
993,1255,gene-gene,0.4844824499999999,KAT2B,NCOA2
993,1256,gene-gene,0.315232576,KAT2B,NCOA3
1010,1397,gene-gene,0.2427141119999999,KDR,PIK3CB
1010,1398,gene-gene,0.2601694612,KDR,PIK3CD
1010,1400,gene-gene,0.396153528,KDR,PIK3R1
1010,1401,gene-gene,0.290793328,KDR,PIK3R2
1010,1402,gene-gene,0.4763607239999999,KDR,PIK3R3
1010,1435,gene-gene,0.26380119,KDR,PLCB1
1010,1436,gene-gene,0.270798408,KDR,PLCB2
1010,1437,gene-gene,0.30511497,KDR,PLCB3
1010,1438,gene-gene,0.24299637,KDR,PLCB4
1010,1443,gene-gene,0.25052642,KDR,PLCG1
1010,1557,gene-gene,0.2344020899999999,KDR,PTK2
1010,1732,gene-gene,0.254482168,KDR,SHC1
1010,1733,gene-gene,0.318103626,KDR,SHC2
1010,1734,gene-gene,0.27361489,KDR,SHC3
1010,1735,gene-gene,0.3202599906,KDR,SHC4
1010,1801,gene-gene,0.5997269239999999,KDR,SRC
1010,1229,gene-gene,0.252597392,KDR,MST1
1010,1273,gene-gene,0.30156582,KDR,NGF
1010,1316,gene-gene,0.240882706,KDR,NTF3
1010,1317,gene-gene,0.2031986432,KDR,NTF4
1010,1357,gene-gene,0.340861474,KDR,PDGFA
1010,1358,gene-gene,0.27149342,KDR,PDGFB
1010,1359,gene-gene,0.28806817,KDR,PDGFC
1010,1360,gene-gene,0.2890158131999999,KDR,PDGFD
1010,1381,gene-gene,0.361219814,KDR,PGF
1010,1867,gene-gene,0.389796173,KDR,TGFA
1010,1968,gene-gene,0.246673393,KDR,VEGFA
1010,1970,gene-gene,0.2624352775999999,KDR,VEGFC
1014,1396,gene-gene,0.777247118,KIT,PIK3CA
1014,1397,gene-gene,0.411405474,KIT,PIK3CB
1014,1398,gene-gene,0.4466535559999999,KIT,PIK3CD
1014,1400,gene-gene,0.50412426,KIT,PIK3R1
1014,1401,gene-gene,0.65161878,KIT,PIK3R2
1014,1402,gene-gene,0.70197824,KIT,PIK3R3
1014,1435,gene-gene,0.5482011339999999,KIT,PLCB1
1014,1436,gene-gene,0.637500986,KIT,PLCB2
1014,1437,gene-gene,0.639653314,KIT,PLCB3
1014,1438,gene-gene,0.600756424,KIT,PLCB4
1014,1560,gene-gene,0.4701972,KIT,PTPN11
1014,1732,gene-gene,0.582305868,KIT,SHC1
1014,1733,gene-gene,0.64069334,KIT,SHC2
1014,1734,gene-gene,0.585817912,KIT,SHC3
1014,1735,gene-gene,0.4725195539999999,KIT,SHC4
1014,1015,gene-gene,0.5127731719999999,KIT,KITLG
1014,1273,gene-gene,0.4259089379999999,KIT,NGF
1014,1316,gene-gene,0.554103638,KIT,NTF3
1014,1317,gene-gene,0.543912722,KIT,NTF4
1014,1357,gene-gene,0.48619778,KIT,PDGFA
1014,1358,gene-gene,0.56012702,KIT,PDGFB
1014,1359,gene-gene,0.34670322,KIT,PDGFC
1014,1360,gene-gene,0.64733672,KIT,PDGFD
1014,1381,gene-gene,0.53944246,KIT,PGF
1014,1867,gene-gene,0.734557058,KIT,TGFA
1014,1968,gene-gene,0.552163066,KIT,VEGFA
1014,1969,gene-gene,0.275975956,KIT,VEGFB
1014,1970,gene-gene,0.6896393,KIT,VEGFC
1014,2019,drug-gene,1.0,KIT,Dasatinib
1014,2027,drug-gene,1.0,KIT,Nilotinib
1015,1205,gene-gene,0.3085067806,KITLG,MET
1015,1274,gene-gene,0.247147344,KITLG,NGFR
1015,1318,gene-gene,0.261105386,KITLG,NTRK1
1015,1362,gene-gene,0.410587992,KITLG,PDGFRB
1015,1860,gene-gene,0.2043602188,KITLG,TEK
1016,1200,gene-gene,0.2168279499999999,KLF2,MEF2B
1016,1513,gene-gene,0.267215406,KLF2,PRKAA2
1017,1813,gene-gene,0.2350302316,KLF4,STAT3
1019,1141,gene-gene,0.2276309219999999,KRAS,MAP3K1
1019,1158,gene-gene,0.401198984,KRAS,MAPK1
1019,1159,gene-gene,0.2905004519999999,KRAS,MAPK10
1019,1160,gene-gene,0.2255069354,KRAS,MAPK11
1019,1162,gene-gene,0.2453319388,KRAS,MAPK13
1019,1163,gene-gene,0.527100612,KRAS,MAPK14
1019,1165,gene-gene,0.304153282,KRAS,MAPK3
1019,1169,gene-gene,0.209130044,KRAS,MAPK8
1019,1396,gene-gene,0.233609692,KRAS,PIK3CA
1019,1397,gene-gene,0.346296394,KRAS,PIK3CB
1019,1398,gene-gene,0.335922344,KRAS,PIK3CD
1019,1400,gene-gene,0.244152222,KRAS,PIK3R1
1019,1401,gene-gene,0.23177933,KRAS,PIK3R2
1019,1402,gene-gene,0.387911388,KRAS,PIK3R3
1019,1646,gene-gene,0.407107664,KRAS,RIN1
1019,1404,gene-gene,0.250755374,KRAS,PIK3R5
1019,1405,gene-gene,0.20449789,KRAS,PIK3R6
1019,1526,gene-gene,0.3500271279999999,KRAS,PRKCA
1019,1527,gene-gene,0.2988685714,KRAS,PRKCB
1019,1530,gene-gene,0.360361538,KRAS,PRKCG
1019,1610,gene-gene,0.218966477,KRAS,RASGRF1
1019,1801,gene-gene,0.391696446,KRAS,SRC
1021,1254,gene-gene,0.262402998,KRT10,NCOA1
1021,1255,gene-gene,0.4649391539999999,KRT10,NCOA2
1021,1256,gene-gene,0.3550254516,KRT10,NCOA3
1022,1254,gene-gene,0.3265476494,KRT12,NCOA1
1022,1255,gene-gene,0.4483881399999999,KRT12,NCOA2
1022,1256,gene-gene,0.3483986972,KRT12,NCOA3
1023,1254,gene-gene,0.282638106,KRT13,NCOA1
1023,1255,gene-gene,0.399765056,KRT13,NCOA2
1023,1256,gene-gene,0.215803936,KRT13,NCOA3
1024,1254,gene-gene,0.2373856899999999,KRT14,NCOA1
1024,1255,gene-gene,0.345236736,KRT14,NCOA2
1024,1256,gene-gene,0.2310144432,KRT14,NCOA3
1025,1254,gene-gene,0.308769933,KRT15,NCOA1
1025,1255,gene-gene,0.306697718,KRT15,NCOA2
1025,1256,gene-gene,0.2966654628,KRT15,NCOA3
1026,1254,gene-gene,0.43678996,KRT16,NCOA1
1026,1256,gene-gene,0.311865092,KRT16,NCOA3
1027,1254,gene-gene,0.205132117,KRT17,NCOA1
1027,1255,gene-gene,0.518082358,KRT17,NCOA2
1027,1256,gene-gene,0.39718938,KRT17,NCOA3
1028,1254,gene-gene,0.33313829,KRT18,NCOA1
1028,1255,gene-gene,0.375983168,KRT18,NCOA2
1028,1256,gene-gene,0.332191168,KRT18,NCOA3
1029,1254,gene-gene,0.270406438,KRT19,NCOA1
1029,1255,gene-gene,0.440707128,KRT19,NCOA2
1029,1256,gene-gene,0.2196431959999999,KRT19,NCOA3
1030,1254,gene-gene,0.483044234,KRT20,NCOA1
1030,1255,gene-gene,0.3947680636,KRT20,NCOA2
1030,1256,gene-gene,0.370939,KRT20,NCOA3
1031,1254,gene-gene,0.391165842,KRT23,NCOA1
1031,1255,gene-gene,0.263885959,KRT23,NCOA2
1031,1256,gene-gene,0.3025255392,KRT23,NCOA3
1032,1254,gene-gene,0.36041635,KRT24,NCOA1
1032,1255,gene-gene,0.384740301,KRT24,NCOA2
1032,1256,gene-gene,0.4627321679999999,KRT24,NCOA3
1033,1254,gene-gene,0.354272942,KRT25,NCOA1
1033,1255,gene-gene,0.350926686,KRT25,NCOA2
1033,1256,gene-gene,0.341438912,KRT25,NCOA3
1034,1254,gene-gene,0.2855644808,KRT26,NCOA1
1034,1255,gene-gene,0.37162813,KRT26,NCOA2
1034,1256,gene-gene,0.4017570352,KRT26,NCOA3
1035,1254,gene-gene,0.328246064,KRT27,NCOA1
1035,1255,gene-gene,0.206766094,KRT27,NCOA2
1035,1256,gene-gene,0.339275569,KRT27,NCOA3
1036,1254,gene-gene,0.3719224612,KRT28,NCOA1
1036,1255,gene-gene,0.390319283,KRT28,NCOA2
1036,1256,gene-gene,0.2940125059999999,KRT28,NCOA3
1037,1254,gene-gene,0.4275592579999999,KRT31,NCOA1
1037,1255,gene-gene,0.2601526448,KRT31,NCOA2
1037,1256,gene-gene,0.2331097944,KRT31,NCOA3
1038,1254,gene-gene,0.3582018839999999,KRT32,NCOA1
1038,1255,gene-gene,0.2082077088,KRT32,NCOA2
1038,1256,gene-gene,0.2383344999999999,KRT32,NCOA3
1039,1254,gene-gene,0.241282568,KRT33A,NCOA1
1039,1255,gene-gene,0.337296891,KRT33A,NCOA2
1039,1256,gene-gene,0.363020768,KRT33A,NCOA3
1040,1254,gene-gene,0.45565146,KRT33B,NCOA1
1040,1255,gene-gene,0.426802344,KRT33B,NCOA2
1040,1256,gene-gene,0.49448891,KRT33B,NCOA3
1041,1254,gene-gene,0.3795026119999999,KRT34,NCOA1
1041,1255,gene-gene,0.5264375259999999,KRT34,NCOA2
1041,1256,gene-gene,0.289872978,KRT34,NCOA3
1042,1254,gene-gene,0.3109365067999999,KRT35,NCOA1
1042,1255,gene-gene,0.2033796859999999,KRT35,NCOA2
1042,1256,gene-gene,0.363468621,KRT35,NCOA3
1043,1254,gene-gene,0.412194924,KRT36,NCOA1
1043,1255,gene-gene,0.311335708,KRT36,NCOA2
1043,1256,gene-gene,0.517107528,KRT36,NCOA3
1044,1254,gene-gene,0.278961644,KRT37,NCOA1
1044,1255,gene-gene,0.33563966,KRT37,NCOA2
1044,1256,gene-gene,0.364832662,KRT37,NCOA3
1045,1254,gene-gene,0.325162552,KRT38,NCOA1
1045,1255,gene-gene,0.523063766,KRT38,NCOA2
1046,1254,gene-gene,0.314461724,KRT39,NCOA1
1046,1255,gene-gene,0.20951601,KRT39,NCOA2
1046,1256,gene-gene,0.301554389,KRT39,NCOA3
1047,1254,gene-gene,0.295990936,KRT40,NCOA1
1047,1255,gene-gene,0.31802762,KRT40,NCOA2
1047,1256,gene-gene,0.4835134200000001,KRT40,NCOA3
1048,1254,gene-gene,0.27621089,KRT9,NCOA1
1048,1256,gene-gene,0.3652372728,KRT9,NCOA3
1063,1672,gene-gene,0.2372412881999999,LAMTOR1,RRAGC
1065,1158,gene-gene,0.224461901,LAMTOR3,MAPK1
1065,1165,gene-gene,0.253486866,LAMTOR3,MAPK3
1068,2011,gene-gene,0.237706075,LAT,ZAP70
1071,2011,gene-gene,0.346821738,LCK,ZAP70
1071,1565,gene-gene,0.38432092,LCK,PTPRC
1071,2019,drug-gene,1.0,LCK,Dasatinib
1072,1268,gene-gene,0.419461804,LCN2,NFKB1
1072,1631,gene-gene,0.283099622,LCN2,RELA
1073,1443,gene-gene,0.216596468,LCP2,PLCG1
1079,1893,gene-gene,0.2087438138,LEF1,TLE4
1082,1362,gene-gene,0.541034088,LEP,PDGFRB
1089,1811,gene-gene,0.31085249,LHCGR,STAT1
1089,1813,gene-gene,0.2345552779999999,LHCGR,STAT3
1089,1815,gene-gene,0.25174451,LHCGR,STAT5A
1089,1816,gene-gene,0.420522492,LHCGR,STAT5B
1090,1362,gene-gene,0.367026188,LIF,PDGFRB
1104,1513,gene-gene,0.2261760852,LIPE,PRKAA2
1104,1515,gene-gene,0.21849715,LIPE,PRKAB2
1108,1436,gene-gene,0.2081814119999999,LPAR2,PLCB2
1108,1438,gene-gene,0.236331308,LPAR2,PLCB4
1109,1436,gene-gene,0.2002451792,LPAR3,PLCB2
1110,1435,gene-gene,0.2158703099999999,LPAR5,PLCB1
1110,1437,gene-gene,0.216178266,LPAR5,PLCB3
1111,1436,gene-gene,0.2158782957999999,LPAR6,PLCB2
1112,1231,gene-gene,0.631894138,LPIN1,MTOR
1113,1231,gene-gene,0.6127655940000001,LPIN2,MTOR
1114,1231,gene-gene,0.431281332,LPIN3,MTOR
1115,1462,gene-gene,0.2464793788,LPL,PPARA
1115,1463,gene-gene,0.47794495,LPL,PPARD
1115,1464,gene-gene,0.2522492292,LPL,PPARG
1115,1687,gene-gene,0.71309376,LPL,RXRA
1115,1688,gene-gene,0.574611816,LPL,RXRB
1115,1689,gene-gene,0.523789954,LPL,RXRG
1119,1801,gene-gene,0.489572474,LSP1,SRC
1124,1930,gene-gene,0.225134524,LTBR,TRAF2
1126,1228,gene-gene,0.2205600959999999,LYN,MS4A2
1126,1396,gene-gene,0.413261046,LYN,PIK3CA
1126,1397,gene-gene,0.4142299739999999,LYN,PIK3CB
1126,1398,gene-gene,0.411099596,LYN,PIK3CD
1126,1399,gene-gene,0.375803578,LYN,PIK3CG
1126,1400,gene-gene,0.4047232799999999,LYN,PIK3R1
1126,1401,gene-gene,0.330951328,LYN,PIK3R2
1126,1402,gene-gene,0.481004738,LYN,PIK3R3
1126,1404,gene-gene,0.4267093153999999,LYN,PIK3R5
1126,1405,gene-gene,0.451773866,LYN,PIK3R6
1126,1557,gene-gene,0.525363778,LYN,PTK2
1126,1558,gene-gene,0.468097688,LYN,PTK2B
1126,1732,gene-gene,0.3843002519999999,LYN,SHC1
1126,1733,gene-gene,0.309432782,LYN,SHC2
1126,1734,gene-gene,0.5947347524000001,LYN,SHC3
1126,1735,gene-gene,0.352225598,LYN,SHC4
1126,1830,gene-gene,0.3430056019999999,LYN,SYK
1126,2019,drug-gene,1.0,LYN,Dasatinib
1130,1158,gene-gene,0.2034429748,MALT1,MAPK1
1130,1160,gene-gene,0.2474076548,MALT1,MAPK11
1130,1161,gene-gene,0.2091428259999999,MALT1,MAPK12
1130,1163,gene-gene,0.490342684,MALT1,MAPK14
1130,1396,gene-gene,0.2551662,MALT1,PIK3CA
1130,1397,gene-gene,0.286199364,MALT1,PIK3CB
1130,1400,gene-gene,0.365680071,MALT1,PIK3R1
1130,1401,gene-gene,0.338226094,MALT1,PIK3R2
1131,1625,gene-gene,0.2216368686,MAML1,RBPJL
1133,1625,gene-gene,0.238598684,MAML3,RBPJL
1134,1158,gene-gene,0.236527696,MAP2K1,MAPK1
1134,1165,gene-gene,0.2702573655999999,MAP2K1,MAPK3
1135,1158,gene-gene,0.2268877299999999,MAP2K2,MAPK1
1135,1165,gene-gene,0.229911638,MAP2K2,MAPK3
1136,1162,gene-gene,0.300001718,MAP2K3,MAPK13
1136,1163,gene-gene,0.5070695759999999,MAP2K3,MAPK14
1136,1593,gene-gene,0.209093998,MAP2K3,RAP1A
1137,1159,gene-gene,0.21721817,MAP2K4,MAPK10
1137,1162,gene-gene,0.2146826845999999,MAP2K4,MAPK13
1137,1163,gene-gene,0.32795061,MAP2K4,MAPK14
1137,1173,gene-gene,0.230827174,MAP2K4,MAPK9
1137,1526,gene-gene,0.2405577572,MAP2K4,PRKCA
1139,1160,gene-gene,0.2648536528,MAP2K6,MAPK11
1139,1163,gene-gene,0.31398272,MAP2K6,MAPK14
1140,1159,gene-gene,0.214072094,MAP2K7,MAPK10
1140,1160,gene-gene,0.2103078466,MAP2K7,MAPK11
1140,1161,gene-gene,0.48338038,MAP2K7,MAPK12
1140,1162,gene-gene,0.299964892,MAP2K7,MAPK13
1140,1163,gene-gene,0.2949208339999999,MAP2K7,MAPK14
1140,1169,gene-gene,0.2917383,MAP2K7,MAPK8
1140,1172,gene-gene,0.2046499534,MAP2K7,MAPK8IP3
1140,1173,gene-gene,0.2124583532,MAP2K7,MAPK9
1140,1147,gene-gene,0.5337726380000001,MAP2K7,MAP3K20
1140,1150,gene-gene,0.2922027148,MAP2K7,MAP3K5
1140,1526,gene-gene,0.2854504399999999,MAP2K7,PRKCA
1141,1159,gene-gene,0.303087674,MAP3K1,MAPK10
1141,1160,gene-gene,0.263897628,MAP3K1,MAPK11
1141,1161,gene-gene,0.3304787386,MAP3K1,MAPK12
1141,1163,gene-gene,0.60116256,MAP3K1,MAPK14
1141,1169,gene-gene,0.2570160444,MAP3K1,MAPK8
1141,1173,gene-gene,0.234397892,MAP3K1,MAPK9
1141,1268,gene-gene,0.732909694,MAP3K1,NFKB1
1141,1631,gene-gene,0.332713224,MAP3K1,RELA
1141,1526,gene-gene,0.275376228,MAP3K1,PRKCA
1141,1930,gene-gene,0.2034705071999999,MAP3K1,TRAF2
1145,1268,gene-gene,0.332389016,MAP3K14,NFKB1
1147,2019,drug-gene,1.0,MAP3K20,Dasatinib
1149,1527,gene-gene,0.2103702445,MAP3K4,PRKCB
1150,1159,gene-gene,0.421188982,MAP3K5,MAPK10
1150,1160,gene-gene,0.23850723,MAP3K5,MAPK11
1150,1161,gene-gene,0.2740557412,MAP3K5,MAPK12
1150,1162,gene-gene,0.2418376344,MAP3K5,MAPK13
1150,1163,gene-gene,0.679798956,MAP3K5,MAPK14
1150,1169,gene-gene,0.24465479,MAP3K5,MAPK8
1150,1173,gene-gene,0.21848472,MAP3K5,MAPK9
1150,1583,gene-gene,0.2171334107999999,MAP3K5,RAC1
1150,1930,gene-gene,0.2859460764,MAP3K5,TRAF2
1152,1161,gene-gene,0.228977102,MAP3K7,MAPK12
1152,1163,gene-gene,0.4166186983999999,MAP3K7,MAPK14
1152,1165,gene-gene,0.222171658,MAP3K7,MAPK3
1152,1169,gene-gene,0.2063683059999999,MAP3K7,MAPK8
1152,1268,gene-gene,0.491708946,MAP3K7,NFKB1
1152,1512,gene-gene,0.234518528,MAP3K7,PRKAA1
1152,1513,gene-gene,0.206632524,MAP3K7,PRKAA2
1152,1519,gene-gene,0.257039699,MAP3K7,PRKAG1
1152,1521,gene-gene,0.3433219779999999,MAP3K7,PRKAG3
1152,1631,gene-gene,0.2384821016,MAP3K7,RELA
1152,1930,gene-gene,0.347564214,MAP3K7,TRAF2
1153,1268,gene-gene,0.36114023,MAP3K8,NFKB1
1158,1178,gene-gene,0.617348944,MAPK1,MAPT
1158,1201,gene-gene,0.241699894,MAPK1,MEF2C
1158,1212,gene-gene,0.3077880392,MAPK1,MKNK2
1158,1268,gene-gene,0.336280928,MAPK1,NFKB1
1158,1289,gene-gene,0.2752128103999999,MAPK1,NOS1
1158,1309,gene-gene,0.2914475812,MAPK1,NRAS
1158,1414,gene-gene,0.22064823896,MAPK1,PLA1A
1158,1417,gene-gene,0.3168260692,MAPK1,PLA2G12B
1158,1419,gene-gene,0.229192426,MAPK1,PLA2G2A
1158,1423,gene-gene,0.2052969731999999,MAPK1,PLA2G2F
1158,1424,gene-gene,0.2187834431999999,MAPK1,PLA2G3
1158,1427,gene-gene,0.226484372,MAPK1,PLA2G4C
1158,1429,gene-gene,0.205309665,MAPK1,PLA2G4E
1158,1432,gene-gene,0.215739058,MAPK1,PLA2G6
1158,1556,gene-gene,0.505952292,MAPK1,PTGS2
1158,1631,gene-gene,0.424398952,MAPK1,RELA
1158,1665,gene-gene,0.27981413,MAPK1,RPS6KA2
1158,1667,gene-gene,0.268732554,MAPK1,RPS6KA5
1158,1668,gene-gene,0.4367685208,MAPK1,RPS6KB1
1158,1669,gene-gene,0.39510701,MAPK1,RPS6KB2
1158,1764,gene-gene,0.203010278,MAPK1,SLC9A1
1158,1766,gene-gene,0.2600536532,MAPK1,SMAD2
1158,1767,gene-gene,0.2193369932,MAPK1,SMAD3
1158,1769,gene-gene,0.2786539953999999,MAPK1,SMAD5
1158,1772,gene-gene,0.2068247449999999,MAPK1,SMAD9
1158,1796,gene-gene,0.270585386,MAPK1,SPHK1
1158,1797,gene-gene,0.272376758,MAPK1,SPHK2
1158,1811,gene-gene,0.332560528,MAPK1,STAT1
1158,1824,gene-gene,0.222224994,MAPK1,STMN1
1158,1843,gene-gene,0.271955888,MAPK1,TBC1D7
1158,1884,gene-gene,0.218046526,MAPK1,THRB
1158,1922,gene-gene,0.445707642,MAPK1,TP53
1158,1942,gene-gene,0.350937206,MAPK1,TSC1
1158,1943,gene-gene,0.2143818648,MAPK1,TSC2
1158,1968,gene-gene,0.30528276,MAPK1,VEGFA
1158,1969,gene-gene,0.2305813719999999,MAPK1,VEGFB
1158,1970,gene-gene,0.229167073,MAPK1,VEGFC
1158,1160,gene-gene,0.4903090879999999,MAPK1,MAPK11
1158,1161,gene-gene,0.362621678,MAPK1,MAPK12
1158,1162,gene-gene,0.477944598,MAPK1,MAPK13
1158,1163,gene-gene,0.514683502,MAPK1,MAPK14
1158,1526,gene-gene,0.30090313,MAPK1,PRKCA
1158,1527,gene-gene,0.3106632299999999,MAPK1,PRKCB
1158,1528,gene-gene,0.282790577,MAPK1,PRKCD
1158,1529,gene-gene,0.256511533,MAPK1,PRKCE
1158,1530,gene-gene,0.261338228,MAPK1,PRKCG
1158,1533,gene-gene,0.294295174,MAPK1,PRKCZ
1158,1562,gene-gene,0.246126568,MAPK1,PTPN5
1158,1935,gene-gene,0.239094646,MAPK1,TRAF6
1159,1160,gene-gene,0.294646308,MAPK10,MAPK11
1159,1161,gene-gene,0.337983632,MAPK10,MAPK12
1159,1162,gene-gene,0.259256564,MAPK10,MAPK13
1159,1163,gene-gene,0.381717076,MAPK10,MAPK14
1159,1172,gene-gene,0.206530318,MAPK10,MAPK8IP3
1159,1264,gene-gene,0.30005939,MAPK10,NFATC1
1159,1266,gene-gene,0.472751918,MAPK10,NFATC3
1159,1268,gene-gene,0.5436426300000001,MAPK10,NFKB1
1159,1922,gene-gene,0.292637653,MAPK10,TP53
1159,1170,gene-gene,0.23336698,MAPK10,MAPK8IP1
1159,1291,gene-gene,0.2525931592,MAPK10,NOS3
1159,1309,gene-gene,0.306658166,MAPK10,NRAS
1159,1526,gene-gene,0.322156312,MAPK10,PRKCA
1159,1527,gene-gene,0.38801709,MAPK10,PRKCB
1159,1528,gene-gene,0.3868422748,MAPK10,PRKCD
1159,1529,gene-gene,0.2459914064,MAPK10,PRKCE
1159,1533,gene-gene,0.363252586,MAPK10,PRKCZ
1159,1564,gene-gene,0.3755643,MAPK10,PTPN7
1159,1583,gene-gene,0.253584286,MAPK10,RAC1
1159,1643,gene-gene,0.318352542,MAPK10,RHOA
1159,1930,gene-gene,0.3789077608,MAPK10,TRAF2
1159,1935,gene-gene,0.287250174,MAPK10,TRAF6
1160,1165,gene-gene,0.34936727,MAPK11,MAPK3
1160,1175,gene-gene,0.3284053246,MAPK11,MAPKAPK2
1160,1177,gene-gene,0.2596664279999999,MAPK11,MAPKAPK5
1160,1181,gene-gene,0.233466644,MAPK11,MAX
1160,1201,gene-gene,0.2797908936,MAPK11,MEF2C
1160,1264,gene-gene,0.413540668,MAPK11,NFATC1
1160,1265,gene-gene,0.395267918,MAPK11,NFATC2
1160,1266,gene-gene,0.467748774,MAPK11,NFATC3
1160,1268,gene-gene,0.429978614,MAPK11,NFKB1
1160,1631,gene-gene,0.2100132494,MAPK11,RELA
1160,1667,gene-gene,0.242219965,MAPK11,RPS6KA5
1160,1922,gene-gene,0.2395350891999999,MAPK11,TP53
1160,1169,gene-gene,0.360862604,MAPK11,MAPK8
1160,1173,gene-gene,0.2552054768,MAPK11,MAPK9
1160,1291,gene-gene,0.2926480239999999,MAPK11,NOS3
1160,1309,gene-gene,0.432130146,MAPK11,NRAS
1160,1526,gene-gene,0.422155186,MAPK11,PRKCA
1160,1527,gene-gene,0.4519789859999999,MAPK11,PRKCB
1160,1528,gene-gene,0.2396216334,MAPK11,PRKCD
1160,1529,gene-gene,0.2131535463999999,MAPK11,PRKCE
1160,1562,gene-gene,0.318020484,MAPK11,PTPN5
1160,1564,gene-gene,0.2522797964,MAPK11,PTPN7
1160,1567,gene-gene,0.236690164,MAPK11,PTPRR
1160,1935,gene-gene,0.2249279759999999,MAPK11,TRAF6
1160,2011,gene-gene,0.2765990699999999,MAPK11,ZAP70
1161,1165,gene-gene,0.319161064,MAPK12,MAPK3
1161,1175,gene-gene,0.265903538,MAPK12,MAPKAPK2
1161,1176,gene-gene,0.291441318,MAPK12,MAPKAPK3
1161,1181,gene-gene,0.2158932188,MAPK12,MAX
1161,1201,gene-gene,0.3200245359999999,MAPK12,MEF2C
1161,1264,gene-gene,0.2719574702,MAPK12,NFATC1
1161,1265,gene-gene,0.384242842,MAPK12,NFATC2
1161,1266,gene-gene,0.2269793749999999,MAPK12,NFATC3
1161,1268,gene-gene,0.5085838548,MAPK12,NFKB1
1161,1631,gene-gene,0.2408706079999999,MAPK12,RELA
1161,1666,gene-gene,0.27644394,MAPK12,RPS6KA4
1161,1766,gene-gene,0.28553839,MAPK12,SMAD2
1161,1922,gene-gene,0.218086364,MAPK12,TP53
1161,1169,gene-gene,0.2624355072,MAPK12,MAPK8
1161,1291,gene-gene,0.2022287669999999,MAPK12,NOS3
1161,1309,gene-gene,0.3001559539999999,MAPK12,NRAS
1161,1526,gene-gene,0.2287929259999999,MAPK12,PRKCA
1161,1527,gene-gene,0.396865406,MAPK12,PRKCB
1161,1528,gene-gene,0.2128303251999999,MAPK12,PRKCD
1161,1533,gene-gene,0.2193205446,MAPK12,PRKCZ
1161,1567,gene-gene,0.2500164022,MAPK12,PTPRR
1161,1583,gene-gene,0.2315736974,MAPK12,RAC1
1161,2011,gene-gene,0.2521600271999999,MAPK12,ZAP70
1162,1165,gene-gene,0.32878525,MAPK13,MAPK3
1162,1175,gene-gene,0.287314762,MAPK13,MAPKAPK2
1162,1177,gene-gene,0.261099002,MAPK13,MAPKAPK5
1162,1201,gene-gene,0.418306556,MAPK13,MEF2C
1162,1264,gene-gene,0.452776942,MAPK13,NFATC1
1162,1265,gene-gene,0.254901766,MAPK13,NFATC2
1162,1266,gene-gene,0.4716609659999999,MAPK13,NFATC3
1162,1268,gene-gene,0.6929111480000001,MAPK13,NFKB1
1162,1631,gene-gene,0.329490332,MAPK13,RELA
1162,1667,gene-gene,0.284792404,MAPK13,RPS6KA5
1162,1766,gene-gene,0.2932113699999999,MAPK13,SMAD2
1162,1767,gene-gene,0.2278225252,MAPK13,SMAD3
1162,1922,gene-gene,0.425665308,MAPK13,TP53
1162,1169,gene-gene,0.428757436,MAPK13,MAPK8
1162,1173,gene-gene,0.3100939269999999,MAPK13,MAPK9
1162,1309,gene-gene,0.301449256,MAPK13,NRAS
1162,1526,gene-gene,0.369739764,MAPK13,PRKCA
1162,1527,gene-gene,0.333185326,MAPK13,PRKCB
1162,1529,gene-gene,0.2175466039999999,MAPK13,PRKCE
1162,1533,gene-gene,0.458166328,MAPK13,PRKCZ
1162,1567,gene-gene,0.213664558,MAPK13,PTPRR
1162,1583,gene-gene,0.2033932167999999,MAPK13,RAC1
1162,1935,gene-gene,0.248708752,MAPK13,TRAF6
1162,2011,gene-gene,0.328500198,MAPK13,ZAP70
1163,1165,gene-gene,0.629504702,MAPK14,MAPK3
1163,1175,gene-gene,0.483720828,MAPK14,MAPKAPK2
1163,1176,gene-gene,0.264036478,MAPK14,MAPKAPK3
1163,1177,gene-gene,0.5014328060000001,MAPK14,MAPKAPK5
1163,1181,gene-gene,0.5033062239999999,MAPK14,MAX
1163,1201,gene-gene,0.612039678,MAPK14,MEF2C
1163,1264,gene-gene,0.500203626,MAPK14,NFATC1
1163,1265,gene-gene,0.45845836,MAPK14,NFATC2
1163,1266,gene-gene,0.657965467,MAPK14,NFATC3
1163,1268,gene-gene,0.623190618,MAPK14,NFKB1
1163,1631,gene-gene,0.4107806519999999,MAPK14,RELA
1163,1666,gene-gene,0.501992506,MAPK14,RPS6KA4
1163,1667,gene-gene,0.501774958,MAPK14,RPS6KA5
1163,1766,gene-gene,0.475926152,MAPK14,SMAD2
1163,1767,gene-gene,0.467491358,MAPK14,SMAD3
1163,1922,gene-gene,0.4899344959999999,MAPK14,TP53
1163,1169,gene-gene,0.529860478,MAPK14,MAPK8
1163,1173,gene-gene,0.463449164,MAPK14,MAPK9
1163,1291,gene-gene,0.369663036,MAPK14,NOS3
1163,1309,gene-gene,0.603235324,MAPK14,NRAS
1163,1526,gene-gene,0.580682648,MAPK14,PRKCA
1163,1527,gene-gene,0.7022563319999999,MAPK14,PRKCB
1163,1528,gene-gene,0.359519126,MAPK14,PRKCD
1163,1529,gene-gene,0.58553917,MAPK14,PRKCE
1163,1533,gene-gene,0.6022442960000001,MAPK14,PRKCZ
1163,1562,gene-gene,0.4319375799999999,MAPK14,PTPN5
1163,1564,gene-gene,0.461964166,MAPK14,PTPN7
1163,1567,gene-gene,0.534860958,MAPK14,PTPRR
1163,1583,gene-gene,0.3867562679999999,MAPK14,RAC1
1163,1935,gene-gene,0.4293940659999999,MAPK14,TRAF6
1163,2011,gene-gene,0.458283442,MAPK14,ZAP70
1163,2019,drug-gene,1.0,MAPK14,Dasatinib
1165,1178,gene-gene,0.4631298219999999,MAPK3,MAPT
1165,1201,gene-gene,0.374337958,MAPK3,MEF2C
1165,1219,gene-gene,0.271446274,MAPK3,MMP2
1165,1234,gene-gene,0.291425764,MAPK3,MYC
1165,1268,gene-gene,0.661077794,MAPK3,NFKB1
1165,1289,gene-gene,0.2817798434,MAPK3,NOS1
1165,1309,gene-gene,0.328406544,MAPK3,NRAS
1165,1416,gene-gene,0.2146412968,MAPK3,PLA2G12A
1165,1420,gene-gene,0.2116153188,MAPK3,PLA2G2C
1165,1422,gene-gene,0.2043470962,MAPK3,PLA2G2E
1165,1425,gene-gene,0.30383904,MAPK3,PLA2G4A
1165,1426,gene-gene,0.2614048644,MAPK3,PLA2G4B
1165,1427,gene-gene,0.2509999539999999,MAPK3,PLA2G4C
1165,1430,gene-gene,0.20709822,MAPK3,PLA2G4F
1165,1431,gene-gene,0.3194766539999999,MAPK3,PLA2G5
1165,1556,gene-gene,0.4265426120000001,MAPK3,PTGS2
1165,1631,gene-gene,0.5147263019999999,MAPK3,RELA
1165,1665,gene-gene,0.2261019146,MAPK3,RPS6KA2
1165,1666,gene-gene,0.314322586,MAPK3,RPS6KA4
1165,1667,gene-gene,0.380002364,MAPK3,RPS6KA5
1165,1668,gene-gene,0.384079394,MAPK3,RPS6KB1
1165,1669,gene-gene,0.493050364,MAPK3,RPS6KB2
1165,1764,gene-gene,0.2628551152,MAPK3,SLC9A1
1165,1765,gene-gene,0.295612722,MAPK3,SMAD1
1165,1766,gene-gene,0.2347984987999999,MAPK3,SMAD2
1165,1797,gene-gene,0.2278824926,MAPK3,SPHK2
1165,1811,gene-gene,0.358832492,MAPK3,STAT1
1165,1824,gene-gene,0.283739662,MAPK3,STMN1
1165,1843,gene-gene,0.2505590914,MAPK3,TBC1D7
1165,1884,gene-gene,0.40967365,MAPK3,THRB
1165,1922,gene-gene,0.4246749592,MAPK3,TP53
1165,1943,gene-gene,0.2255179712,MAPK3,TSC2
1165,1968,gene-gene,0.257327752,MAPK3,VEGFA
1165,1969,gene-gene,0.335337234,MAPK3,VEGFB
1165,1970,gene-gene,0.2093571714,MAPK3,VEGFC
1165,1526,gene-gene,0.428464414,MAPK3,PRKCA
1165,1527,gene-gene,0.532495966,MAPK3,PRKCB
1165,1529,gene-gene,0.260117636,MAPK3,PRKCE
1165,1530,gene-gene,0.2344048899999999,MAPK3,PRKCG
1165,1533,gene-gene,0.260450272,MAPK3,PRKCZ
1165,1562,gene-gene,0.329688684,MAPK3,PTPN5
1165,1564,gene-gene,0.2365137886,MAPK3,PTPN7
1165,1567,gene-gene,0.244031755,MAPK3,PTPRR
1165,1935,gene-gene,0.3343598592,MAPK3,TRAF6
1168,1201,gene-gene,0.347112396,MAPK7,MEF2C
1168,1308,gene-gene,0.4032460240000001,MAPK7,NR4A1
1168,1556,gene-gene,0.587560328,MAPK7,PTGS2
1168,1665,gene-gene,0.205186301,MAPK7,RPS6KA2
1168,1526,gene-gene,0.4066026320000001,MAPK7,PRKCA
1168,1527,gene-gene,0.463043564,MAPK7,PRKCB
1168,1935,gene-gene,0.330097194,MAPK7,TRAF6
1169,1264,gene-gene,0.3376992319999999,MAPK8,NFATC1
1169,1266,gene-gene,0.215668675,MAPK8,NFATC3
1169,1268,gene-gene,0.978970102,MAPK8,NFKB1
1169,1631,gene-gene,0.278531992,MAPK8,RELA
1169,1922,gene-gene,0.2313869405999999,MAPK8,TP53
1169,1309,gene-gene,0.217186254,MAPK8,NRAS
1169,1526,gene-gene,0.27404312,MAPK8,PRKCA
1169,1527,gene-gene,0.3116808566,MAPK8,PRKCB
1169,1529,gene-gene,0.2206932989999999,MAPK8,PRKCE
1169,1533,gene-gene,0.278987991,MAPK8,PRKCZ
1169,1562,gene-gene,0.260209242,MAPK8,PTPN5
1169,1564,gene-gene,0.234245734,MAPK8,PTPN7
1169,1590,gene-gene,0.2428188152,MAPK8,RALB
1169,1643,gene-gene,0.2593400948,MAPK8,RHOA
1169,1930,gene-gene,0.27398008,MAPK8,TRAF2
1173,1264,gene-gene,0.237857434,MAPK9,NFATC1
1173,1266,gene-gene,0.439566822,MAPK9,NFATC3
1173,1268,gene-gene,0.575300294,MAPK9,NFKB1
1173,1631,gene-gene,0.235079215334,MAPK9,RELA
1173,1922,gene-gene,0.3182944159999999,MAPK9,TP53
1173,1309,gene-gene,0.388422968,MAPK9,NRAS
1173,1526,gene-gene,0.424192154,MAPK9,PRKCA
1173,1527,gene-gene,0.255408818,MAPK9,PRKCB
1173,1529,gene-gene,0.2505723564,MAPK9,PRKCE
1173,1532,gene-gene,0.204051519,MAPK9,PRKCQ
1173,1562,gene-gene,0.247847714,MAPK9,PTPN5
1173,1583,gene-gene,0.3121459828,MAPK9,RAC1
1173,1585,gene-gene,0.283484961,MAPK9,RAC3
1173,1643,gene-gene,0.242460296,MAPK9,RHOA
1173,1930,gene-gene,0.257951912,MAPK9,TRAF2
1178,2020,drug-gene,1.0,MAPT,Docetaxel
1178,2028,drug-gene,1.0,MAPT,Paclitaxel
1179,1319,gene-gene,0.2400931084,MATK,NTRK2
1179,1320,gene-gene,0.2428587558,MATK,NTRK3
1180,1930,gene-gene,0.272263502,MAVS,TRAF2
1183,1811,gene-gene,0.220765618,MCL1,STAT1
1183,1813,gene-gene,0.2839717904,MCL1,STAT3
1183,1815,gene-gene,0.3064498679999999,MCL1,STAT5A
1183,1816,gene-gene,0.5861386399999999,MCL1,STAT5B
1183,1817,gene-gene,0.304641409,MCL1,STAT6
1184,1922,gene-gene,0.309723512,MDM2,TP53
1186,1462,gene-gene,0.201481243,ME1,PPARA
1186,1687,gene-gene,0.414455462,ME1,RXRA
1186,1688,gene-gene,0.429717904,ME1,RXRB
1186,1689,gene-gene,0.52678644,ME1,RXRG
1187,1687,gene-gene,0.557001978,ME3,RXRA
1187,1688,gene-gene,0.465951098,ME3,RXRB
1187,1689,gene-gene,0.4186625879999999,ME3,RXRG
1189,1191,gene-gene,0.210947206,MED1,MED13
1189,1194,gene-gene,0.2652029919999999,MED1,MED17
1189,1197,gene-gene,0.252356272,MED1,MED30
1189,1687,gene-gene,0.464230016,MED1,RXRA
1189,1688,gene-gene,0.424192122,MED1,RXRB
1189,1689,gene-gene,0.6861790400000001,MED1,RXRG
1189,1883,gene-gene,0.3979451579999999,MED1,THRA
1189,1884,gene-gene,0.323502466,MED1,THRB
1189,1190,gene-gene,0.323818234,MED1,MED12L
1189,1192,gene-gene,0.267442416,MED1,MED13L
1189,1193,gene-gene,0.360666657,MED1,MED16
1189,1198,gene-gene,0.2467871588,MED1,MED4
1190,1191,gene-gene,0.33896394,MED12L,MED13
1190,1192,gene-gene,0.2943021812,MED12L,MED13L
1190,1194,gene-gene,0.337515952,MED12L,MED17
1190,1195,gene-gene,0.310741442,MED12L,MED24
1190,1196,gene-gene,0.298060516,MED12L,MED27
1190,1197,gene-gene,0.362215172,MED12L,MED30
1190,1198,gene-gene,0.431505244,MED12L,MED4
1190,1687,gene-gene,0.812480128,MED12L,RXRA
1190,1688,gene-gene,0.553272564,MED12L,RXRB
1190,1689,gene-gene,0.38404035,MED12L,RXRG
1190,1883,gene-gene,0.4363031659999999,MED12L,THRA
1190,1884,gene-gene,0.3870858339999999,MED12L,THRB
1190,1193,gene-gene,0.363556212,MED12L,MED16
1191,1687,gene-gene,0.750274178,MED13,RXRA
1191,1688,gene-gene,0.723086662,MED13,RXRB
1191,1689,gene-gene,0.585900402,MED13,RXRG
1191,1883,gene-gene,0.316607924,MED13,THRA
1191,1884,gene-gene,0.287144532,MED13,THRB
1191,1192,gene-gene,0.35085854,MED13,MED13L
1191,1193,gene-gene,0.268174864,MED13,MED16
1191,1194,gene-gene,0.211044648,MED13,MED17
1191,1196,gene-gene,0.344632774,MED13,MED27
1191,1197,gene-gene,0.33033418,MED13,MED30
1191,1198,gene-gene,0.296347378,MED13,MED4
1192,1194,gene-gene,0.3636253092,MED13L,MED17
1192,1195,gene-gene,0.4352272339999999,MED13L,MED24
1192,1196,gene-gene,0.257624254,MED13L,MED27
1192,1197,gene-gene,0.279679572,MED13L,MED30
1192,1687,gene-gene,0.360620586,MED13L,RXRA
1192,1688,gene-gene,0.745905652,MED13L,RXRB
1192,1689,gene-gene,0.470568344,MED13L,RXRG
1192,1883,gene-gene,0.4625507779999999,MED13L,THRA
1192,1884,gene-gene,0.34928228,MED13L,THRB
1192,1193,gene-gene,0.4011605176,MED13L,MED16
1193,1194,gene-gene,0.401430262,MED16,MED17
1193,1195,gene-gene,0.399335003,MED16,MED24
1193,1196,gene-gene,0.33300714,MED16,MED27
1193,1197,gene-gene,0.314995148,MED16,MED30
1193,1198,gene-gene,0.255433088,MED16,MED4
1193,1687,gene-gene,0.5631753780000001,MED16,RXRA
1193,1688,gene-gene,0.453835604,MED16,RXRB
1193,1689,gene-gene,0.335940064,MED16,RXRG
1193,1883,gene-gene,0.307022892,MED16,THRA
1193,1884,gene-gene,0.3097897779999999,MED16,THRB
1194,1195,gene-gene,0.379569125,MED17,MED24
1194,1196,gene-gene,0.2890718392,MED17,MED27
1194,1687,gene-gene,0.4138234859999999,MED17,RXRA
1194,1688,gene-gene,0.5705282260000001,MED17,RXRB
1194,1689,gene-gene,0.543166016,MED17,RXRG
1194,1883,gene-gene,0.2338855087999999,MED17,THRA
1194,1884,gene-gene,0.375855036,MED17,THRB
1194,1197,gene-gene,0.277497586,MED17,MED30
1195,1687,gene-gene,0.5540802140000001,MED24,RXRA
1195,1688,gene-gene,0.540907944,MED24,RXRB
1195,1689,gene-gene,0.5288007560000001,MED24,RXRG
1195,1883,gene-gene,0.3895743,MED24,THRA
1195,1884,gene-gene,0.320071742,MED24,THRB
1195,1197,gene-gene,0.247491898,MED24,MED30
1195,1198,gene-gene,0.24749286,MED24,MED4
1196,1687,gene-gene,0.4257223,MED27,RXRA
1196,1688,gene-gene,0.480474276,MED27,RXRB
1196,1689,gene-gene,0.534126734,MED27,RXRG
1196,1883,gene-gene,0.352004743,MED27,THRA
1196,1884,gene-gene,0.331006804,MED27,THRB
1196,1197,gene-gene,0.452482222,MED27,MED30
1196,1198,gene-gene,0.339061236,MED27,MED4
1197,1687,gene-gene,0.612084742,MED30,RXRA
1197,1688,gene-gene,0.54010607,MED30,RXRB
1197,1689,gene-gene,0.576734462,MED30,RXRG
1197,1883,gene-gene,0.333872386,MED30,THRA
1197,1884,gene-gene,0.2031817483999999,MED30,THRB
1197,1198,gene-gene,0.29391124,MED30,MED4
1198,1687,gene-gene,0.451161434,MED4,RXRA
1198,1688,gene-gene,0.432534478,MED4,RXRB
1198,1689,gene-gene,0.63615648,MED4,RXRG
1198,1883,gene-gene,0.219389308,MED4,THRA
1198,1884,gene-gene,0.251742412,MED4,THRB
1199,1264,gene-gene,0.353617102,MEF2A,NFATC1
1199,1265,gene-gene,0.4206385179999999,MEF2A,NFATC2
1199,1266,gene-gene,0.250688716,MEF2A,NFATC3
1199,1267,gene-gene,0.274404192,MEF2A,NFATC4
1200,1264,gene-gene,0.372168622,MEF2B,NFATC1
1200,1265,gene-gene,0.259412902,MEF2B,NFATC2
1200,1266,gene-gene,0.314419136,MEF2B,NFATC3
1200,1267,gene-gene,0.2957597572,MEF2B,NFATC4
1201,1264,gene-gene,0.228306744,MEF2C,NFATC1
1201,1265,gene-gene,0.433697738,MEF2C,NFATC2
1201,1266,gene-gene,0.365173757,MEF2C,NFATC3
1201,1267,gene-gene,0.261375746,MEF2C,NFATC4
1202,1264,gene-gene,0.2143231949999999,MEF2D,NFATC1
1202,1265,gene-gene,0.293287092,MEF2D,NFATC2
1202,1266,gene-gene,0.377786038,MEF2D,NFATC3
1202,1267,gene-gene,0.284685348,MEF2D,NFATC4
1205,1435,gene-gene,0.215521223,MET,PLCB1
1205,1436,gene-gene,0.485476634,MET,PLCB2
1205,1437,gene-gene,0.22000174,MET,PLCB3
1205,1438,gene-gene,0.255052634,MET,PLCB4
1205,1444,gene-gene,0.2067187768,MET,PLCG2
1205,1732,gene-gene,0.370892018,MET,SHC1
1205,1733,gene-gene,0.37176649,MET,SHC2
1205,1734,gene-gene,0.2871530128,MET,SHC3
1205,1735,gene-gene,0.26858804,MET,SHC4
1205,1229,gene-gene,0.295338236,MET,MST1
1205,1316,gene-gene,0.209212632,MET,NTF3
1205,1317,gene-gene,0.243841238,MET,NTF4
1205,1357,gene-gene,0.316678003,MET,PDGFA
1205,1358,gene-gene,0.2211833819999999,MET,PDGFB
1205,1360,gene-gene,0.2520693548,MET,PDGFD
1205,1381,gene-gene,0.223377024,MET,PGF
1205,1867,gene-gene,0.312324857,MET,TGFA
1205,1968,gene-gene,0.31770643,MET,VEGFA
1205,1969,gene-gene,0.2140697926,MET,VEGFB
1205,1970,gene-gene,0.3288653499999999,MET,VEGFC
1214,1231,gene-gene,0.6184429760000001,MLST8,MTOR
1214,1642,gene-gene,0.2677431808,MLST8,RHEB
1214,1670,gene-gene,0.48394756,MLST8,RPTOR
1215,1513,gene-gene,0.2647142932,MLYCD,PRKAA2
1215,1519,gene-gene,0.205721612,MLYCD,PRKAG1
1215,1520,gene-gene,0.2288926536,MLYCD,PRKAG2
1216,1268,gene-gene,0.545413122,MMP1,NFKB1
1216,1464,gene-gene,0.3712326851999999,MMP1,PPARG
1216,1631,gene-gene,0.262005426,MMP1,RELA
1216,1687,gene-gene,0.543829782,MMP1,RXRA
1216,1688,gene-gene,0.568271678,MMP1,RXRB
1216,1689,gene-gene,0.589629486,MMP1,RXRG
1217,1268,gene-gene,0.275010168,MMP13,NFKB1
1218,1526,gene-gene,0.2097056818,MMP14,PRKCA
1218,1527,gene-gene,0.359661238,MMP14,PRKCB
1219,1268,gene-gene,0.443286336,MMP2,NFKB1
1219,1801,gene-gene,0.398682594,MMP2,SRC
1220,1268,gene-gene,0.5134619340000001,MMP3,NFKB1
1220,1631,gene-gene,0.3270816218,MMP3,RELA
1222,1268,gene-gene,0.364036196,MMP9,NFKB1
1222,1631,gene-gene,0.2445944228,MMP9,RELA
1222,1801,gene-gene,0.567542344,MMP9,SRC
1227,1396,gene-gene,0.313803516,MRAS,PIK3CA
1227,1400,gene-gene,0.2165200941999999,MRAS,PIK3R1
1229,1318,gene-gene,0.2705451239999999,MST1,NTRK1
1229,1319,gene-gene,0.271321072,MST1,NTRK2
1229,1320,gene-gene,0.2595134848,MST1,NTRK3
1229,1361,gene-gene,0.209379412,MST1,PDGFRA
1229,1362,gene-gene,0.3299908059999999,MST1,PDGFRB
1229,1634,gene-gene,0.280404794,MST1,RET
1230,1443,gene-gene,0.416401498,MST1R,PLCG1
1230,1444,gene-gene,0.363326678,MST1R,PLCG2
1230,1357,gene-gene,0.394038206,MST1R,PDGFA
1230,1358,gene-gene,0.299131198,MST1R,PDGFB
1230,1359,gene-gene,0.267710338,MST1R,PDGFC
1230,1360,gene-gene,0.218175356,MST1R,PDGFD
1230,1968,gene-gene,0.23931307,MST1R,VEGFA
1230,1969,gene-gene,0.228721466,MST1R,VEGFB
1230,1970,gene-gene,0.402026891,MST1R,VEGFC
1231,1464,gene-gene,0.3465665839999999,MTOR,PPARG
1231,1526,gene-gene,0.619165086,MTOR,PRKCA
1231,1527,gene-gene,0.548504924,MTOR,PRKCB
1231,1530,gene-gene,0.680274096,MTOR,PRKCG
1231,1643,gene-gene,0.712227926,MTOR,RHOA
1231,1645,gene-gene,0.443575522,MTOR,RICTOR
1231,1668,gene-gene,0.736557568,MTOR,RPS6KB1
1231,1669,gene-gene,0.575202674,MTOR,RPS6KB2
1231,1670,gene-gene,0.6650511640000001,MTOR,RPTOR
1231,1724,gene-gene,0.36429395,MTOR,SGK1
1231,1861,gene-gene,0.620791732,MTOR,TELO2
1231,1947,gene-gene,0.569367944,MTOR,TTI1
1231,1954,gene-gene,0.600871536,MTOR,ULK1
1231,1955,gene-gene,0.61775423,MTOR,ULK2
1231,1396,gene-gene,0.513791595,MTOR,PIK3CA
1231,1397,gene-gene,0.482996342,MTOR,PIK3CB
1231,1398,gene-gene,0.725646554,MTOR,PIK3CD
1231,1400,gene-gene,0.554246002,MTOR,PIK3R1
1231,1401,gene-gene,0.562677618,MTOR,PIK3R2
1231,1402,gene-gene,0.653091294,MTOR,PIK3R3
1231,1512,gene-gene,0.515198916,MTOR,PRKAA1
1231,1513,gene-gene,0.530284336,MTOR,PRKAA2
1231,1514,gene-gene,0.5446528039999999,MTOR,PRKAB1
1231,1515,gene-gene,0.433333822,MTOR,PRKAB2
1231,1519,gene-gene,0.625121038,MTOR,PRKAG1
1231,1520,gene-gene,0.549705876,MTOR,PRKAG2
1231,1521,gene-gene,0.525315068,MTOR,PRKAG3
1231,1642,gene-gene,0.549374574,MTOR,RHEB
1231,1671,gene-gene,0.549865674,MTOR,RRAGA
1231,1672,gene-gene,0.4199070624,MTOR,RRAGC
1231,1673,gene-gene,0.454671378,MTOR,RRAGD
1231,1930,gene-gene,0.587384604,MTOR,TRAF2
1231,2021,drug-gene,1.0,MTOR,Everolimus
1231,2030,drug-gene,1.0,MTOR,Sirolimus
1232,1268,gene-gene,0.654240552,MUC5B,NFKB1
1233,1268,gene-gene,0.316107358,MYB,NFKB1
1233,1631,gene-gene,0.239151004,MYB,RELA
1234,1811,gene-gene,0.205376126,MYC,STAT1
1234,1814,gene-gene,0.272168004,MYC,STAT4
1234,1816,gene-gene,0.62262253,MYC,STAT5B
1234,1817,gene-gene,0.30063571,MYC,STAT6
1236,1883,gene-gene,0.2363222814,MYH6,THRA
1237,1265,gene-gene,0.2473979877199999,MYH7,NFATC2
1237,1883,gene-gene,0.2145633588,MYH7,THRA
1237,1884,gene-gene,0.2150193482,MYH7,THRB
1251,1527,gene-gene,0.266885824,NCF1,PRKCB
1254,1383,gene-gene,0.595578924,NCOA1,PGR
1254,1602,gene-gene,0.448727958,NCOA1,RARA
1254,1687,gene-gene,0.447750654,NCOA1,RXRA
1254,1688,gene-gene,0.568700184,NCOA1,RXRB
1254,1689,gene-gene,0.592003084,NCOA1,RXRG
1254,1865,gene-gene,0.3507396299999999,NCOA1,TFF1
1254,1867,gene-gene,0.3970587,NCOA1,TGFA
1254,1883,gene-gene,0.27518808,NCOA1,THRA
1254,1884,gene-gene,0.4004481359999999,NCOA1,THRB
1254,1255,gene-gene,0.269638498,NCOA1,NCOA2
1254,1256,gene-gene,0.2067408194,NCOA1,NCOA3
1255,1256,gene-gene,0.402658088,NCOA2,NCOA3
1255,1383,gene-gene,0.69156744,NCOA2,PGR
1255,1602,gene-gene,0.6274206600000001,NCOA2,RARA
1255,1687,gene-gene,0.55420727,NCOA2,RXRA
1255,1688,gene-gene,0.527677178,NCOA2,RXRB
1255,1689,gene-gene,0.5277192420000001,NCOA2,RXRG
1255,1865,gene-gene,0.367642888,NCOA2,TFF1
1255,1867,gene-gene,0.354668962,NCOA2,TGFA
1255,1883,gene-gene,0.336213528,NCOA2,THRA
1255,1884,gene-gene,0.586909868,NCOA2,THRB
1256,1383,gene-gene,0.70500027,NCOA3,PGR
1256,1602,gene-gene,0.477147868,NCOA3,RARA
1256,1687,gene-gene,0.555262048,NCOA3,RXRA
1256,1688,gene-gene,0.542684798,NCOA3,RXRB
1256,1689,gene-gene,0.796346052,NCOA3,RXRG
1256,1865,gene-gene,0.46027274,NCOA3,TFF1
1256,1867,gene-gene,0.4626130459999999,NCOA3,TGFA
1256,1883,gene-gene,0.360893691,NCOA3,THRA
1256,1884,gene-gene,0.320666482,NCOA3,THRB
1257,1687,gene-gene,0.4579687899999999,NCOR1,RXRA
1257,1688,gene-gene,0.50682238,NCOR1,RXRB
1257,1689,gene-gene,0.571132798,NCOR1,RXRG
1257,1883,gene-gene,0.297988714,NCOR1,THRA
1257,1743,gene-gene,0.3406304559999999,NCOR1,SIN3A
1258,1624,gene-gene,0.38453995,NCOR2,RBPJ
1258,1625,gene-gene,0.38539977,NCOR2,RBPJL
1264,1299,gene-gene,0.2439780026,NFATC1,NPPB
1264,1556,gene-gene,0.356705126,NFATC1,PTGS2
1264,1905,gene-gene,0.621929722,NFATC1,TNF
1264,1406,gene-gene,0.2660964019999999,NFATC1,PIM1
1264,1517,gene-gene,0.2333826279999999,NFATC1,PRKACB
1264,1813,gene-gene,0.38670022,NFATC1,STAT3
1265,1556,gene-gene,0.425799728,NFATC2,PTGS2
1265,1905,gene-gene,0.362675996,NFATC2,TNF
1265,1941,gene-gene,0.2005658083,NFATC2,TRPC6
1265,1499,gene-gene,0.209615226,NFATC2,PPP3CB
1265,1500,gene-gene,0.2184228839999999,NFATC2,PPP3CC
1266,1556,gene-gene,0.533979994,NFATC3,PTGS2
1266,1803,gene-gene,0.239675847,NFATC3,SRF
1266,1905,gene-gene,0.4049505480000001,NFATC3,TNF
1266,1941,gene-gene,0.232249478,NFATC3,TRPC6
1266,1502,gene-gene,0.2269519059999999,NFATC3,PPP3R2
1267,1556,gene-gene,0.365763068,NFATC4,PTGS2
1267,1641,gene-gene,0.226012102,NFATC4,RGS2
1267,1803,gene-gene,0.2171248892,NFATC4,SRF
1267,1499,gene-gene,0.2474485332,NFATC4,PPP3CB
1268,1269,gene-gene,0.519751218,NFKB1,NFKB2
1268,1270,gene-gene,0.32826485,NFKB1,NFKBIA
1268,1271,gene-gene,0.6357586239999999,NFKB1,NFKBIB
1268,1272,gene-gene,0.3960905959999999,NFKB1,NFKBIE
1268,1281,gene-gene,0.338585226,NFKB1,NLRP3
1268,1290,gene-gene,0.431278612,NFKB1,NOS2
1268,1434,gene-gene,0.438257268,NFKB1,PLAU
1268,1556,gene-gene,0.6780603199999999,NFKB1,PTGS2
1268,1631,gene-gene,0.438858128,NFKB1,RELA
1268,1694,gene-gene,0.498562054,NFKB1,S100A7
1268,1695,gene-gene,0.58034494,NFKB1,S100A7A
1268,1696,gene-gene,0.432741194,NFKB1,S100A8
1268,1697,gene-gene,0.228432124,NFKB1,S100A9
1268,1710,gene-gene,0.34984154,NFKB1,SELE
1268,1713,gene-gene,0.572938426,NFKB1,SERPINE1
1268,1781,gene-gene,0.40181468,NFKB1,SOCS3
1268,1876,gene-gene,0.440866146,NFKB1,THBD
1268,1905,gene-gene,0.736098688,NFKB1,TNF
1268,1906,gene-gene,0.3716641779999999,NFKB1,TNFAIP3
1268,1929,gene-gene,0.5650050440000001,NFKB1,TRAF1
1268,1930,gene-gene,0.495742634,NFKB1,TRAF2
1268,1964,gene-gene,0.487749624,NFKB1,VCAM1
1268,1968,gene-gene,0.639880182,NFKB1,VEGFA
1268,1969,gene-gene,0.495903876,NFKB1,VEGFB
1268,1970,gene-gene,0.542957072,NFKB1,VEGFC
1268,1280,gene-gene,0.476508024,NFKB1,NLRP12
1268,1516,gene-gene,0.452929018,NFKB1,PRKACA
1268,1517,gene-gene,0.456184248,NFKB1,PRKACB
1268,1518,gene-gene,0.481307316,NFKB1,PRKACG
1268,1658,gene-gene,0.52545197,NFKB1,ROCK1
1268,1659,gene-gene,0.517420144,NFKB1,ROCK2
1268,1844,gene-gene,0.43174307,NFKB1,TBK1
1268,1900,gene-gene,0.518198054,NFKB1,TLR4
1268,1909,gene-gene,0.577336004,NFKB1,TNFRSF11A
1268,1932,gene-gene,0.458432012,NFKB1,TRAF3IP2
1268,1935,gene-gene,0.392149056,NFKB1,TRAF6
1268,2032,drug-gene,1.0,NFKB1,Thalidomide
1269,1631,gene-gene,0.2464560479999999,NFKB2,RELA
1270,1631,gene-gene,0.30714016,NFKBIA,RELA
1271,1631,gene-gene,0.3281218039999999,NFKBIB,RELA
1272,1631,gene-gene,0.27942191,NFKBIE,RELA
1273,1274,gene-gene,0.213343825,NGF,NGFR
1273,1318,gene-gene,0.286854626,NGF,NTRK1
1273,1320,gene-gene,0.241670778,NGF,NTRK3
1273,1361,gene-gene,0.2473901766,NGF,PDGFRA
1273,1362,gene-gene,0.5754917820000001,NGF,PDGFRB
1273,1634,gene-gene,0.2348953876,NGF,RET
1273,1860,gene-gene,0.2806061088,NGF,TEK
1274,1397,gene-gene,0.277150448,NGFR,PIK3CB
1274,1398,gene-gene,0.2677921828,NGFR,PIK3CD
1274,1400,gene-gene,0.252370914,NGFR,PIK3R1
1274,1401,gene-gene,0.312612002,NGFR,PIK3R2
1274,1402,gene-gene,0.4198849939999999,NGFR,PIK3R3
1274,1436,gene-gene,0.3482715816,NGFR,PLCB2
1274,1437,gene-gene,0.235376164,NGFR,PLCB3
1274,1438,gene-gene,0.221179248,NGFR,PLCB4
1274,1583,gene-gene,0.2076928304,NGFR,RAC1
1274,1643,gene-gene,0.302718972,NGFR,RHOA
1274,1732,gene-gene,0.2620503732,NGFR,SHC1
1274,1733,gene-gene,0.39014449,NGFR,SHC2
1274,1734,gene-gene,0.384330054,NGFR,SHC3
1274,1735,gene-gene,0.2494527492,NGFR,SHC4
1274,1935,gene-gene,0.2289728294,NGFR,TRAF6
1274,1316,gene-gene,0.370992412,NGFR,NTF3
1274,1357,gene-gene,0.2481973798,NGFR,PDGFA
1274,1359,gene-gene,0.248672137,NGFR,PDGFC
1274,1360,gene-gene,0.20422395,NGFR,PDGFD
1274,1381,gene-gene,0.2623277,NGFR,PGF
1274,1867,gene-gene,0.334437612,NGFR,TGFA
1274,1968,gene-gene,0.223548662,NGFR,VEGFA
1274,1969,gene-gene,0.299083524,NGFR,VEGFB
1274,1970,gene-gene,0.2736024488,NGFR,VEGFC
1279,1569,gene-gene,0.3109190448,NLRP1,PYCARD
1279,1286,gene-gene,0.215111124,NLRP1,NOD2
1280,1631,gene-gene,0.23121491,NLRP12,RELA
1305,1515,gene-gene,0.223191742,NPY,PRKAB2
1307,1462,gene-gene,0.20124687,NR1H3,PPARA
1307,1687,gene-gene,0.556815222,NR1H3,RXRA
1307,1688,gene-gene,0.321501968,NR1H3,RXRB
1307,1689,gene-gene,0.54514113,NR1H3,RXRG
1308,1687,gene-gene,0.5675591,NR4A1,RXRA
1309,1396,gene-gene,0.2304054139999999,NRAS,PIK3CA
1309,1400,gene-gene,0.26820457,NRAS,PIK3R1
1309,1401,gene-gene,0.3817968459999999,NRAS,PIK3R2
1309,1402,gene-gene,0.2495882868,NRAS,PIK3R3
1309,1646,gene-gene,0.24694249,NRAS,RIN1
1309,1397,gene-gene,0.266819148,NRAS,PIK3CB
1309,1398,gene-gene,0.349542812,NRAS,PIK3CD
1309,1399,gene-gene,0.219035892,NRAS,PIK3CG
1309,1405,gene-gene,0.2155835479999999,NRAS,PIK3R6
1309,1526,gene-gene,0.372501588,NRAS,PRKCA
1309,1527,gene-gene,0.2207206,NRAS,PRKCB
1309,1530,gene-gene,0.2273381406,NRAS,PRKCG
1309,1801,gene-gene,0.59626655,NRAS,SRC
1316,1318,gene-gene,0.2336128099999999,NTF3,NTRK1
1316,1319,gene-gene,0.358365488,NTF3,NTRK2
1316,1320,gene-gene,0.340530384,NTF3,NTRK3
1316,1361,gene-gene,0.321629928,NTF3,PDGFRA
1316,1362,gene-gene,0.479408744,NTF3,PDGFRB
1316,1860,gene-gene,0.348185706,NTF3,TEK
1317,1318,gene-gene,0.299271166,NTF4,NTRK1
1317,1319,gene-gene,0.319479638,NTF4,NTRK2
1317,1361,gene-gene,0.459509438,NTF4,PDGFRA
1317,1362,gene-gene,0.429212946,NTF4,PDGFRB
1317,1860,gene-gene,0.23945933,NTF4,TEK
1318,1443,gene-gene,0.2216692999999999,NTRK1,PLCG1
1318,1444,gene-gene,0.321636886,NTRK1,PLCG2
1318,1732,gene-gene,0.484850752,NTRK1,SHC1
1318,1733,gene-gene,0.2976839156,NTRK1,SHC2
1318,1734,gene-gene,0.302253914,NTRK1,SHC3
1318,1735,gene-gene,0.403170784,NTRK1,SHC4
1318,1357,gene-gene,0.287222819,NTRK1,PDGFA
1318,1358,gene-gene,0.239468692,NTRK1,PDGFB
1318,1359,gene-gene,0.272016529,NTRK1,PDGFC
1318,1360,gene-gene,0.279421612,NTRK1,PDGFD
1318,1867,gene-gene,0.520940918,NTRK1,TGFA
1318,1968,gene-gene,0.398094712,NTRK1,VEGFA
1318,1970,gene-gene,0.2462945667999999,NTRK1,VEGFC
1319,1443,gene-gene,0.306501792,NTRK2,PLCG1
1319,1444,gene-gene,0.286194536,NTRK2,PLCG2
1319,1729,gene-gene,0.2228161096,NTRK2,SH2B3
1319,1732,gene-gene,0.2833258349999999,NTRK2,SHC1
1319,1733,gene-gene,0.2993068239999999,NTRK2,SHC2
1319,1734,gene-gene,0.34260681,NTRK2,SHC3
1319,1735,gene-gene,0.222709666,NTRK2,SHC4
1319,1357,gene-gene,0.286291044,NTRK2,PDGFA
1319,1358,gene-gene,0.3772219579999999,NTRK2,PDGFB
1319,1359,gene-gene,0.315365534,NTRK2,PDGFC
1319,1360,gene-gene,0.2182946324,NTRK2,PDGFD
1319,1381,gene-gene,0.33774327,NTRK2,PGF
1319,1867,gene-gene,0.386252778,NTRK2,TGFA
1319,1969,gene-gene,0.251701816,NTRK2,VEGFB
1319,1970,gene-gene,0.2760258379999999,NTRK2,VEGFC
1320,1443,gene-gene,0.333328044,NTRK3,PLCG1
1320,1444,gene-gene,0.31658907,NTRK3,PLCG2
1320,1732,gene-gene,0.4540888239999999,NTRK3,SHC1
1320,1733,gene-gene,0.2919836059999999,NTRK3,SHC2
1320,1735,gene-gene,0.3416844959999999,NTRK3,SHC4
1320,1357,gene-gene,0.257763094,NTRK3,PDGFA
1320,1358,gene-gene,0.2889735519999999,NTRK3,PDGFB
1320,1359,gene-gene,0.319072236,NTRK3,PDGFC
1320,1360,gene-gene,0.379567198,NTRK3,PDGFD
1320,1968,gene-gene,0.332238874,NTRK3,VEGFA
1320,1970,gene-gene,0.405399418,NTRK3,VEGFC
1324,1464,gene-gene,0.303357564,OLR1,PPARG
1324,1687,gene-gene,0.525983952,OLR1,RXRA
1324,1688,gene-gene,0.4844502540000001,OLR1,RXRB
1324,1689,gene-gene,0.3505926339999999,OLR1,RXRG
1330,1362,gene-gene,0.345475234,OSM,PDGFRB
1331,1540,gene-gene,0.20915699914,OSMR,PRLR
1335,1643,gene-gene,0.2182776599999999,PAK1,RHOA
1341,1533,gene-gene,0.202670734,PARD6A,PRKCZ
1343,1531,gene-gene,0.2171325573999999,PARD6G,PRKCI
1344,1462,gene-gene,0.223704378,PCK1,PPARA
1344,1464,gene-gene,0.25860373,PCK1,PPARG
1344,1512,gene-gene,0.338326178,PCK1,PRKAA1
1344,1513,gene-gene,0.275113144,PCK1,PRKAA2
1344,1514,gene-gene,0.273894886,PCK1,PRKAB1
1344,1515,gene-gene,0.252286096,PCK1,PRKAB2
1344,1520,gene-gene,0.2788750452,PCK1,PRKAG2
1344,1687,gene-gene,0.54009587,PCK1,RXRA
1344,1688,gene-gene,0.44216654,PCK1,RXRB
1344,1689,gene-gene,0.319311124,PCK1,RXRG
1345,1462,gene-gene,0.33312707,PCK2,PPARA
1345,1464,gene-gene,0.2857084079999999,PCK2,PPARG
1345,1513,gene-gene,0.2704474246,PCK2,PRKAA2
1345,1519,gene-gene,0.21818323,PCK2,PRKAG1
1345,1520,gene-gene,0.2766706,PCK2,PRKAG2
1345,1521,gene-gene,0.226440688,PCK2,PRKAG3
1345,1687,gene-gene,0.445004432,PCK2,RXRA
1345,1688,gene-gene,0.51365846,PCK2,RXRB
1345,1689,gene-gene,0.5848204885999999,PCK2,RXRG
1357,1361,gene-gene,0.2792579819999999,PDGFA,PDGFRA
1357,1362,gene-gene,0.731168248,PDGFA,PDGFRB
1357,1540,gene-gene,0.278869766,PDGFA,PRLR
1357,1860,gene-gene,0.3577592511999999,PDGFA,TEK
1358,1361,gene-gene,0.2566124364,PDGFB,PDGFRA
1358,1362,gene-gene,0.504663518,PDGFB,PDGFRB
1358,1540,gene-gene,0.261361,PDGFB,PRLR
1358,1634,gene-gene,0.227722922,PDGFB,RET
1358,1860,gene-gene,0.259530704,PDGFB,TEK
1359,1361,gene-gene,0.2262996433999999,PDGFC,PDGFRA
1359,1362,gene-gene,0.508104654,PDGFC,PDGFRB
1359,1634,gene-gene,0.21555733,PDGFC,RET
1359,1860,gene-gene,0.32692525,PDGFC,TEK
1360,1361,gene-gene,0.4022642959999999,PDGFD,PDGFRA
1360,1362,gene-gene,0.43283842,PDGFD,PDGFRB
1360,1634,gene-gene,0.380355772,PDGFD,RET
1360,1860,gene-gene,0.220234294,PDGFD,TEK
1361,1396,gene-gene,0.4009031079999999,PDGFRA,PIK3CA
1361,1397,gene-gene,0.29848017,PDGFRA,PIK3CB
1361,1398,gene-gene,0.25776529,PDGFRA,PIK3CD
1361,1400,gene-gene,0.3795112756,PDGFRA,PIK3R1
1361,1401,gene-gene,0.4025499268,PDGFRA,PIK3R2
1361,1402,gene-gene,0.302762718,PDGFRA,PIK3R3
1361,1435,gene-gene,0.23857914,PDGFRA,PLCB1
1361,1436,gene-gene,0.239907916,PDGFRA,PLCB2
1361,1437,gene-gene,0.275451124,PDGFRA,PLCB3
1361,1438,gene-gene,0.33810966,PDGFRA,PLCB4
1361,1443,gene-gene,0.376182696,PDGFRA,PLCG1
1361,1444,gene-gene,0.302494546,PDGFRA,PLCG2
1361,1560,gene-gene,0.2137907799999999,PDGFRA,PTPN11
1361,1732,gene-gene,0.389024102,PDGFRA,SHC1
1361,1733,gene-gene,0.2537201268,PDGFRA,SHC2
1361,1734,gene-gene,0.303662764,PDGFRA,SHC3
1361,1951,gene-gene,0.238010644,PDGFRA,TYK2
1361,1539,gene-gene,0.2094910072,PDGFRA,PRL
1361,1970,gene-gene,0.227532322,PDGFRA,VEGFC
1362,1396,gene-gene,0.513253264,PDGFRB,PIK3CA
1362,1397,gene-gene,0.436397326,PDGFRB,PIK3CB
1362,1398,gene-gene,0.505840308,PDGFRB,PIK3CD
1362,1400,gene-gene,0.485455376,PDGFRB,PIK3R1
1362,1401,gene-gene,0.769642744,PDGFRB,PIK3R2
1362,1402,gene-gene,0.577588282,PDGFRB,PIK3R3
1362,1435,gene-gene,0.4562732399999999,PDGFRB,PLCB1
1362,1436,gene-gene,0.557280088,PDGFRB,PLCB2
1362,1437,gene-gene,0.463026432,PDGFRB,PLCB3
1362,1438,gene-gene,0.484684524,PDGFRB,PLCB4
1362,1443,gene-gene,0.494038468,PDGFRB,PLCG1
1362,1444,gene-gene,0.431877268,PDGFRB,PLCG2
1362,1560,gene-gene,0.5466693300000001,PDGFRB,PTPN11
1362,1732,gene-gene,0.4333951539999999,PDGFRB,SHC1
1362,1733,gene-gene,0.47956538,PDGFRB,SHC2
1362,1734,gene-gene,0.518361678,PDGFRB,SHC3
1362,1735,gene-gene,0.384090764,PDGFRB,SHC4
1362,1951,gene-gene,0.531603948,PDGFRB,TYK2
1362,1381,gene-gene,0.496434018,PDGFRB,PGF
1362,1539,gene-gene,0.476259586,PDGFRB,PRL
1362,1867,gene-gene,0.6681148419999999,PDGFRB,TGFA
1362,1882,gene-gene,0.5222578452000001,PDGFRB,THPO
1362,1946,gene-gene,0.401773118,PDGFRB,TSLP
1362,1968,gene-gene,0.434717592,PDGFRB,VEGFA
1362,1969,gene-gene,0.4974276019999999,PDGFRB,VEGFB
1362,1970,gene-gene,0.49715377,PDGFRB,VEGFC
1362,2019,drug-gene,1.0,PDGFRB,Dasatinib
1366,1411,gene-gene,0.383383232,PDPK1,PKN1
1366,1412,gene-gene,0.561215224,PDPK1,PKN2
1366,1413,gene-gene,0.587291926,PDPK1,PKN3
1366,1526,gene-gene,0.666563314,PDPK1,PRKCA
1366,1531,gene-gene,0.504504804,PDPK1,PRKCI
1366,1533,gene-gene,0.648955034,PDPK1,PRKCZ
1366,1668,gene-gene,0.501161664,PDPK1,RPS6KB1
1366,1669,gene-gene,0.3260357479999999,PDPK1,RPS6KB2
1366,1724,gene-gene,0.473821672,PDPK1,SGK1
1366,1725,gene-gene,0.499951184,PDPK1,SGK2
1366,1726,gene-gene,0.462324904,PDPK1,SGK3
1366,1396,gene-gene,0.482369408,PDPK1,PIK3CA
1366,1397,gene-gene,0.527723046,PDPK1,PIK3CB
1366,1398,gene-gene,0.459004166,PDPK1,PIK3CD
1366,1400,gene-gene,0.50839973,PDPK1,PIK3R1
1366,1401,gene-gene,0.569326886,PDPK1,PIK3R2
1366,1402,gene-gene,0.758246004,PDPK1,PIK3R3
1366,1463,gene-gene,0.59690187,PDPK1,PPARD
1366,1687,gene-gene,0.8814484,PDPK1,RXRA
1366,1688,gene-gene,0.7640353839999999,PDPK1,RXRB
1366,1689,gene-gene,0.734008396,PDPK1,RXRG
1366,2017,drug-gene,1.0,PDPK1,Celecoxib
1367,1922,gene-gene,0.23120796,PERP,TP53
1370,1514,gene-gene,0.2182892288,PFKFB2,PRKAB1
1370,1515,gene-gene,0.2054714087399999,PFKFB2,PRKAB2
1370,1520,gene-gene,0.2384596812,PFKFB2,PRKAG2
1371,1513,gene-gene,0.2053264692,PFKFB3,PRKAA2
1371,1520,gene-gene,0.285357562,PFKFB3,PRKAG2
1381,1860,gene-gene,0.2599144808,PGF,TEK
1383,2025,drug-gene,1.0,PGR,Megestrol acetate
1383,2026,drug-gene,1.0,PGR,Mitotane
1389,1811,gene-gene,0.225350845,PIAS1,STAT1
1389,1812,gene-gene,0.281366484,PIAS1,STAT2
1389,1813,gene-gene,0.2204966549999999,PIAS1,STAT3
1389,1814,gene-gene,0.2238119208,PIAS1,STAT4
1389,1816,gene-gene,0.33947416,PIAS1,STAT5B
1389,1817,gene-gene,0.2245370794,PIAS1,STAT6
1390,1812,gene-gene,0.2497689512,PIAS2,STAT2
1390,1813,gene-gene,0.2537360896,PIAS2,STAT3
1390,1814,gene-gene,0.33090147,PIAS2,STAT4
1390,1815,gene-gene,0.233207742,PIAS2,STAT5A
1390,1816,gene-gene,0.435503156,PIAS2,STAT5B
1390,1817,gene-gene,0.310948372,PIAS2,STAT6
1391,1811,gene-gene,0.2461430092,PIAS3,STAT1
1391,1813,gene-gene,0.296129158,PIAS3,STAT3
1391,1814,gene-gene,0.2720931519999999,PIAS3,STAT4
1391,1815,gene-gene,0.287434162,PIAS3,STAT5A
1391,1816,gene-gene,0.613178446,PIAS3,STAT5B
1391,1817,gene-gene,0.2056037599999999,PIAS3,STAT6
1392,1812,gene-gene,0.236444558,PIAS4,STAT2
1392,1813,gene-gene,0.2402594816,PIAS4,STAT3
1392,1815,gene-gene,0.24689226,PIAS4,STAT5A
1392,1816,gene-gene,0.376052026,PIAS4,STAT5B
1392,1817,gene-gene,0.2039968791999999,PIAS4,STAT6
1394,1402,gene-gene,0.221070472,PIK3AP1,PIK3R3
1396,1531,gene-gene,0.3151640599999999,PIK3CA,PRKCI
1396,1533,gene-gene,0.3380804588,PIK3CA,PRKCZ
1396,1557,gene-gene,0.373716806,PIK3CA,PTK2
1396,1584,gene-gene,0.290744298,PIK3CA,RAC2
1396,1585,gene-gene,0.219235756,PIK3CA,RAC3
1396,1586,gene-gene,0.25829693,PIK3CA,RAF1
1396,1628,gene-gene,0.3320841419999999,PIK3CA,RCAN2
1396,1801,gene-gene,0.324479298,PIK3CA,SRC
1396,1883,gene-gene,0.386164432,PIK3CA,THRA
1396,1560,gene-gene,0.301439088,PIK3CA,PTPN11
1396,1593,gene-gene,0.2716327248,PIK3CA,RAP1A
1396,1884,gene-gene,0.32972046,PIK3CA,THRB
1396,1930,gene-gene,0.204317028,PIK3CA,TRAF2
1396,1951,gene-gene,0.363501994,PIK3CA,TYK2
1397,1531,gene-gene,0.3549388916,PIK3CB,PRKCI
1397,1533,gene-gene,0.4102284049999999,PIK3CB,PRKCZ
1397,1557,gene-gene,0.4014859879999999,PIK3CB,PTK2
1397,1583,gene-gene,0.2420107,PIK3CB,RAC1
1397,1628,gene-gene,0.2459776719999999,PIK3CB,RCAN2
1397,1801,gene-gene,0.617144534,PIK3CB,SRC
1397,1883,gene-gene,0.249215872,PIK3CB,THRA
1397,1560,gene-gene,0.357419222,PIK3CB,PTPN11
1397,1586,gene-gene,0.37069817,PIK3CB,RAF1
1397,1593,gene-gene,0.2658075359999999,PIK3CB,RAP1A
1397,1830,gene-gene,0.25114317,PIK3CB,SYK
1397,1884,gene-gene,0.338524606,PIK3CB,THRB
1397,1930,gene-gene,0.461927374,PIK3CB,TRAF2
1397,1951,gene-gene,0.3196612159999999,PIK3CB,TYK2
1398,1531,gene-gene,0.3172929954,PIK3CD,PRKCI
1398,1533,gene-gene,0.2347957306,PIK3CD,PRKCZ
1398,1557,gene-gene,0.321633336,PIK3CD,PTK2
1398,1583,gene-gene,0.3343308594,PIK3CD,RAC1
1398,1584,gene-gene,0.26577313,PIK3CD,RAC2
1398,1586,gene-gene,0.2239037866,PIK3CD,RAF1
1398,1801,gene-gene,0.593816642,PIK3CD,SRC
1398,1883,gene-gene,0.378964776,PIK3CD,THRA
1398,1560,gene-gene,0.2480590704,PIK3CD,PTPN11
1398,1884,gene-gene,0.283687858,PIK3CD,THRB
1398,1930,gene-gene,0.42349426,PIK3CD,TRAF2
1398,1951,gene-gene,0.3090936199999999,PIK3CD,TYK2
1399,1533,gene-gene,0.27304703,PIK3CG,PRKCZ
1399,1801,gene-gene,0.434320168,PIK3CG,SRC
1400,1508,gene-gene,0.211621946,PIK3R1,PREX1
1400,1531,gene-gene,0.325222886,PIK3R1,PRKCI
1400,1533,gene-gene,0.315801556,PIK3R1,PRKCZ
1400,1557,gene-gene,0.2230441209999999,PIK3R1,PTK2
1400,1583,gene-gene,0.271586944,PIK3R1,RAC1
1400,1801,gene-gene,0.5384414040000001,PIK3R1,SRC
1400,1883,gene-gene,0.329074808,PIK3R1,THRA
1400,1560,gene-gene,0.31405015,PIK3R1,PTPN11
1400,1586,gene-gene,0.307248224,PIK3R1,RAF1
1400,1674,gene-gene,0.229416508,PIK3R1,RRAS
1400,1675,gene-gene,0.26143346,PIK3R1,RRAS2
1400,1830,gene-gene,0.277658714,PIK3R1,SYK
1400,1930,gene-gene,0.280277502,PIK3R1,TRAF2
1401,1531,gene-gene,0.3243992,PIK3R2,PRKCI
1401,1533,gene-gene,0.379347086,PIK3R2,PRKCZ
1401,1557,gene-gene,0.387290129,PIK3R2,PTK2
1401,1585,gene-gene,0.2270846316,PIK3R2,RAC3
1401,1586,gene-gene,0.3865319667999999,PIK3R2,RAF1
1401,1801,gene-gene,0.617492358,PIK3R2,SRC
1401,1883,gene-gene,0.285866868,PIK3R2,THRA
1401,1560,gene-gene,0.347886188,PIK3R2,PTPN11
1401,1583,gene-gene,0.2377666999999999,PIK3R2,RAC1
1401,1593,gene-gene,0.215191301,PIK3R2,RAP1A
1401,1594,gene-gene,0.384525496,PIK3R2,RAP1B
1401,1830,gene-gene,0.2919337376,PIK3R2,SYK
1401,1884,gene-gene,0.315066072,PIK3R2,THRB
1401,1930,gene-gene,0.298374352,PIK3R2,TRAF2
1401,1951,gene-gene,0.200163366,PIK3R2,TYK2
1402,1531,gene-gene,0.4300237819999999,PIK3R3,PRKCI
1402,1533,gene-gene,0.422693958,PIK3R3,PRKCZ
1402,1557,gene-gene,0.389435824,PIK3R3,PTK2
1402,1584,gene-gene,0.22839057052,PIK3R3,RAC2
1402,1586,gene-gene,0.319643912,PIK3R3,RAF1
1402,1801,gene-gene,0.5198304260000001,PIK3R3,SRC
1402,1883,gene-gene,0.4304765592,PIK3R3,THRA
1402,1583,gene-gene,0.361510931,PIK3R3,RAC1
1402,1593,gene-gene,0.34379075,PIK3R3,RAP1A
1402,1594,gene-gene,0.287754342,PIK3R3,RAP1B
1402,1674,gene-gene,0.294679633,PIK3R3,RRAS
1402,1884,gene-gene,0.350181796,PIK3R3,THRB
1402,1930,gene-gene,0.281006812,PIK3R3,TRAF2
1402,1951,gene-gene,0.377092204,PIK3R3,TYK2
1404,1533,gene-gene,0.269354118,PIK3R5,PRKCZ
1404,1557,gene-gene,0.300216158,PIK3R5,PTK2
1404,1801,gene-gene,0.544803896,PIK3R5,SRC
1405,1533,gene-gene,0.23920312,PIK3R6,PRKCZ
1405,1801,gene-gene,0.541917696,PIK3R6,SRC
1406,1812,gene-gene,0.230809208,PIM1,STAT2
1406,1813,gene-gene,0.217112336,PIM1,STAT3
1406,1814,gene-gene,0.325236332,PIM1,STAT4
1406,1815,gene-gene,0.206739064,PIM1,STAT5A
1406,1816,gene-gene,0.505004398,PIM1,STAT5B
1411,1412,gene-gene,0.266740864,PKN1,PKN2
1411,1643,gene-gene,0.2438531639999999,PKN1,RHOA
1412,2006,gene-gene,0.2417683,PKN2,YWHAE
1412,1643,gene-gene,0.35238734,PKN2,RHOA
1427,1526,gene-gene,0.2004387,PLA2G4C,PRKCA
1428,1527,gene-gene,0.252144483,PLA2G4D,PRKCB
1429,1527,gene-gene,0.30122258,PLA2G4E,PRKCB
1434,1631,gene-gene,0.2364893551999999,PLAU,RELA
1435,1526,gene-gene,0.472558908,PLCB1,PRKCA
1435,1527,gene-gene,0.332210894,PLCB1,PRKCB
1435,1528,gene-gene,0.310003818,PLCB1,PRKCD
1435,1860,gene-gene,0.3331801399999999,PLCB1,TEK
1436,1526,gene-gene,0.404616608,PLCB2,PRKCA
1436,1527,gene-gene,0.3534261256,PLCB2,PRKCB
1436,1528,gene-gene,0.41854512,PLCB2,PRKCD
1436,1860,gene-gene,0.3448510232,PLCB2,TEK
1437,1526,gene-gene,0.4307432679999999,PLCB3,PRKCA
1437,1527,gene-gene,0.35607149,PLCB3,PRKCB
1437,1528,gene-gene,0.222603372,PLCB3,PRKCD
1437,1529,gene-gene,0.2662624888,PLCB3,PRKCE
1437,1555,gene-gene,0.2739734194,PLCB3,PTGFR
1437,1860,gene-gene,0.453268254,PLCB3,TEK
1438,1526,gene-gene,0.309861591,PLCB4,PRKCA
1438,1527,gene-gene,0.35148044,PLCB4,PRKCB
1438,1528,gene-gene,0.24044299,PLCB4,PRKCD
1443,1526,gene-gene,0.366874604,PLCG1,PRKCA
1443,1527,gene-gene,0.369181822,PLCG1,PRKCB
1443,1528,gene-gene,0.272231052,PLCG1,PRKCD
1443,1530,gene-gene,0.427115455,PLCG1,PRKCG
1443,1634,gene-gene,0.313863546,PLCG1,RET
1443,1830,gene-gene,0.2503219156,PLCG1,SYK
1443,1859,gene-gene,0.2232797782,PLCG1,TEC
1444,1526,gene-gene,0.31402811,PLCG2,PRKCA
1444,1527,gene-gene,0.30086145,PLCG2,PRKCB
1444,1528,gene-gene,0.232124854,PLCG2,PRKCD
1444,1530,gene-gene,0.323027724,PLCG2,PRKCG
1444,1634,gene-gene,0.248123658,PLCG2,RET
1446,1526,gene-gene,0.2160815187999999,PLD1,PRKCA
1448,1464,gene-gene,0.2391242924,PLIN1,PPARG
1448,1512,gene-gene,0.2085666556,PLIN1,PRKAA1
1448,1513,gene-gene,0.295889476,PLIN1,PRKAA2
1448,1520,gene-gene,0.29250306,PLIN1,PRKAG2
1448,1521,gene-gene,0.2689169122,PLIN1,PRKAG3
1448,1687,gene-gene,0.7158918040000001,PLIN1,RXRA
1448,1688,gene-gene,0.509155696,PLIN1,RXRB
1448,1689,gene-gene,0.4296865119999999,PLIN1,RXRG
1449,1687,gene-gene,0.468821974,PLIN2,RXRA
1449,1688,gene-gene,0.410539592,PLIN2,RXRB
1449,1689,gene-gene,0.484104082,PLIN2,RXRG
1450,1464,gene-gene,0.312990422,PLIN4,PPARG
1450,1687,gene-gene,0.401572002,PLIN4,RXRA
1450,1688,gene-gene,0.5575965700000001,PLIN4,RXRB
1450,1689,gene-gene,0.567331266,PLIN4,RXRG
1451,1464,gene-gene,0.309408704,PLIN5,PPARG
1451,1687,gene-gene,0.35022068,PLIN5,RXRA
1451,1688,gene-gene,0.3877466399999999,PLIN5,RXRB
1451,1689,gene-gene,0.457215082,PLIN5,RXRG
1456,1883,gene-gene,0.21666321598,PLN,THRA
1457,1462,gene-gene,0.2683783388,PLTP,PPARA
1457,1687,gene-gene,0.490481802,PLTP,RXRA
1457,1688,gene-gene,0.307425676,PLTP,RXRB
1457,1689,gene-gene,0.50019051,PLTP,RXRG
1462,1687,gene-gene,0.387077636,PPARA,RXRA
1462,1688,gene-gene,0.42876922,PPARA,RXRB
1462,1689,gene-gene,0.5466887020000001,PPARA,RXRG
1462,1704,gene-gene,0.282579972,PPARA,SCD
1462,1753,gene-gene,0.22868549,PPARA,SLC27A1
1462,1953,gene-gene,0.214486716,PPARA,UCP1
1462,1516,gene-gene,0.261453352,PPARA,PRKACA
1462,1518,gene-gene,0.26052175,PPARA,PRKACG
1463,1687,gene-gene,0.5473695599999999,PPARD,RXRA
1463,1688,gene-gene,0.470654676,PPARD,RXRB
1463,1689,gene-gene,0.455584334,PPARD,RXRG
1463,1952,gene-gene,0.278994256,PPARD,UBC
1463,1953,gene-gene,0.301669462,PPARD,UCP1
1463,1851,gene-gene,0.2486751593999999,PPARD,TCF7L1
1464,1687,gene-gene,0.382226102,PPARG,RXRA
1464,1688,gene-gene,0.4990749359999999,PPARG,RXRB
1464,1689,gene-gene,0.613324054,PPARG,RXRG
1464,1704,gene-gene,0.40181372,PPARG,SCD
1464,1705,gene-gene,0.368025888,PPARG,SCD5
1464,1753,gene-gene,0.244447948,PPARG,SLC27A1
1464,1953,gene-gene,0.2005347232,PPARG,UCP1
1464,1670,gene-gene,0.288248516,PPARG,RPTOR
1465,1513,gene-gene,0.273117119,PPARGC1A,PRKAA2
1483,1668,gene-gene,0.276510584,PPP2CA,RPS6KB1
1483,1669,gene-gene,0.4601001099999999,PPP2CA,RPS6KB2
1483,1822,gene-gene,0.208978746,PPP2CA,STK3
1483,2000,gene-gene,0.242292173,PPP2CA,WWTR1
1484,1668,gene-gene,0.389036166,PPP2CB,RPS6KB1
1484,1669,gene-gene,0.39255589,PPP2CB,RPS6KB2
1484,2000,gene-gene,0.21766731,PPP2CB,WWTR1
1484,2004,gene-gene,0.240112864,PPP2CB,YAP1
1484,1872,gene-gene,0.2107002805999999,PPP2CB,TGFBR2
1485,1668,gene-gene,0.27422056,PPP2R1A,RPS6KB1
1485,1669,gene-gene,0.2213312088,PPP2R1A,RPS6KB2
1485,1872,gene-gene,0.244482231,PPP2R1A,TGFBR2
1486,1668,gene-gene,0.2975097286,PPP2R1B,RPS6KB1
1486,1669,gene-gene,0.2916796279999999,PPP2R1B,RPS6KB2
1512,1670,gene-gene,0.255321914,PRKAA1,RPTOR
1512,1516,gene-gene,0.246827276,PRKAA1,PRKACA
1512,1813,gene-gene,0.3793021259999999,PRKAA1,STAT3
1513,1670,gene-gene,0.3087427792,PRKAA2,RPTOR
1513,1841,gene-gene,0.2367823899999999,PRKAA2,TBC1D1
1513,1516,gene-gene,0.2258274559999999,PRKAA2,PRKACA
1513,1813,gene-gene,0.415523106,PRKAA2,STAT3
1513,1825,gene-gene,0.2335786339999999,PRKAA2,STRADA
1514,1670,gene-gene,0.243530729,PRKAB1,RPTOR
1514,1517,gene-gene,0.2889719178,PRKAB1,PRKACB
1514,1518,gene-gene,0.2154010752,PRKAB1,PRKACG
1514,1813,gene-gene,0.3272539319999999,PRKAB1,STAT3
1514,1825,gene-gene,0.218333917,PRKAB1,STRADA
1515,1670,gene-gene,0.383153114,PRKAB2,RPTOR
1515,1841,gene-gene,0.224410342,PRKAB2,TBC1D1
1515,1516,gene-gene,0.254902374,PRKAB2,PRKACA
1515,1517,gene-gene,0.218975796,PRKAB2,PRKACB
1515,1813,gene-gene,0.334184292,PRKAB2,STAT3
1515,1821,gene-gene,0.2304277184,PRKAB2,STK11
1515,1826,gene-gene,0.220467624,PRKAB2,STRADB
1516,1519,gene-gene,0.265682054,PRKACA,PRKAG1
1516,1520,gene-gene,0.226226962,PRKACA,PRKAG2
1516,1631,gene-gene,0.323339824,PRKACA,RELA
1516,1643,gene-gene,0.274007994,PRKACA,RHOA
1517,1519,gene-gene,0.21585124,PRKACB,PRKAG1
1517,1520,gene-gene,0.2600593978,PRKACB,PRKAG2
1517,1521,gene-gene,0.2601664979999999,PRKACB,PRKAG3
1517,1631,gene-gene,0.43001933,PRKACB,RELA
1517,1643,gene-gene,0.276986552,PRKACB,RHOA
1518,1520,gene-gene,0.258831908,PRKACG,PRKAG2
1518,1631,gene-gene,0.237427004,PRKACG,RELA
1518,1643,gene-gene,0.2127179,PRKACG,RHOA
1519,1670,gene-gene,0.350685688,PRKAG1,RPTOR
1519,1796,gene-gene,0.247572972,PRKAG1,SPHK1
1519,1813,gene-gene,0.2450728188,PRKAG1,STAT3
1519,1826,gene-gene,0.2440061899999999,PRKAG1,STRADB
1520,1670,gene-gene,0.372923798,PRKAG2,RPTOR
1520,1757,gene-gene,0.262866708,PRKAG2,SLC2A4
1520,1943,gene-gene,0.225972807,PRKAG2,TSC2
1520,1813,gene-gene,0.402739856,PRKAG2,STAT3
1520,1821,gene-gene,0.2378764352599999,PRKAG2,STK11
1521,1670,gene-gene,0.30430028,PRKAG3,RPTOR
1521,1757,gene-gene,0.26746805534,PRKAG3,SLC2A4
1521,1813,gene-gene,0.3658205972,PRKAG3,STAT3
1521,1821,gene-gene,0.232625949,PRKAG3,STK11
1526,1535,gene-gene,0.2376355419999999,PRKCA,PRKD2
1526,1558,gene-gene,0.211336659,PRKCA,PTK2B
1526,1674,gene-gene,0.2575375219999999,PRKCA,RRAS
1526,1675,gene-gene,0.2224902558,PRKCA,RRAS2
1526,1764,gene-gene,0.220177932,PRKCA,SLC9A1
1526,1796,gene-gene,0.2178986319999999,PRKCA,SPHK1
1526,1801,gene-gene,0.559903426,PRKCA,SRC
1527,1558,gene-gene,0.305108912,PRKCB,PTK2B
1527,1586,gene-gene,0.308557128,PRKCB,RAF1
1527,1674,gene-gene,0.231765524,PRKCB,RRAS
1527,1797,gene-gene,0.248748436,PRKCB,SPHK2
1527,1801,gene-gene,0.4728876299999999,PRKCB,SRC
1528,1801,gene-gene,0.423985198,PRKCD,SRC
1530,1536,gene-gene,0.200115086,PRKCG,PRKD3
1530,1586,gene-gene,0.303273062,PRKCG,RAF1
1530,1797,gene-gene,0.2077441514,PRKCG,SPHK2
1531,1533,gene-gene,0.357278644,PRKCI,PRKCZ
1531,1583,gene-gene,0.2422757628,PRKCI,RAC1
1533,1585,gene-gene,0.233921054,PRKCZ,RAC3
1540,1951,gene-gene,0.265047688,PRLR,TYK2
1540,1811,gene-gene,0.272141411,PRLR,STAT1
1540,1813,gene-gene,0.28646579,PRLR,STAT3
1540,1815,gene-gene,0.2444684667999999,PRLR,STAT5A
1540,1816,gene-gene,0.5538583260000001,PRLR,STAT5B
1551,1922,gene-gene,0.250293978,PTEN,TP53
1556,1631,gene-gene,0.70694899,PTGS2,RELA
1556,2017,drug-gene,1.0,PTGS2,Celecoxib
1556,2024,drug-gene,1.0,PTGS2,Lenalidomide
1556,2032,drug-gene,1.0,PTGS2,Thalidomide
1557,1558,gene-gene,0.200803986,PTK2,PTK2B
1557,1801,gene-gene,0.57388797,PTK2,SRC
1558,1643,gene-gene,0.3904525279999999,PTK2B,RHOA
1558,1801,gene-gene,0.345133818,PTK2B,SRC
1560,1951,gene-gene,0.223759996,PTPN11,TYK2
1561,1811,gene-gene,0.2796231571999999,PTPN2,STAT1
1561,1814,gene-gene,0.3077887654,PTPN2,STAT4
1561,1816,gene-gene,0.44357539,PTPN2,STAT5B
1561,1817,gene-gene,0.2236467059999999,PTPN2,STAT6
1563,2011,gene-gene,0.20317342,PTPN6,ZAP70
1566,1732,gene-gene,0.2036781047999999,PTPRF,SHC1
1583,1643,gene-gene,0.249481238,RAC1,RHOA
1586,1631,gene-gene,0.2507920292,RAF1,RELA
1586,1801,gene-gene,0.448254108,RAF1,SRC
1593,1801,gene-gene,0.49722546,RAP1A,SRC
1594,1801,gene-gene,0.300521704,RAP1B,SRC
1602,2033,drug-gene,1.0,RARA,Tretinoin
1624,1890,gene-gene,0.256385892,RBPJ,TLE1
1624,1891,gene-gene,0.209818338,RBPJ,TLE2
1624,1893,gene-gene,0.308977196,RBPJ,TLE4
1624,1894,gene-gene,0.300563244,RBPJ,TLE6
1625,1778,gene-gene,0.2311251127999999,RBPJL,SNW1
1625,1890,gene-gene,0.470619878,RBPJL,TLE1
1625,1891,gene-gene,0.31586429,RBPJL,TLE2
1625,1892,gene-gene,0.35217941,RBPJL,TLE3
1625,1893,gene-gene,0.356311422,RBPJL,TLE4
1631,1694,gene-gene,0.260607141,RELA,S100A7
1631,1695,gene-gene,0.4186960940000001,RELA,S100A7A
1631,1697,gene-gene,0.2194637988,RELA,S100A9
1631,1710,gene-gene,0.2321570191999999,RELA,SELE
1631,1713,gene-gene,0.312812808,RELA,SERPINE1
1631,1781,gene-gene,0.2314853493999999,RELA,SOCS3
1631,1876,gene-gene,0.307148524,RELA,THBD
1631,1905,gene-gene,0.48642759,RELA,TNF
1631,1930,gene-gene,0.29313298,RELA,TRAF2
1631,1964,gene-gene,0.3094269619999999,RELA,VCAM1
1631,1970,gene-gene,0.237285017,RELA,VEGFC
1631,1900,gene-gene,0.4276059519999999,RELA,TLR4
1631,1909,gene-gene,0.335659286,RELA,TNFRSF11A
1631,1935,gene-gene,0.3728255066,RELA,TRAF6
1634,1968,gene-gene,0.28092103,RET,VEGFA
1634,1969,gene-gene,0.339743706,RET,VEGFB
1634,1970,gene-gene,0.4030981839999999,RET,VEGFC
1642,1670,gene-gene,0.403724033,RHEB,RPTOR
1643,1658,gene-gene,0.25430679,RHOA,ROCK1
1643,1659,gene-gene,0.347561606,RHOA,ROCK2
1646,1674,gene-gene,0.2744831578,RIN1,RRAS
1647,1930,gene-gene,0.20491003722,RIPK1,TRAF2
1663,1669,gene-gene,0.224259992,RPS6,RPS6KB2
1668,1670,gene-gene,0.3784714632,RPS6KB1,RPTOR
1669,1670,gene-gene,0.378052464,RPS6KB2,RPTOR
1670,1954,gene-gene,0.34578736,RPTOR,ULK1
1671,1672,gene-gene,0.247302912,RRAGA,RRAGC
1671,1673,gene-gene,0.319699254,RRAGA,RRAGD
1672,1673,gene-gene,0.294078932,RRAGC,RRAGD
1676,1922,gene-gene,0.678101212,RRM2,TP53
1676,2018,drug-gene,1.0,RRM2,Cladribine
1677,1922,gene-gene,0.662441344,RRM2B,TP53
1677,2018,drug-gene,1.0,RRM2B,Cladribine
1687,1688,gene-gene,0.79198569,RXRA,RXRB
1687,1689,gene-gene,0.77632097,RXRA,RXRG
1687,1704,gene-gene,0.4307690899999999,RXRA,SCD
1687,1705,gene-gene,0.409062862,RXRA,SCD5
1687,1706,gene-gene,0.627094552,RXRA,SCP2
1687,1753,gene-gene,0.4739841079999999,RXRA,SLC27A1
1687,1754,gene-gene,0.527903944,RXRA,SLC27A4
1687,1787,gene-gene,0.438551966,RXRA,SORBS1
1687,1883,gene-gene,0.49025204,RXRA,THRA
1687,1884,gene-gene,0.9090349,RXRA,THRB
1687,1952,gene-gene,0.607363522,RXRA,UBC
1687,1953,gene-gene,0.537937536,RXRA,UCP1
1687,1743,gene-gene,0.50715462,RXRA,SIN3A
1687,2033,drug-gene,1.0,RXRA,Tretinoin
1688,1689,gene-gene,0.78759048,RXRB,RXRG
1688,1704,gene-gene,0.476720536,RXRB,SCD
1688,1705,gene-gene,0.5751050259999999,RXRB,SCD5
1688,1706,gene-gene,0.530275544,RXRB,SCP2
1688,1753,gene-gene,0.561008706,RXRB,SLC27A1
1688,1754,gene-gene,0.540458114,RXRB,SLC27A4
1688,1787,gene-gene,0.412338606,RXRB,SORBS1
1688,1883,gene-gene,0.521098984,RXRB,THRA
1688,1884,gene-gene,0.4558035612,RXRB,THRB
1688,1952,gene-gene,0.59024447,RXRB,UBC
1688,1953,gene-gene,0.56766484,RXRB,UCP1
1688,1743,gene-gene,0.6964574880000001,RXRB,SIN3A
1688,2033,drug-gene,1.0,RXRB,Tretinoin
1689,1704,gene-gene,0.60339368,RXRG,SCD
1689,1705,gene-gene,0.435973292,RXRG,SCD5
1689,1706,gene-gene,0.5218242799999999,RXRG,SCP2
1689,1753,gene-gene,0.578267026,RXRG,SLC27A1
1689,1754,gene-gene,0.54559888,RXRG,SLC27A4
1689,1787,gene-gene,0.532221114,RXRG,SORBS1
1689,1883,gene-gene,0.58668375,RXRG,THRA
1689,1884,gene-gene,0.7452859760000001,RXRG,THRB
1689,1952,gene-gene,0.550071214,RXRG,UBC
1689,1953,gene-gene,0.616501862,RXRG,UCP1
1689,1743,gene-gene,0.602871036,RXRG,SIN3A
1689,2033,drug-gene,1.0,RXRG,Tretinoin
1713,1766,gene-gene,0.229883126,SERPINE1,SMAD2
1713,1767,gene-gene,0.2034649167999999,SERPINE1,SMAD3
1713,1922,gene-gene,0.20229333,SERPINE1,TP53
1732,1789,gene-gene,0.2439950346,SHC1,SOS1
1732,1801,gene-gene,0.744362562,SHC1,SRC
1732,1860,gene-gene,0.342160283,SHC1,TEK
1733,1790,gene-gene,0.227551353,SHC2,SOS2
1733,1801,gene-gene,0.7181008720000001,SHC2,SRC
1733,1860,gene-gene,0.245258396,SHC2,TEK
1734,1790,gene-gene,0.277514141,SHC3,SOS2
1734,1801,gene-gene,0.416556864,SHC3,SRC
1734,1860,gene-gene,0.258238188,SHC3,TEK
1735,1789,gene-gene,0.364460327,SHC4,SOS1
1735,1801,gene-gene,0.396592768,SHC4,SRC
1735,1860,gene-gene,0.2555982394,SHC4,TEK
1737,1922,gene-gene,0.2163564255999999,SHISA5,TP53
1739,1922,gene-gene,0.339635394,SIAH1,TP53
1743,1883,gene-gene,0.437126312,SIN3A,THRA
1743,1884,gene-gene,0.305760672,SIN3A,THRB
1747,1922,gene-gene,0.383072454,SIVA1,TP53
1756,1811,gene-gene,0.514582568,SLC2A2,STAT1
1756,1813,gene-gene,0.681033828,SLC2A2,STAT3
1756,1815,gene-gene,0.483121378,SLC2A2,STAT5A
1756,1816,gene-gene,0.709453022,SLC2A2,STAT5B
1756,2031,drug-gene,1.0,SLC2A2,Streptozocin
1766,1771,gene-gene,0.25292921,SMAD2,SMAD7
1767,1770,gene-gene,0.2116648034,SMAD3,SMAD6
1767,1771,gene-gene,0.2026008848,SMAD3,SMAD7
1769,1771,gene-gene,0.2235459065999999,SMAD5,SMAD7
1770,1905,gene-gene,0.573353178,SMAD6,TNF
1771,1905,gene-gene,0.544367056,SMAD7,TNF
1779,1815,gene-gene,0.2460133899999999,SOCS1,STAT5A
1779,1816,gene-gene,0.628275256,SOCS1,STAT5B
1779,1811,gene-gene,0.291786614,SOCS1,STAT1
1779,1813,gene-gene,0.2082173728,SOCS1,STAT3
1779,1814,gene-gene,0.2670274472,SOCS1,STAT4
1780,1813,gene-gene,0.270472974,SOCS2,STAT3
1780,1815,gene-gene,0.236653044,SOCS2,STAT5A
1780,1816,gene-gene,0.502379166,SOCS2,STAT5B
1780,1811,gene-gene,0.204329925,SOCS2,STAT1
1780,1812,gene-gene,0.318037626,SOCS2,STAT2
1780,1814,gene-gene,0.30843322,SOCS2,STAT4
1780,1817,gene-gene,0.303245376,SOCS2,STAT6
1781,1811,gene-gene,0.2927293594,SOCS3,STAT1
1781,1813,gene-gene,0.283463286,SOCS3,STAT3
1781,1815,gene-gene,0.2512096608,SOCS3,STAT5A
1781,1816,gene-gene,0.562301112,SOCS3,STAT5B
1781,1951,gene-gene,0.2268294671999999,SOCS3,TYK2
1781,1814,gene-gene,0.271007778,SOCS3,STAT4
1781,1817,gene-gene,0.265521584,SOCS3,STAT6
1782,1811,gene-gene,0.2877964528,SOCS4,STAT1
1782,1815,gene-gene,0.3402650132,SOCS4,STAT5A
1782,1816,gene-gene,0.565527338,SOCS4,STAT5B
1782,1812,gene-gene,0.201759155,SOCS4,STAT2
1782,1813,gene-gene,0.346183164,SOCS4,STAT3
1783,1811,gene-gene,0.3487881439999999,SOCS5,STAT1
1783,1813,gene-gene,0.254194928,SOCS5,STAT3
1783,1815,gene-gene,0.24312846,SOCS5,STAT5A
1783,1816,gene-gene,0.572786138,SOCS5,STAT5B
1783,1812,gene-gene,0.2509274048,SOCS5,STAT2
1783,1814,gene-gene,0.342226194,SOCS5,STAT4
1783,1817,gene-gene,0.331447254,SOCS5,STAT6
1784,1811,gene-gene,0.348761592,SOCS6,STAT1
1784,1813,gene-gene,0.2558466494,SOCS6,STAT3
1784,1815,gene-gene,0.315788156,SOCS6,STAT5A
1784,1816,gene-gene,0.354190872,SOCS6,STAT5B
1784,1812,gene-gene,0.308230274,SOCS6,STAT2
1784,1814,gene-gene,0.316032162,SOCS6,STAT4
1785,1811,gene-gene,0.227101766,SOCS7,STAT1
1785,1813,gene-gene,0.267659446,SOCS7,STAT3
1785,1815,gene-gene,0.370048828,SOCS7,STAT5A
1785,1816,gene-gene,0.4641007199999999,SOCS7,STAT5B
1785,1951,gene-gene,0.2156246969999999,SOCS7,TYK2
1785,1812,gene-gene,0.3410638609999999,SOCS7,STAT2
1785,1814,gene-gene,0.255765268,SOCS7,STAT4
1797,1930,gene-gene,0.33122832,SPHK2,TRAF2
1801,2019,drug-gene,1.0,SRC,Dasatinib
1804,1930,gene-gene,0.2550716474,SRSF1,TRAF2
1811,1812,gene-gene,0.287486886,STAT1,STAT2
1811,1813,gene-gene,0.472357806,STAT1,STAT3
1811,1814,gene-gene,0.39994067,STAT1,STAT4
1811,1815,gene-gene,0.409889952,STAT1,STAT5A
1811,1816,gene-gene,0.5116694159999999,STAT1,STAT5B
1811,1817,gene-gene,0.324484403,STAT1,STAT6
1811,1914,gene-gene,0.31753925,STAT1,TNFSF11
1811,1951,gene-gene,0.31723436,STAT1,TYK2
1812,1813,gene-gene,0.303660078,STAT2,STAT3
1812,1814,gene-gene,0.3261655559999999,STAT2,STAT4
1812,1815,gene-gene,0.339886854,STAT2,STAT5A
1812,1816,gene-gene,0.61543051,STAT2,STAT5B
1812,1817,gene-gene,0.435674138,STAT2,STAT6
1812,1951,gene-gene,0.282136264,STAT2,TYK2
1813,1814,gene-gene,0.355877504,STAT3,STAT4
1813,1815,gene-gene,0.427262254,STAT3,STAT5A
1813,1816,gene-gene,0.479156774,STAT3,STAT5B
1813,1817,gene-gene,0.402054996,STAT3,STAT6
1813,1914,gene-gene,0.57842996,STAT3,TNFSF11
1813,1951,gene-gene,0.36236191,STAT3,TYK2
1814,1815,gene-gene,0.38201728,STAT4,STAT5A
1814,1816,gene-gene,0.358518792,STAT4,STAT5B
1814,1817,gene-gene,0.358129306,STAT4,STAT6
1814,1951,gene-gene,0.2165317,STAT4,TYK2
1815,1816,gene-gene,0.455079936,STAT5A,STAT5B
1815,1817,gene-gene,0.270067222,STAT5A,STAT6
1815,1875,gene-gene,0.276727536,STAT5A,TH
1815,1914,gene-gene,0.380165196,STAT5A,TNFSF11
1815,1951,gene-gene,0.366274716,STAT5A,TYK2
1816,1817,gene-gene,0.66428796,STAT5B,STAT6
1816,1875,gene-gene,0.39902029,STAT5B,TH
1816,1914,gene-gene,0.485037814,STAT5B,TNFSF11
1816,1951,gene-gene,0.38011373,STAT5B,TYK2
1816,2019,drug-gene,1.0,STAT5B,Dasatinib
1817,1951,gene-gene,0.300246851,STAT6,TYK2
1818,1922,gene-gene,0.320305486,STEAP3,TP53
1850,1893,gene-gene,0.264776995,TCF7,TLE4
1851,1892,gene-gene,0.216009778946,TCF7L1,TLE3
1852,1894,gene-gene,0.246596294,TCF7L2,TLE6
1860,1867,gene-gene,0.217169911,TEK,TGFA
1860,1968,gene-gene,0.228610568,TEK,VEGFA
1860,1970,gene-gene,0.2562946312,TEK,VEGFC
1861,1947,gene-gene,0.2259951673999999,TELO2,TTI1
1883,1884,gene-gene,0.496987322,THRA,THRB
1883,1988,gene-gene,0.213981338,THRA,WNT4
1890,1891,gene-gene,0.2621548134,TLE1,TLE2
1890,1892,gene-gene,0.227025903,TLE1,TLE3
1890,1893,gene-gene,0.28286453,TLE1,TLE4
1890,1894,gene-gene,0.244869967,TLE1,TLE6
1891,1892,gene-gene,0.2514877692,TLE2,TLE3
1891,1893,gene-gene,0.316809804,TLE2,TLE4
1891,1894,gene-gene,0.329608612,TLE2,TLE6
1892,1893,gene-gene,0.423563372,TLE3,TLE4
1892,1894,gene-gene,0.26049489,TLE3,TLE6
1893,1894,gene-gene,0.251921956,TLE4,TLE6
1905,1911,gene-gene,0.534291568,TNF,TNFRSF1A
1905,1912,gene-gene,0.609956082,TNF,TNFRSF1B
1905,2032,drug-gene,1.0,TNF,Thalidomide
1909,1930,gene-gene,0.3168536,TNFRSF11A,TRAF2
1909,1935,gene-gene,0.264523488,TNFRSF11A,TRAF6
1909,1914,gene-gene,0.3118035531999999,TNFRSF11A,TNFSF11
1912,1930,gene-gene,0.3022074168,TNFRSF1B,TRAF2
1914,2024,drug-gene,1.0,TNFSF11,Lenalidomide
1922,1926,gene-gene,0.251494062,TP53,TP53I3
1928,1930,gene-gene,0.2599307608,TRADD,TRAF2
1930,1935,gene-gene,0.269422032,TRAF2,TRAF6
1930,1932,gene-gene,0.247965246,TRAF2,TRAF3IP2
1930,1956,gene-gene,0.2560313836,TRAF2,USP25
1932,1935,gene-gene,0.2273892516,TRAF3IP2,TRAF6
